season,week,date,season_type,team,opponent,site,conf_game,team_pts,opp_pts,actual_margin,open_spread,close_spread,provider,cover_margin,post_wp,pre_elo,opp_pre_elo,turnovers,opp_turnovers,to_margin,excitement
2021,1,2021-09-04,regular,Alabama,Miami,N,N,44,13,31,,-19.5,consensus,11.5,0.969374556094408,2099,1607,1,3,2,2.396895593342712
2021,2,2021-09-11,regular,Alabama,Mercer,H,N,48,14,34,-54.0,-54.0,Bovada,-20.0,0.9575651288032532,,,0,2,2,2.622960419944605
2021,3,2021-09-18,regular,Alabama,Florida,A,Y,31,29,2,,-14.0,consensus,-12.0,0.49652862548828125,2121,1727,0,1,1,6.102875966958864
2021,4,2021-09-25,regular,Alabama,Southern Miss,H,N,63,14,49,,-45.0,consensus,4.0,0.9960084557533264,2104,1278,1,1,0,1.80722172163553
2021,5,2021-10-02,regular,Alabama,Ole Miss,H,Y,42,21,21,,-15.0,consensus,6.0,0.9938032031059265,2145,1739,1,1,0,2.0907173927255798
2021,6,2021-10-10,regular,Alabama,Texas A&M,A,Y,38,41,-3,,-18.5,consensus,-21.5,0.07150107622146606,2155,1755,2,1,-1,6.625810617467178
2021,7,2021-10-16,regular,Alabama,Mississippi State,A,Y,49,9,40,,-17.5,consensus,22.5,0.9843373373150826,2148,1568,0,3,3,3.221373374683194
2021,8,2021-10-23,regular,Alabama,Tennessee,H,Y,52,24,28,,-25.5,consensus,2.5,0.9860982298851013,2192,1636,1,1,0,4.951091949416542
2021,10,2021-11-06,regular,Alabama,LSU,H,Y,20,14,6,,-29.0,consensus,-23.0,0.9829197525978088,2205,1624,1,2,1,5.830416676426499
2021,11,2021-11-13,regular,Alabama,New Mexico State,H,N,59,3,56,,-50.5,consensus,5.5,0.9917270541191101,2187,1081,1,1,0,2.2620826111879104
2021,12,2021-11-20,regular,Alabama,Arkansas,H,Y,42,35,7,,-20.5,consensus,-13.5,0.8818047046661377,2216,1601,1,1,0,5.094136219940495
2021,13,2021-11-27,regular,Alabama,Auburn,A,Y,24,22,2,,-20.5,consensus,-18.5,0.2722248435020447,2195,1680,1,1,0,8.647222018154936
2021,14,2021-12-04,regular,Alabama,Georgia,N,Y,41,24,17,,6.5,consensus,23.5,0.9886289238929749,2173,2190,0,2,2,4.56320839487174
2021,1,2021-12-31,postseason,Alabama,Cincinnati,N,N,27,6,21,,-13.0,consensus,8.0,1,2220,1985,1,0,-1,2.2551212097819358
2021,1,2022-01-11,postseason,Alabama,Georgia,N,N,18,33,-15,,3.0,consensus,-12.0,0.029132340103387833,2253,2186,2,1,-1,5.655951608758566
2021,1,2021-09-04,regular,Arkansas,Rice,H,N,38,17,21,,-19.5,consensus,1.5,0.9906022601032428,1417,1447,1,3,2,2.100219017
2021,2,2021-09-11,regular,Arkansas,Texas,H,N,40,21,19,,6.0,consensus,25.0,0.9894846081733704,1470,1801,1,1,0,2.628875431193062
2021,3,2021-09-18,regular,Arkansas,Georgia Southern,H,N,45,10,35,,-23.0,consensus,12.0,0.9671581387519836,1550,1470,0,0,0,2.232235261037365
2021,4,2021-09-25,regular,Arkansas,Texas A&M,N,Y,20,10,10,,4.5,consensus,14.5,0.959143340587616,1638,1817,0,1,1,2.919541597512384
2021,5,2021-10-02,regular,Arkansas,Georgia,A,Y,0,37,-37,,16.5,consensus,-20.5,0.0032018211539064367,1677,2033,0,0,0,1.4536321771
2021,6,2021-10-09,regular,Arkansas,Ole Miss,A,Y,51,52,-1,,5.0,consensus,4.0,0.2677045464515686,1617,1729,2,0,-2,9.38448686455236
2021,7,2021-10-16,regular,Arkansas,Auburn,H,Y,23,38,-15,,-4.5,consensus,-19.5,0.03941720351576805,1620,1702,1,1,0,5.839296354788078
2021,8,2021-10-23,regular,Arkansas,Arkansas-Pine Bluff,H,N,45,3,42,,-50.5,consensus,-8.5,0.9905608296394348,1487,,2,2,0,2.489755291797159
2021,10,2021-11-06,regular,Arkansas,Mississippi State,H,Y,31,28,3,,-4.0,consensus,-1.0,0.8752366900444031,1593,1619,0,1,1,6.651133609738058
2021,11,2021-11-14,regular,Arkansas,LSU,A,Y,16,13,3,,-3.0,consensus,0.0,0.6190516650676727,1594,1642,0,3,3,5.319897263245899
2021,12,2021-11-20,regular,Arkansas,Alabama,A,Y,35,42,-7,,20.5,consensus,13.5,0.1181952953338623,1601,2216,1,1,0,5.094136219940495
2021,13,2021-11-26,regular,Arkansas,Missouri,H,Y,34,17,17,,-14.5,consensus,2.5,0.9946281313896179,1622,1366,1,1,0,4.689839772034318
2021,1,2022-01-01,postseason,Arkansas,Penn State,N,N,24,10,14,,-3.5,consensus,10.5,1,1636,1808,2,2,0,4.692214862320558
2021,1,2021-09-04,regular,Auburn,Akron,H,N,60,10,50,,-37.0,consensus,13.0,0.9946691989898682,1665,1103,0,0,0,2.2321424313819764
2021,2,2021-09-11,regular,Auburn,Alabama State,H,N,62,0,62,,-49.5,consensus,12.5,0.9839659929275513,,,1,2,1,2.27978355171505
2021,3,2021-09-18,regular,Auburn,Penn State,A,N,20,28,-8,,4.0,consensus,-4.0,0.27198147773742676,1740,1753,1,1,0,5.11116768724217
2021,4,2021-09-25,regular,Auburn,Georgia State,H,N,34,24,10,,-27.5,consensus,-17.5,0.7453088760375977,1729,1288,1,1,0,6.926616906176043
2021,5,2021-10-03,regular,Auburn,LSU,A,Y,24,19,5,,3.0,consensus,8.0,0.8416578471660614,1717,1689,0,1,1,5.099539100226461
2021,6,2021-10-09,regular,Auburn,Georgia,H,Y,10,34,-24,,14.5,consensus,-9.5,0.0001408485695719719,1724,2093,1,0,-1,3.3961879033624545
2021,7,2021-10-16,regular,Auburn,Arkansas,A,Y,38,23,15,,4.5,consensus,19.5,0.960582796484232,1702,1620,1,1,0,5.839296354788078
2021,9,2021-10-30,regular,Auburn,Ole Miss,H,Y,31,20,11,,-3.0,consensus,8.0,0.9924926161766052,1729,1750,2,1,-1,3.2216504597970808
2021,10,2021-11-06,regular,Auburn,Texas A&M,A,Y,3,20,-17,,4.5,consensus,-12.5,0.11850464344024658,1750,1809,2,1,-1,3.8012772582251753
2021,11,2021-11-13,regular,Auburn,Mississippi State,H,Y,34,43,-9,,-5.5,consensus,-14.5,0.11253149062395096,1718,1618,1,0,-1,5.631625340338542
2021,12,2021-11-21,regular,Auburn,South Carolina,A,Y,17,21,-4,,-7.0,consensus,-11.0,0.07256311178207397,1691,1430,1,1,0,4.917832033044904
2021,13,2021-11-27,regular,Auburn,Alabama,H,Y,22,24,-2,,20.5,consensus,18.5,0.7277751564979553,1680,2195,1,1,0,8.647222018154936
2021,1,2021-12-28,postseason,Auburn,Houston,N,N,13,17,-4,,1.5,consensus,-2.5,0.4131406545639038,1702,1677,0,2,2,5.6308011489714325
2021,1,2021-09-04,regular,Florida,Florida Atlantic,H,N,35,14,21,,-23.5,consensus,-2.5,0.9720608592033386,1700,1505,2,2,0,2.6972401662320946
2021,2,2021-09-11,regular,Florida,South Florida,A,N,42,20,22,,-28.5,consensus,-6.5,0.9405779354274273,1730,1146,2,1,-1,3.3324836784110783
2021,3,2021-09-18,regular,Florida,Alabama,H,Y,29,31,-2,,14.0,consensus,12.0,0.5034713745117188,1727,2121,1,0,-1,6.102875966958864
2021,4,2021-09-25,regular,Florida,Tennessee,H,Y,38,14,24,,-19.0,consensus,5.0,1,1744,1517,1,0,-1,4.499267607749175
2021,5,2021-10-02,regular,Florida,Kentucky,A,Y,13,20,-7,,-7.5,consensus,-14.5,0.5979408621788025,1779,1593,1,1,0,4.759949970862686
2021,6,2021-10-09,regular,Florida,Vanderbilt,H,Y,42,0,42,,-39.0,consensus,3.0,0.9889724850654602,1758,1126,2,2,0,2.336610577658037
2021,7,2021-10-16,regular,Florida,LSU,A,Y,42,49,-7,,-12.5,consensus,-19.5,0.004220485687255859,1801,1625,4,0,-4,6.264043771350922
2021,9,2021-10-30,regular,Florida,Georgia,N,Y,7,34,-27,,14.0,consensus,-13.0,0.02079680934548378,1781,2114,3,3,0,3.3181287975105316
2021,10,2021-11-06,regular,Florida,South Carolina,A,Y,17,40,-23,,-20.5,consensus,-43.5,0,1753,1321,2,0,-2,3.5025018020354612
2021,11,2021-11-13,regular,Florida,Samford,H,N,70,52,18,,-36.0,consensus,-18.0,0.9818193316459656,1775,1066,0,1,1,7.155585712983897
2021,12,2021-11-20,regular,Florida,Missouri,A,Y,23,24,-1,,-9.0,consensus,-10.0,0.7552486863526452,1642,1358,0,0,0,7.7351866518
2021,13,2021-11-27,regular,Florida,Florida State,H,N,24,21,3,,-4.0,consensus,-1.0,0.9394040107727051,1634,1501,3,3,0,5.2200172469338515
2021,1,2021-12-24,postseason,Florida,UCF,N,N,17,29,-12,,-7.0,consensus,-19.0,0,1633,1580,0,0,0,7.2166719839787685
2021,1,2021-09-04,regular,Georgia,Clemson,N,N,10,3,7,,2.5,consensus,9.5,0.8245929330587387,1800,1942,2,1,-1,4.485090584945466
2021,2,2021-09-11,regular,Georgia,UAB,H,N,56,7,49,,-22.5,consensus,26.5,0.999957263469696,1818,1521,1,3,2,1.7971079683311575
2021,3,2021-09-18,regular,Georgia,South Carolina,H,Y,40,13,27,,-31.5,consensus,-4.5,0.981583297252655,1925,1395,3,2,-1,2.6187482976688363
2021,4,2021-09-25,regular,Georgia,Vanderbilt,A,Y,62,0,62,,-36.0,consensus,26.0,0.9950969587080181,1938,1222,1,3,2,2.5633720992295324
2021,5,2021-10-02,regular,Georgia,Arkansas,H,Y,37,0,37,,-16.5,consensus,20.5,0.9967981788460936,2033,1677,0,0,0,1.4536321771
2021,6,2021-10-09,regular,Georgia,Auburn,A,Y,34,10,24,,-14.5,consensus,9.5,0.999859151430428,2093,1724,0,1,1,3.3961879033624545
2021,7,2021-10-16,regular,Georgia,Kentucky,H,Y,30,13,17,,-21.5,consensus,-4.5,0.9986784656131316,2115,1671,0,0,0,2.0607480725
2021,9,2021-10-30,regular,Georgia,Florida,N,Y,34,7,27,,-14.0,consensus,13.0,0.9792031906545162,2114,1781,3,3,0,3.3181287975105316
2021,10,2021-11-06,regular,Georgia,Missouri,H,Y,43,6,37,,-40.0,consensus,-3.0,0.9974786043167114,2142,1371,1,0,-1,3.0367589685872765
2021,11,2021-11-13,regular,Georgia,Tennessee,A,Y,41,17,24,,-19.5,consensus,4.5,0.9802548140287399,2157,1628,0,2,2,3.9231246965805364
2021,12,2021-11-20,regular,Georgia,Charleston Southern,H,N,56,7,49,,-52.5,consensus,-3.5,0.9935417771339417,2415,,3,1,-2,2.913674109303816
2021,13,2021-11-27,regular,Georgia,Georgia Tech,A,N,45,0,45,,-35.5,consensus,9.5,0.9962083993013948,2164,1296,0,0,0,1.8159141100053116
2021,14,2021-12-04,regular,Georgia,Alabama,N,Y,24,41,-17,,-6.5,consensus,-23.5,0.011371076107025146,2190,2173,2,0,-2,4.56320839487174
2021,1,2022-01-01,postseason,Georgia,Michigan,N,N,34,11,23,,-7.5,consensus,15.5,0.9804182574152946,2143,2065,0,3,3,3.1523347549410325
2021,1,2022-01-11,postseason,Georgia,Alabama,N,N,33,18,15,,-3.0,consensus,12.0,0.9708676598966122,2186,2253,1,2,1,5.655951608758566
2021,1,2021-09-04,regular,Kentucky,UL Monroe,H,N,45,10,35,,-31.0,consensus,4.0,0.9882475733757019,1550,1101,3,0,-3,3.0198836771605118
2021,2,2021-09-11,regular,Kentucky,Missouri,H,Y,35,28,7,,-5.5,consensus,1.5,0.8419424891471863,1593,1515,2,1,-1,4.319444483313481
2021,3,2021-09-18,regular,Kentucky,Chattanooga,H,N,28,23,5,,-33.5,consensus,-28.5,0.28788191080093384,,,3,1,-2,5.99135619653702
2021,4,2021-09-25,regular,Kentucky,South Carolina,A,Y,16,10,6,,-4.5,consensus,1.5,0.8138384222984314,1598,1382,3,0,-3,4.949914017775569
2021,5,2021-10-02,regular,Kentucky,Florida,H,Y,20,13,7,,7.5,consensus,14.5,0.4020591378211975,1593,1779,1,1,0,4.759949970862686
2021,6,2021-10-09,regular,Kentucky,LSU,H,Y,42,21,21,,-2.0,consensus,19.0,0.3756642938710676,1614,1682,0,1,1,3.1627484081
2021,7,2021-10-16,regular,Kentucky,Georgia,A,Y,13,30,-17,,21.5,consensus,4.5,0.0013215343868684393,1671,2115,0,0,0,2.0607480725
2021,9,2021-10-30,regular,Kentucky,Mississippi State,A,Y,17,31,-14,,1.0,consensus,-13.0,0.017230868339538574,1672,1583,4,0,-4,3.6110927794787058
2021,10,2021-11-06,regular,Kentucky,Tennessee,H,Y,42,45,-3,,1.0,consensus,-2.0,0.09850450605154037,1636,1623,1,1,0,9.512597635947527
2021,11,2021-11-14,regular,Kentucky,Vanderbilt,A,Y,34,17,17,,-21.5,consensus,-4.5,1,1631,1041,1,1,0,2.8291977662461982
2021,12,2021-11-20,regular,Kentucky,New Mexico State,H,N,56,16,40,,-35.5,consensus,4.5,0.9931016564369202,1617,1052,4,2,-2,3.4265327153634266
2021,13,2021-11-28,regular,Kentucky,Louisville,A,N,52,21,31,,3.0,consensus,34.0,1,1662,1688,0,1,1,3.13409814166477
2021,1,2022-01-01,postseason,Kentucky,Iowa,N,N,20,17,3,,-3.0,consensus,0.0,0.8202599287033081,1753,1690,1,3,2,4.89954631166161
2021,1,2021-09-05,regular,LSU,UCLA,A,N,27,38,-11,,-2.0,consensus,-13.0,0.05224043130874634,1671,1605,1,1,0,4.972530823711199
2021,2,2021-09-12,regular,LSU,McNeese,H,N,34,7,27,,-39.0,consensus,-12.0,0.9771784543991089,,,0,1,1,2.591354377863734
2021,3,2021-09-18,regular,LSU,Central Michigan,H,N,49,21,28,,-19.5,consensus,8.5,0.9678676724433899,1646,1426,1,2,1,2.1119531041865236
2021,4,2021-09-25,regular,LSU,Mississippi State,A,Y,28,25,3,,-1.5,consensus,1.5,0.7744837254285812,1694,1540,1,2,1,5.2759389582217775
2021,5,2021-10-03,regular,LSU,Auburn,H,Y,19,24,-5,,-3.0,consensus,-8.0,0.1583421528339386,1689,1717,1,0,-1,5.099539100226461
2021,6,2021-10-09,regular,LSU,Kentucky,A,Y,21,42,-21,,2.0,consensus,-19.0,0.6243357061289324,1682,1614,1,0,-1,3.1627484081
2021,7,2021-10-16,regular,LSU,Florida,H,Y,49,42,7,,12.5,consensus,19.5,0.9957795143127441,1625,1801,0,4,4,6.264043771350922
2021,8,2021-10-23,regular,LSU,Ole Miss,A,Y,17,31,-14,,9.0,consensus,-5.0,0.01231837272644043,1645,1729,3,1,-2,3.9313413706832354
2021,10,2021-11-06,regular,LSU,Alabama,A,Y,14,20,-6,,29.0,consensus,23.0,0.017080247402191162,1624,2205,2,1,-1,5.830416676426499
2021,11,2021-11-14,regular,LSU,Arkansas,H,Y,13,16,-3,,3.0,consensus,0.0,0.38094833493232727,1642,1594,3,0,-3,5.319897263245899
2021,12,2021-11-21,regular,LSU,UL Monroe,H,N,27,14,13,,-29.0,consensus,-16.0,0.7580521702766418,1635,1018,1,1,0,2.710105544654645
2021,13,2021-11-28,regular,LSU,Texas A&M,H,Y,27,24,3,,6.5,consensus,9.5,0.417819870610484,1615,1817,0,0,0,7.70562312
2021,1,2022-01-05,postseason,LSU,Kansas State,N,N,20,42,-22,,9.5,consensus,-12.5,0.015524983406066895,1619,1613,2,0,-2,1.993629577281192
2021,1,2021-09-04,regular,Mississippi State,Louisiana Tech,H,N,35,34,1,,-20.5,consensus,-19.5,0.7886652946472168,1513,1337,4,2,-2,6.472330865168355
2021,2,2021-09-11,regular,Mississippi State,NC State,H,N,24,10,14,,1.5,consensus,15.5,0.9708942770957947,1508,1565,0,3,3,3.477714748607289
2021,3,2021-09-18,regular,Mississippi State,Memphis,A,N,29,31,-2,,-3.5,consensus,-5.5,0.6000525951385498,1541,1551,0,1,1,7.511869001193241
2021,4,2021-09-25,regular,Mississippi State,LSU,H,Y,25,28,-3,,1.5,consensus,-1.5,0.22551627457141876,1540,1694,2,1,-1,5.2759389582217775
2021,5,2021-10-02,regular,Mississippi State,Texas A&M,A,Y,26,22,4,,7.0,consensus,11.0,0.8834317922592163,1545,1778,0,1,1,5.831789528075907
2021,7,2021-10-16,regular,Mississippi State,Alabama,H,Y,9,49,-40,,17.5,consensus,-22.5,0.01566266268491745,1568,2148,3,0,-3,3.221373374683194
2021,8,2021-10-23,regular,Mississippi State,Vanderbilt,A,Y,45,6,39,,-20.5,consensus,18.5,0.9246597737073898,1524,1091,2,1,-1,2.8584978894706747
2021,9,2021-10-30,regular,Mississippi State,Kentucky,H,Y,31,17,14,,-1.0,consensus,13.0,0.9827691316604614,1583,1672,0,4,4,3.6110927794787058
2021,10,2021-11-06,regular,Mississippi State,Arkansas,A,Y,28,31,-3,,4.0,consensus,1.0,0.12476330995559692,1619,1593,1,0,-1,6.651133609738058
2021,11,2021-11-13,regular,Mississippi State,Auburn,A,Y,43,34,9,,5.5,consensus,14.5,0.887468509376049,1618,1718,0,1,1,5.631625340338542
2021,12,2021-11-20,regular,Mississippi State,Tennessee State,H,N,55,10,45,,-44.0,consensus,1.0,0.980708658695221,1624,1654,2,1,-1,1.9418672352648607
2021,13,2021-11-26,regular,Mississippi State,Ole Miss,H,Y,21,31,-10,,-2.0,consensus,-12.0,0.5257070660591125,1645,1750,0,1,1,4.8568881014999326
2021,1,2021-12-28,postseason,Mississippi State,Texas Tech,N,N,7,34,-27,,-10.0,consensus,-37.0,0.00960308313369751,1633,1451,3,0,-3,3.5935525847948497
2021,1,2021-09-04,regular,Missouri,Central Michigan,H,N,34,24,10,,-14.0,consensus,-4.0,0.4070395231246948,1503,1438,0,2,2,6.573887748164912
2021,2,2021-09-11,regular,Missouri,Kentucky,A,Y,28,35,-7,,5.5,consensus,-1.5,0.15805751085281372,1515,1593,1,2,1,4.319444483313481
2021,3,2021-09-18,regular,Missouri,Southeast Missouri State,H,N,59,28,31,,-34.5,consensus,-3.5,1,,,0,1,1,1.8801769553955576
2021,4,2021-09-25,regular,Missouri,Boston College,A,N,34,41,-7,,1.0,consensus,-6.0,0.23266595602035522,1510,1530,2,1,-1,8.879270030476956
2021,5,2021-10-02,regular,Missouri,Tennessee,H,Y,24,62,-38,,-2.5,consensus,-40.5,0.0027594342827796936,1502,1482,2,0,-2,3.0925286521415387
2021,6,2021-10-09,regular,Missouri,North Texas,H,N,48,35,13,,-18.5,consensus,-5.5,0.27316561505275616,1386,1184,0,4,4,2.041524156
2021,7,2021-10-16,regular,Missouri,Texas A&M,H,Y,14,35,-21,,11.5,consensus,-9.5,0,1395,1762,2,1,-1,3.435236495937284
2021,9,2021-10-30,regular,Missouri,Vanderbilt,A,Y,37,28,9,,-16.0,consensus,-7.0,0.9921074798330665,1380,1032,1,1,0,6.285214289502207
2021,10,2021-11-06,regular,Missouri,Georgia,A,Y,6,43,-37,,40.0,consensus,3.0,0.0025213956832885742,1371,2142,0,1,1,3.0367589685872765
2021,11,2021-11-13,regular,Missouri,South Carolina,H,Y,31,28,3,,1.5,consensus,4.5,0.6962832808494568,1356,1432,3,3,0,5.256637635812313
2021,12,2021-11-20,regular,Missouri,Florida,H,Y,24,23,1,,9.0,consensus,10.0,0.24475131364735478,1358,1642,0,0,0,7.7351866518
2021,13,2021-11-26,regular,Missouri,Arkansas,A,Y,17,34,-17,,14.5,consensus,-2.5,0.00537186861038208,1366,1622,1,1,0,4.689839772034318
2021,1,2021-12-23,postseason,Missouri,Army,N,N,22,24,-2,,7.0,consensus,5.0,0.08412188291549683,1352,1571,1,0,-1,6.115047879877375
2021,1,2021-09-04,regular,Oklahoma,Tulane,H,N,40,35,5,,-31.0,consensus,-26.0,0.5274852514266968,1875,1597,2,3,1,3.8291469065617183
2021,2,2021-09-11,regular,Oklahoma,Western Carolina,H,N,76,0,76,,-52.5,consensus,23.5,0.9897788166999817,,,0,3,3,2.2809678916932468
2021,3,2021-09-18,regular,Oklahoma,Nebraska,H,N,23,16,7,,-22.5,consensus,-15.5,0.8784641027450562,1869,1567,0,1,1,4.0830120200941415
2021,4,2021-09-25,regular,Oklahoma,West Virginia,H,Y,16,13,3,,-17.5,consensus,-14.5,0.7274698615074158,1863,1543,1,1,0,5.87871219672933
2021,5,2021-10-02,regular,Oklahoma,Kansas State,A,Y,37,31,6,,-12.5,consensus,-6.5,0.9767311550676823,1860,1536,1,1,0,4.248821254988353
2021,6,2021-10-09,regular,Oklahoma,Texas,N,Y,55,48,7,,-4.0,consensus,3.0,0.677557647228241,1848,1893,2,1,-1,5.30270208885192
2021,7,2021-10-16,regular,Oklahoma,TCU,H,Y,52,31,21,,-12.5,consensus,8.5,0.8608482480049133,1859,1670,1,1,0,3.7648956107753477
2021,8,2021-10-23,regular,Oklahoma,Kansas,A,Y,35,23,12,,-38.5,consensus,-26.5,0.8542203158140182,1889,984,1,1,0,5.048694401722993
2021,9,2021-10-30,regular,Oklahoma,Texas Tech,H,Y,52,21,31,,-19.0,consensus,12.0,0.9015293121337891,1846,1493,0,3,3,3.231011095027742
2021,11,2021-11-13,regular,Oklahoma,Baylor,A,Y,14,27,-13,,-4.0,consensus,-17.0,0.06654959917068481,1888,1694,2,2,0,6.893019796120175
2021,12,2021-11-20,regular,Oklahoma,Iowa State,H,Y,28,21,7,,-3.0,consensus,4.0,0.9502975940704346,1845,1901,1,3,2,8.759740098717725
2021,13,2021-11-28,regular,Oklahoma,Oklahoma State,A,Y,33,37,-4,,4.0,consensus,0.0,0.18138998746871948,1858,1925,2,3,1,7.624007774832169
2021,1,2021-12-30,postseason,Oklahoma,Oregon,N,N,47,32,15,,-7.0,consensus,8.0,1,1857,1628,0,1,1,2.9859295082328448
2021,1,2021-09-07,regular,Ole Miss,Louisville,N,N,43,24,19,,-9.0,consensus,10.0,1,1576,1559,0,2,2,2.410165973806598
2021,2,2021-09-11,regular,Ole Miss,Austin Peay,H,N,54,17,37,,-37.0,consensus,0.0,0.9875286817550659,,,1,2,1,3.005612823380715
2021,3,2021-09-19,regular,Ole Miss,Tulane,H,N,61,21,40,,-14.0,consensus,26.0,0.9977260828018188,1626,1603,1,1,0,3.623665197696429
2021,5,2021-10-02,regular,Ole Miss,Alabama,A,Y,21,42,-21,,15.0,consensus,-6.0,0.006196796894073486,1739,2145,1,1,0,2.0907173927255798
2021,6,2021-10-09,regular,Ole Miss,Arkansas,H,Y,52,51,1,,-5.0,consensus,-4.0,0.7322954535484314,1729,1617,0,2,2,9.38448686455236
2021,7,2021-10-16,regular,Ole Miss,Tennessee,A,Y,31,26,5,,-1.0,consensus,4.0,0.7097718715667725,1726,1639,1,1,0,7.129944658636153
2021,8,2021-10-23,regular,Ole Miss,LSU,H,Y,31,17,14,,-9.0,consensus,5.0,0.9876816272735596,1729,1645,1,3,2,3.9313413706832354
2021,9,2021-10-30,regular,Ole Miss,Auburn,A,Y,20,31,-11,,3.0,consensus,-8.0,0.007507383823394775,1750,1729,1,2,1,3.2216504597970808
2021,10,2021-11-06,regular,Ole Miss,Liberty,H,N,27,14,13,,-7.5,consensus,5.5,0.9633749723434448,1729,1684,0,3,3,2.8915232493020016
2021,11,2021-11-14,regular,Ole Miss,Texas A&M,H,Y,29,19,10,,1.0,consensus,11.0,0.9997894763946533,1751,1841,1,2,1,4.359841943687781
2021,12,2021-11-21,regular,Ole Miss,Vanderbilt,H,Y,31,17,14,,-36.0,consensus,-22.0,0.9852136969566345,1775,1055,1,1,0,2.712820249454637
2021,13,2021-11-26,regular,Ole Miss,Mississippi State,A,Y,31,21,10,,2.0,consensus,12.0,0.47429293394088745,1750,1645,1,0,-1,4.8568881014999326
2021,1,2022-01-02,postseason,Ole Miss,Baylor,N,N,7,21,-14,,-1.0,consensus,-15.0,0.10508571565151215,1762,1760,3,1,-2,5.07971631042325
2021,1,2021-09-04,regular,South Carolina,Eastern Illinois,H,N,46,0,46,,-31.5,consensus,14.5,0.9938032031059265,,,1,2,1,2.4133477777887404
2021,2,2021-09-11,regular,South Carolina,East Carolina,A,N,20,17,3,,-2.5,consensus,0.5,0.6916296184062958,1390,1396,3,2,-1,4.243254220937977
2021,3,2021-09-18,regular,South Carolina,Georgia,A,Y,13,40,-27,,31.5,consensus,4.5,0.01841670274734497,1395,1925,2,3,1,2.6187482976688363
2021,4,2021-09-25,regular,South Carolina,Kentucky,H,Y,10,16,-6,,4.5,consensus,-1.5,0.1861615777015686,1382,1598,0,3,3,4.949914017775569
2021,5,2021-10-02,regular,South Carolina,Troy,H,N,23,14,9,,-6.5,consensus,2.5,0.8884419798851013,1387,1401,3,4,1,4.654088559869282
2021,6,2021-10-09,regular,South Carolina,Tennessee,A,Y,20,45,-25,,10.5,consensus,-14.5,0.008452415466308594,1402,1598,2,0,-2,2.313325567934286
2021,7,2021-10-16,regular,South Carolina,Vanderbilt,H,Y,21,20,1,,-18.5,consensus,-17.5,0.9521074295043945,1361,1083,4,2,-2,5.881663972406484
2021,8,2021-10-23,regular,South Carolina,Texas A&M,A,Y,14,44,-30,,19.5,consensus,-10.5,0.007506370544433594,1353,1777,3,1,-2,2.5601123199637774
2021,10,2021-11-06,regular,South Carolina,Florida,H,Y,40,17,23,,20.5,consensus,43.5,1,1321,1753,0,2,2,3.5025018020354612
2021,11,2021-11-13,regular,South Carolina,Missouri,A,Y,28,31,-3,,-1.5,consensus,-4.5,0.3037167191505432,1432,1356,3,3,0,5.256637635812313
2021,12,2021-11-21,regular,South Carolina,Auburn,H,Y,21,17,4,,7.0,consensus,11.0,0.927436888217926,1430,1691,1,1,0,4.917832033044904
2021,13,2021-11-28,regular,South Carolina,Clemson,H,N,0,30,-30,,11.5,consensus,-18.5,0,1441,1855,2,1,-1,2.7188348871349053
2021,1,2021-12-30,postseason,South Carolina,North Carolina,N,N,38,21,17,,12.5,consensus,29.5,0.9985881628212319,1407,1656,0,0,0,4.8218128119
2021,1,2021-09-03,regular,Tennessee,Bowling Green,H,N,38,6,32,,-37.0,consensus,-5.0,1,1489,1041,2,0,-2,2.294760520401764
2021,2,2021-09-11,regular,Tennessee,Pittsburgh,H,N,34,41,-7,,3.5,consensus,-3.5,0.0961083248257637,1524,1609,3,0,-3,7.008362719104246
2021,3,2021-09-18,regular,Tennessee,Tennessee Tech,H,N,56,0,56,,-38.0,consensus,18.0,0.9922066926956177,,,1,4,3,2.1754204743500436
2021,4,2021-09-25,regular,Tennessee,Florida,A,Y,14,38,-24,,19.0,consensus,-5.0,0,1517,1744,0,1,1,4.499267607749175
2021,5,2021-10-02,regular,Tennessee,Missouri,A,Y,62,24,38,,2.5,consensus,40.5,0.9972405657172203,1482,1502,0,2,2,3.0925286521415387
2021,6,2021-10-09,regular,Tennessee,South Carolina,H,Y,45,20,25,,-10.5,consensus,14.5,0.9915475845336914,1598,1402,0,2,2,2.313325567934286
2021,7,2021-10-16,regular,Tennessee,Ole Miss,H,Y,26,31,-5,,1.0,consensus,-4.0,0.29022812843322754,1639,1726,1,1,0,7.129944658636153
2021,8,2021-10-23,regular,Tennessee,Alabama,A,Y,24,52,-28,,25.5,consensus,-2.5,0.013901770114898682,1636,2192,1,1,0,4.951091949416542
2021,10,2021-11-06,regular,Tennessee,Kentucky,A,Y,45,42,3,,-1.0,consensus,2.0,0.9014954939484596,1623,1636,1,1,0,9.512597635947527
2021,11,2021-11-13,regular,Tennessee,Georgia,H,Y,17,41,-24,,19.5,consensus,-4.5,0.01974518597126007,1628,2157,2,0,-2,3.9231246965805364
2021,12,2021-11-21,regular,Tennessee,South Alabama,H,N,60,14,46,,-28.5,consensus,17.5,0.9939804077148438,1621,1355,0,0,0,2.336053296315973
2021,13,2021-11-27,regular,Tennessee,Vanderbilt,H,Y,45,21,24,,-32.0,consensus,-8.0,0.9821206331253052,1722,1080,1,1,0,2.431684672328514
2021,1,2021-12-30,postseason,Tennessee,Purdue,N,N,45,48,-3,,-7.5,consensus,-10.5,0.7167874276638031,1718,1696,1,3,2,11.900347280213513
2021,1,2021-09-04,regular,Texas,Louisiana,H,N,38,18,20,,-8.5,consensus,11.5,0.9950394630432129,1767,1645,0,1,1,3.753469843420719
2021,2,2021-09-11,regular,Texas,Arkansas,A,N,21,40,-19,,-6.0,consensus,-25.0,0.010515391826629639,1801,1470,1,1,0,2.628875431193062
2021,3,2021-09-19,regular,Texas,Rice,H,N,58,0,58,,-26.0,consensus,32.0,0.9989601962987479,1721,1293,1,1,0,1.2588635656
2021,4,2021-09-25,regular,Texas,Texas Tech,H,Y,70,35,35,,-9.0,consensus,26.0,0.9982383251190186,1840,1566,1,2,1,3.0226649763427487
2021,5,2021-10-02,regular,Texas,TCU,A,Y,32,27,5,,-4.0,consensus,1.0,0.45292139053344727,1903,1620,1,3,2,6.5750622079594505
2021,6,2021-10-09,regular,Texas,Oklahoma,N,Y,48,55,-7,,4.0,consensus,-3.0,0.32244235277175903,1893,1848,1,2,1,5.30270208885192
2021,7,2021-10-16,regular,Texas,Oklahoma State,H,Y,24,32,-8,,-3.5,consensus,-11.5,0,1882,1685,2,1,-1,5.054154515164063
2021,9,2021-10-30,regular,Texas,Baylor,A,Y,24,31,-7,,2.5,consensus,-4.5,0.1784449815750122,1849,1676,2,2,0,7.471754321120702
2021,10,2021-11-06,regular,Texas,Iowa State,A,Y,7,30,-23,,6.0,consensus,-17.0,0.025792300701141357,1829,1856,2,1,-1,4.03724577084716
2021,11,2021-11-14,regular,Texas,Kansas,H,Y,56,57,-1,,-31.0,consensus,-32.0,0.9358081817626953,1776,963,4,0,-4,6.632681134082384
2021,12,2021-11-20,regular,Texas,West Virginia,A,Y,23,31,-8,,2.5,consensus,-5.5,0.07650232315063477,1725,1494,1,0,-1,3.32660865714656
2021,13,2021-11-26,regular,Texas,Kansas State,H,Y,22,17,5,,-2.5,consensus,2.5,0.9980252981185913,1698,1615,1,0,-1,4.72082695115861
2021,1,2021-09-05,regular,Texas A&M,Kent State,H,N,41,10,31,,-29.5,consensus,1.5,0.8716515898704529,1745,1441,5,2,-3,3.2104958308841245
2021,2,2021-09-11,regular,Texas A&M,Colorado,N,N,10,7,3,,-17.0,consensus,-14.0,0.6327890753746033,1792,1446,1,1,0,4.317762930165778
2021,3,2021-09-18,regular,Texas A&M,New Mexico,H,N,34,0,34,,-30.0,consensus,4.0,0.9779608845710754,1778,1315,1,1,0,2.06625670663161
2021,4,2021-09-25,regular,Texas A&M,Arkansas,N,Y,10,20,-10,,-4.5,consensus,-14.5,0.04085665941238403,1817,1638,1,0,-1,2.919541597512384
2021,5,2021-10-02,regular,Texas A&M,Mississippi State,H,Y,22,26,-4,,-7.0,consensus,-11.0,0.11656820774078369,1778,1545,1,0,-1,5.831789528075907
2021,6,2021-10-10,regular,Texas A&M,Alabama,H,Y,41,38,3,,18.5,consensus,21.5,0.9284989237785339,1755,2155,1,2,1,6.625810617467178
2021,7,2021-10-16,regular,Texas A&M,Missouri,A,Y,35,14,21,,-11.5,consensus,9.5,1,1762,1395,1,2,1,3.435236495937284
2021,8,2021-10-23,regular,Texas A&M,South Carolina,H,Y,44,14,30,,-19.5,consensus,10.5,0.9924936294555664,1777,1353,1,3,2,2.5601123199637774
2021,10,2021-11-06,regular,Texas A&M,Auburn,H,Y,20,3,17,,-4.5,consensus,12.5,0.8814953565597534,1809,1750,1,2,1,3.8012772582251753
2021,11,2021-11-14,regular,Texas A&M,Ole Miss,A,Y,19,29,-10,,-1.0,consensus,-11.0,0.0002105236053466797,1841,1751,2,1,-1,4.359841943687781
2021,12,2021-11-20,regular,Texas A&M,Prairie View A&M,H,N,52,3,49,,-41.5,consensus,7.5,0.9922637343406677,1931,1170,1,1,0,1.6247444416584416
2021,13,2021-11-28,regular,Texas A&M,LSU,A,Y,24,27,-3,,-6.5,consensus,-9.5,0.582180129389516,1817,1615,0,0,0,7.70562312
2021,1,2021-09-05,regular,Vanderbilt,East Tennessee State,H,N,3,23,-20,,-21.0,consensus,-41.0,0.00904837902635336,,,3,0,-3,3.531814318862481
2021,2,2021-09-12,regular,Vanderbilt,Colorado State,A,N,24,21,3,,6.5,consensus,9.5,0.3483027219772339,1225,1396,1,1,0,5.9624447109688505
2021,3,2021-09-19,regular,Vanderbilt,Stanford,H,N,23,41,-18,,12.5,consensus,-5.5,0.009553718380630016,1240,1497,1,0,-1,4.927740943761852
2021,4,2021-09-25,regular,Vanderbilt,Georgia,H,Y,0,62,-62,,36.0,consensus,-26.0,0.0049030412919819355,1222,1938,3,1,-2,2.5633720992295324
2021,5,2021-10-02,regular,Vanderbilt,UConn,H,N,30,28,2,,-14.5,consensus,-12.5,0.5740585923194885,1127,1033,2,2,0,6.328346246953514
2021,6,2021-10-09,regular,Vanderbilt,Florida,A,Y,0,42,-42,,39.0,consensus,-3.0,0.011027514934539795,1126,1758,2,2,0,2.336610577658037
2021,7,2021-10-16,regular,Vanderbilt,South Carolina,A,Y,20,21,-1,,18.5,consensus,17.5,0.04789257049560547,1083,1361,2,4,2,5.881663972406484
2021,8,2021-10-23,regular,Vanderbilt,Mississippi State,H,Y,6,45,-39,,20.5,consensus,-18.5,0.07534022629261017,1091,1524,1,2,1,2.8584978894706747
2021,9,2021-10-30,regular,Vanderbilt,Missouri,H,Y,28,37,-9,,16.0,consensus,7.0,0.007892520166933537,1032,1380,1,1,0,6.285214289502207
2021,11,2021-11-14,regular,Vanderbilt,Kentucky,H,Y,17,34,-17,,21.5,consensus,4.5,0,1041,1631,1,1,0,2.8291977662461982
2021,12,2021-11-21,regular,Vanderbilt,Ole Miss,A,Y,17,31,-14,,36.0,consensus,22.0,0.014786303043365479,1055,1775,1,1,0,2.712820249454637
2021,13,2021-11-27,regular,Vanderbilt,Tennessee,A,Y,21,45,-24,,32.0,consensus,8.0,0.017879366874694824,1080,1722,1,1,0,2.431684672328514
2022,1,2022-09-03,regular,Alabama,Utah State,H,N,55,0,55,,-42.0,consensus,13.0,0.9839851260185242,1979,1555,1,0,-1,2.283997931119607
2022,2,2022-09-10,regular,Alabama,Texas,A,N,20,19,1,,-21.0,consensus,-20.0,0.4123753309249878,2089,1700,0,0,0,6.527319089176115
2022,3,2022-09-17,regular,Alabama,UL Monroe,H,N,63,7,56,,-49.5,consensus,6.5,0.7063632011413574,2073,1140,2,1,-1,1.8091693010274672
2022,4,2022-09-24,regular,Alabama,Vanderbilt,H,Y,55,3,52,,-40.5,consensus,11.5,0.986897885799408,2121,1422,1,0,-1,2.8878392505532267
2022,5,2022-10-01,regular,Alabama,Arkansas,A,Y,49,26,23,,-17.0,consensus,6.0,0.9109643027186394,2185,1663,1,1,0,4.247098277715639
2022,6,2022-10-09,regular,Alabama,Texas A&M,H,Y,24,20,4,,-24.0,consensus,-20.0,0.9698603749275208,2190,1658,4,1,-3,6.646669316735048
2022,7,2022-10-15,regular,Alabama,Tennessee,A,Y,49,52,-3,,-9.0,consensus,-12.0,0.6552726328372955,2179,1881,1,2,1,7.704624627020055
2022,8,2022-10-22,regular,Alabama,Mississippi State,H,Y,30,6,24,,-21.0,consensus,3.0,0.9300018548965454,2174,1701,0,1,1,3.833151863048854
2022,10,2022-11-05,regular,Alabama,LSU,A,Y,31,32,-1,,-13.5,consensus,-14.5,0.5483545154160467,2185,1695,1,0,-1,9.2612098604
2022,11,2022-11-12,regular,Alabama,Ole Miss,A,Y,30,24,6,,-11.0,consensus,-5.0,0.5303553342819214,2172,1694,1,1,0,6.27051499958194
2022,12,2022-11-19,regular,Alabama,Austin Peay,H,N,34,0,34,,-45.0,consensus,-11.0,0.9868754744529724,2166,,3,3,0,3.112917066883353
2022,13,2022-11-26,regular,Alabama,Auburn,H,Y,49,27,22,,-22.0,consensus,0.0,1,2151,1596,1,2,1,3.756072456000134
2022,1,2022-12-31,postseason,Alabama,Kansas State,N,N,45,20,25,,-7.5,consensus,17.5,0.994422915391624,2151,1891,0,2,2,4.575375530108903
2022,1,2022-09-03,regular,Arkansas,Cincinnati,H,N,31,24,7,,-6.5,consensus,0.5,0.46383750438690186,1626,1801,1,2,1,4.890130585924942
2022,2,2022-09-10,regular,Arkansas,South Carolina,H,Y,44,30,14,,-8.5,consensus,5.5,0.9731941223144531,1646,1540,0,3,3,3.7392828655693404
2022,3,2022-09-17,regular,Arkansas,Missouri State,H,N,38,27,11,,-26.0,consensus,-15.0,0.7726759910583496,1667,,3,0,-3,6.014873474052033
2022,4,2022-09-24,regular,Arkansas,Texas A&M,N,Y,21,23,-2,,1.5,consensus,-0.5,0.6990729884327014,1665,1706,1,0,-1,6.7158801555
2022,5,2022-10-01,regular,Arkansas,Alabama,H,Y,26,49,-23,,17.0,consensus,-6.0,0.08903569728136063,1663,2185,1,1,0,4.247098277715639
2022,6,2022-10-08,regular,Arkansas,Mississippi State,A,Y,17,40,-23,,8.5,consensus,-14.5,0.033170878887176514,1658,1667,2,0,-2,2.6927840201952953
2022,7,2022-10-15,regular,Arkansas,BYU,A,N,52,35,17,,1.0,consensus,18.0,1,1603,1629,1,3,2,6.874761304950564
2022,9,2022-10-29,regular,Arkansas,Auburn,A,Y,41,27,14,,-4.0,consensus,10.0,0.964201994240284,1647,1520,1,0,-1,5.403340702554578
2022,10,2022-11-05,regular,Arkansas,Liberty,H,N,19,21,-2,,-14.5,consensus,-16.5,0.3030504584312439,1667,1635,2,1,-1,5.7493255023605006
2022,11,2022-11-12,regular,Arkansas,LSU,H,Y,10,13,-3,,3.5,consensus,0.5,0.7393328547477722,1662,1708,2,2,0,5.8816089575358825
2022,12,2022-11-20,regular,Arkansas,Ole Miss,H,Y,42,27,15,,1.0,consensus,16.0,0.9781983494758606,1660,1715,0,3,3,2.9672948551835625
2022,13,2022-11-25,regular,Arkansas,Missouri,A,Y,27,29,-2,,-3.5,consensus,-5.5,0.004188954830169678,1696,1467,2,0,-2,6.166836243121122
2022,1,2022-12-28,postseason,Arkansas,Kansas,N,N,55,53,2,,-1.0,consensus,1.0,0.935453474521637,1693,1366,2,3,1,6.360080152114448
2022,1,2022-09-03,regular,Auburn,Mercer,H,N,42,16,26,,-30.0,consensus,-4.0,0.9954355359077454,1632,,2,0,-2,2.321060768746342
2022,2,2022-09-10,regular,Auburn,San José State,H,N,24,16,8,,-24.0,consensus,-16.0,0.9748852849006653,1632,1338,2,0,-2,5.097435891180348
2022,3,2022-09-17,regular,Auburn,Penn State,H,N,12,41,-29,,2.5,consensus,-26.5,0.004698324948549271,1627,1737,4,0,-4,4.347073241298655
2022,4,2022-09-24,regular,Auburn,Missouri,H,Y,17,14,3,,-7.5,consensus,-4.5,0.8529782295227051,1560,1410,0,2,2,6.61184328984131
2022,5,2022-10-01,regular,Auburn,LSU,H,Y,17,21,-4,,8.0,consensus,4.0,0.5605270266532898,1559,1643,4,1,-3,5.650398184523114
2022,6,2022-10-08,regular,Auburn,Georgia,A,Y,10,42,-32,,28.0,consensus,-4.0,0.029819905757904053,1558,2058,1,1,0,2.53556046732217
2022,7,2022-10-15,regular,Auburn,Ole Miss,A,Y,34,48,-14,,15.5,consensus,1.5,0.13559871912002563,1529,1766,3,1,-2,4.0822972831720605
2022,9,2022-10-29,regular,Auburn,Arkansas,H,Y,27,41,-14,,4.0,consensus,-10.0,0.035798005759716034,1520,1647,0,1,1,5.403340702554578
2022,10,2022-11-05,regular,Auburn,Mississippi State,A,Y,33,39,-6,,12.5,consensus,6.5,0.6232794523239136,1500,1690,1,3,2,7.8638242622812395
2022,11,2022-11-13,regular,Auburn,Texas A&M,H,Y,13,10,3,,-1.5,consensus,1.5,1,1502,1603,3,1,-2,3.8866136810217635
2022,12,2022-11-19,regular,Auburn,Western Kentucky,H,N,41,17,24,,-5.0,consensus,19.0,0.9861803650856018,1504,1767,0,2,2,4.436971253017919
2022,13,2022-11-26,regular,Auburn,Alabama,A,Y,27,49,-22,,22.0,consensus,0.0,0,1596,2151,2,1,-1,3.756072456000134
2022,1,2022-09-03,regular,Florida,Utah,H,N,29,26,3,,2.5,consensus,5.5,0.5007678270339966,1572,1790,1,1,0,7.010037473588489
2022,2,2022-09-10,regular,Florida,Kentucky,H,Y,16,26,-10,,-6.0,consensus,-16.0,0.07685582339763641,1576,1713,2,1,-1,4.806562813566
2022,3,2022-09-17,regular,Florida,South Florida,H,N,31,28,3,,-23.5,consensus,-20.5,0.16407166421413422,1567,1247,2,3,1,6.8525841365322995
2022,4,2022-09-24,regular,Florida,Tennessee,A,Y,33,38,-5,,11.0,consensus,6.0,0.47217798233032227,1564,1835,2,2,0,6.820161641876708
2022,5,2022-10-02,regular,Florida,Eastern Washington,H,N,52,17,35,,-32.0,consensus,3.0,0.9879109859466553,1568,,1,1,0,2.79504152516495
2022,6,2022-10-08,regular,Florida,Missouri,H,Y,24,17,7,,-10.5,consensus,-3.5,0.7664141058921814,1569,1443,2,2,0,4.3159651252726094
2022,7,2022-10-15,regular,Florida,LSU,H,Y,35,45,-10,,-2.0,consensus,-12.0,0.16392432153224945,1572,1593,0,1,1,5.4524103682380165
2022,9,2022-10-29,regular,Florida,Georgia,N,Y,20,42,-22,,23.0,consensus,1.0,0.04546034336090088,1553,2154,0,3,3,2.933072358258275
2022,10,2022-11-05,regular,Florida,Texas A&M,A,Y,41,24,17,,1.5,consensus,18.5,0.9818701576441526,1552,1655,0,2,2,5.5912916495664575
2022,11,2022-11-12,regular,Florida,South Carolina,H,Y,38,6,32,,-8.0,consensus,24.0,1,1604,1539,1,3,2,2.038415292937075
2022,12,2022-11-19,regular,Florida,Vanderbilt,A,Y,24,31,-7,,-14.0,consensus,-21.0,0.06991881132125854,1683,1298,2,2,0,4.456958694485075
2022,13,2022-11-26,regular,Florida,Florida State,A,N,38,45,-7,,10.0,consensus,3.0,0.01318591833114624,1649,1851,1,1,0,7.716581493240062
2022,1,2022-12-17,postseason,Florida,Oregon State,N,N,3,30,-27,,7.5,consensus,-19.5,0.007428944110870361,1650,1724,0,0,0,2.9966973186741623
2022,1,2022-09-03,regular,Georgia,Oregon,N,N,49,3,46,,-16.0,consensus,30.0,0.9737083911895752,1980,1574,0,2,2,1.7043927626226556
2022,2,2022-09-10,regular,Georgia,Samford,H,N,33,0,33,,-53.0,consensus,-20.0,0.9802547097206116,2087,,0,1,1,2.5225339527499937
2022,3,2022-09-17,regular,Georgia,South Carolina,A,Y,48,7,41,,-25.5,consensus,15.5,0.9789548292756081,2070,1521,0,3,3,2.853866126313109
2022,4,2022-09-24,regular,Georgia,Kent State,H,N,39,22,17,,-45.0,consensus,-28.0,0.940726637840271,2121,1274,3,1,-2,2.6902574183831574
2022,5,2022-10-01,regular,Georgia,Missouri,A,Y,26,22,4,,-30.5,consensus,-26.5,0.8007063567638397,2090,1411,2,0,-2,4.818980944780097
2022,6,2022-10-08,regular,Georgia,Auburn,H,Y,42,10,32,,-28.0,consensus,4.0,0.970180094242096,2058,1558,1,1,0,2.53556046732217
2022,7,2022-10-15,regular,Georgia,Vanderbilt,H,Y,55,0,55,,-37.5,consensus,17.5,0.9920355081558228,2087,1338,0,1,1,1.818572377544368
2022,9,2022-10-29,regular,Georgia,Florida,N,Y,42,20,22,,-23.0,consensus,-1.0,0.9545396566390991,2154,1553,3,0,-3,2.933072358258275
2022,10,2022-11-05,regular,Georgia,Tennessee,H,Y,27,13,14,,-10.0,consensus,4.0,1,2155,1970,2,2,0,2.8289506010904555
2022,11,2022-11-13,regular,Georgia,Mississippi State,A,Y,45,19,26,,-16.5,consensus,9.5,0.9840487539768219,2168,1688,2,0,-2,3.8727744406690667
2022,12,2022-11-19,regular,Georgia,Kentucky,A,Y,16,6,10,,-22.5,consensus,-12.5,1,2184,1583,1,1,0,2.821791068982117
2022,13,2022-11-26,regular,Georgia,Georgia Tech,H,N,37,14,23,,-36.5,consensus,-13.5,0.9948174357414246,2159,1245,1,1,0,3.1908986303345968
2022,14,2022-12-03,regular,Georgia,LSU,N,Y,50,30,20,,-17.5,consensus,2.5,0.9844166040420532,2132,1729,1,3,2,3.0440657265131987
2022,1,2023-01-01,postseason,Georgia,Ohio State,N,N,42,41,1,,-5.5,consensus,-4.5,0.7106093168258667,2146,2108,1,0,-1,7.420213037170079
2022,1,2023-01-10,postseason,Georgia,TCU,N,N,65,7,58,,-13.5,consensus,44.5,0.9938183426856995,2147,1882,0,3,3,2.271727443533918
2022,1,2022-09-03,regular,Kentucky,Miami (OH),H,N,37,13,24,,-15.0,consensus,9.0,0.9900107383728027,1670,1516,1,1,0,5.1176282336399765
2022,2,2022-09-10,regular,Kentucky,Florida,A,Y,26,16,10,,6.0,consensus,16.0,0.9231441766023636,1713,1576,1,2,1,4.806562813566
2022,3,2022-09-17,regular,Kentucky,Youngstown State,H,N,31,0,31,,-30.0,consensus,1.0,0.9912877678871155,1731,,3,1,-2,3.2654599937606608
2022,4,2022-09-24,regular,Kentucky,Northern Illinois,H,N,31,23,8,,-26.5,consensus,-18.5,0.6961966156959534,1722,1358,1,0,-1,3.6592062301942208
2022,5,2022-10-01,regular,Kentucky,Ole Miss,A,Y,19,22,-3,,6.5,consensus,3.5,0.5261594653129578,1713,1745,2,1,-1,5.181231820390617
2022,6,2022-10-08,regular,Kentucky,South Carolina,H,Y,14,24,-10,,-4.5,consensus,-14.5,0.029825899749994278,1712,1533,2,2,0,5.4287843901029635
2022,7,2022-10-15,regular,Kentucky,Mississippi State,H,Y,27,17,10,,3.5,consensus,13.5,0.995205283164978,1675,1722,2,1,-1,4.954634029506994
2022,9,2022-10-29,regular,Kentucky,Tennessee,A,Y,6,44,-38,,10.5,consensus,-27.5,0.006196796894073486,1696,1886,3,0,-3,2.1455720461183696
2022,10,2022-11-05,regular,Kentucky,Missouri,A,Y,21,17,4,,1.0,consensus,5.0,0.9779451973736286,1612,1483,0,2,2,5.675530904056807
2022,11,2022-11-12,regular,Kentucky,Vanderbilt,H,Y,21,24,-3,,-17.0,consensus,-20.0,0.623006284236908,1610,1271,1,2,1,6.092129465387157
2022,12,2022-11-19,regular,Kentucky,Georgia,H,Y,6,16,-10,,22.5,consensus,12.5,0,1583,2184,1,1,0,2.821791068982117
2022,13,2022-11-26,regular,Kentucky,Louisville,H,N,26,13,13,,-3.5,consensus,9.5,0.9840259552001953,1608,1741,0,3,3,3.1633037988420614
2022,1,2022-12-31,postseason,Kentucky,Iowa,N,N,0,21,-21,,3.0,consensus,-18.0,0.3724594712257385,1645,1709,2,0,-2,2.6329710405864604
2022,1,2022-09-04,regular,LSU,Florida State,N,N,23,24,-1,-3.0,-4.5,Bovada,-5.5,0.4103350043296814,1538,1501,2,1,-1,6.722668406393779
2022,2,2022-09-10,regular,LSU,Southern,H,N,65,17,48,,-44.5,consensus,3.5,0.9893288016319275,,,2,5,3,1.5977095974132804
2022,3,2022-09-17,regular,LSU,Mississippi State,H,Y,31,16,15,,3.0,consensus,18.0,0.9466710090637207,1535,1617,1,2,1,6.2037579110673375
2022,4,2022-09-24,regular,LSU,New Mexico,H,N,38,0,38,,-31.5,consensus,6.5,0.9863829016685486,1574,1269,1,0,-1,1.9302266286650136
2022,5,2022-10-01,regular,LSU,Auburn,A,Y,21,17,4,,-8.0,consensus,-4.0,0.4394729733467102,1643,1559,1,4,3,5.650398184523114
2022,6,2022-10-08,regular,LSU,Tennessee,H,Y,13,40,-27,,2.5,consensus,-24.5,0.004979658871889114,1644,1830,2,0,-2,3.634893754256527
2022,7,2022-10-15,regular,LSU,Florida,A,Y,45,35,10,,2.0,consensus,12.0,0.8360756784677505,1593,1572,1,0,-1,5.4524103682380165
2022,8,2022-10-22,regular,LSU,Ole Miss,H,Y,45,20,25,,0.0,consensus,25.0,0.9908092021942139,1612,1775,0,1,1,5.147260568172203
2022,10,2022-11-05,regular,LSU,Alabama,H,Y,32,31,1,,13.5,consensus,14.5,0.4516454845839532,1695,2185,0,1,1,9.2612098604
2022,11,2022-11-12,regular,LSU,Arkansas,A,Y,13,10,3,,-3.5,consensus,-0.5,0.2606671452522278,1708,1662,2,2,0,5.8816089575358825
2022,12,2022-11-20,regular,LSU,UAB,H,N,41,10,31,,-15.0,consensus,16.0,0.9876797199249268,1710,1594,2,0,-2,2.8884030831557124
2022,13,2022-11-27,regular,LSU,Texas A&M,A,Y,23,38,-15,,-10.0,consensus,-25.0,0.09568792581558228,1779,1579,1,0,-1,4.291569507971237
2022,14,2022-12-03,regular,LSU,Georgia,N,Y,30,50,-20,,17.5,consensus,-2.5,0.015583395957946777,1729,2132,3,1,-2,3.0440657265131987
2022,1,2023-01-02,postseason,LSU,Purdue,N,N,63,7,56,,-15.5,consensus,40.5,0.9967468285467476,1715,1616,1,3,2,2.4267412999934512
2022,1,2022-09-03,regular,Mississippi State,Memphis,H,N,49,23,26,,-17.0,consensus,9.0,0.987985372543335,1520,1490,2,1,-1,1.8815841658006396
2022,2,2022-09-11,regular,Mississippi State,Arizona,A,N,39,17,22,,-12.5,consensus,9.5,0.6519365012645721,1583,1377,3,3,0,5.002262880073938
2022,3,2022-09-17,regular,Mississippi State,LSU,A,Y,16,31,-15,,-3.0,consensus,-18.0,0.0533289909362793,1617,1535,2,1,-1,6.2037579110673375
2022,4,2022-09-24,regular,Mississippi State,Bowling Green,H,N,45,14,31,,-31.0,consensus,0.0,0.9881957769393921,1578,1194,0,1,1,2.71282834705594
2022,5,2022-10-01,regular,Mississippi State,Texas A&M,H,Y,42,24,18,,-4.0,consensus,14.0,0.9544143080711365,1617,1708,1,4,3,3.6344322073264044
2022,6,2022-10-08,regular,Mississippi State,Arkansas,H,Y,40,17,23,,-8.5,consensus,14.5,0.9668291211128235,1667,1658,0,2,2,2.6927840201952953
2022,7,2022-10-15,regular,Mississippi State,Kentucky,A,Y,17,27,-10,,-3.5,consensus,-13.5,0.004794716835021973,1722,1675,1,2,1,4.954634029506994
2022,8,2022-10-22,regular,Mississippi State,Alabama,A,Y,6,30,-24,,21.0,consensus,-3.0,0.06999814510345459,1701,2174,1,0,-1,3.833151863048854
2022,10,2022-11-05,regular,Mississippi State,Auburn,H,Y,39,33,6,,-12.5,consensus,-6.5,0.3767205476760864,1690,1500,3,1,-2,7.8638242622812395
2022,11,2022-11-13,regular,Mississippi State,Georgia,H,Y,19,45,-26,,16.5,consensus,-9.5,0.0159512460231781,1688,2168,0,2,2,3.8727744406690667
2022,12,2022-11-19,regular,Mississippi State,East Tennessee State,H,N,56,7,49,,-39.0,consensus,10.0,0.982629656791687,1644,,1,3,2,1.941123222111762
2022,13,2022-11-25,regular,Mississippi State,Ole Miss,A,Y,24,22,2,,2.5,consensus,4.5,0.46275919675827026,1672,1679,3,1,-2,7.00141460010745
2022,1,2023-01-02,postseason,Mississippi State,Illinois,N,N,19,10,9,,-3.5,consensus,5.5,0.7657657414674759,1675,1768,2,0,-2,4.770100229291061
2022,1,2022-09-02,regular,Missouri,Louisiana Tech,H,N,52,24,28,,-20.5,consensus,7.5,1,1404,1301,2,3,1,3.393519295496078
2022,2,2022-09-10,regular,Missouri,Kansas State,A,N,12,40,-28,,7.5,consensus,-20.5,0.004056394100189209,1465,1616,4,1,-3,2.5564447376073964
2022,3,2022-09-17,regular,Missouri,Abilene Christian,H,N,34,17,17,,-31.5,consensus,-14.5,1,1405,,1,2,1,2.2171528888745873
2022,4,2022-09-24,regular,Missouri,Auburn,A,Y,14,17,-3,,7.5,consensus,4.5,0.14702177047729492,1410,1560,2,0,-2,6.61184328984131
2022,5,2022-10-01,regular,Missouri,Georgia,H,Y,22,26,-4,,30.5,consensus,26.5,0.19929364323616028,1411,2090,0,2,2,4.818980944780097
2022,6,2022-10-08,regular,Missouri,Florida,A,Y,17,24,-7,,10.5,consensus,3.5,0.2335858941078186,1443,1569,2,2,0,4.3159651252726094
2022,8,2022-10-22,regular,Missouri,Vanderbilt,H,Y,17,14,3,,-14.0,consensus,-11.0,0.8169988989830017,1440,1271,4,1,-3,4.074231755701864
2022,9,2022-10-29,regular,Missouri,South Carolina,A,Y,23,10,13,,3.5,consensus,16.5,0.9980679347645491,1439,1582,0,2,2,4.347418059625964
2022,10,2022-11-05,regular,Missouri,Kentucky,H,Y,17,21,-4,,-1.0,consensus,-5.0,0.022054802626371384,1483,1612,2,0,-2,5.675530904056807
2022,11,2022-11-12,regular,Missouri,Tennessee,A,Y,24,66,-42,,19.5,consensus,-22.5,0.1374073624610901,1485,1957,1,0,-1,3.5925035785285155
2022,12,2022-11-20,regular,Missouri,New Mexico State,H,N,45,14,31,,-29.0,consensus,2.0,0.9943665862083435,1424,1081,1,2,1,2.5607688184244535
2022,13,2022-11-25,regular,Missouri,Arkansas,H,Y,29,27,2,,3.5,consensus,5.5,0.9958110451698303,1467,1696,0,2,2,6.166836243121122
2022,1,2022-12-23,postseason,Missouri,Wake Forest,N,N,17,27,-10,,2.5,consensus,-7.5,0.07254710793495178,1470,1663,1,1,0,6.140570875571736
2022,1,2022-09-03,regular,Oklahoma,UTEP,H,N,45,13,32,,-31.0,consensus,1.0,0.9920453429222107,1749,1323,0,1,1,2.7646397738926534
2022,2,2022-09-10,regular,Oklahoma,Kent State,H,N,33,3,30,,-33.0,consensus,-3.0,0.9898011684417725,1786,1299,0,2,2,7.725032771883896
2022,3,2022-09-17,regular,Oklahoma,Nebraska,A,N,49,14,35,,-10.5,consensus,24.5,0.9753376506268978,1811,1596,1,2,1,4.219445806119179
2022,4,2022-09-25,regular,Oklahoma,Kansas State,H,Y,34,41,-7,,-13.5,consensus,-20.5,0.4798511862754822,1884,1642,0,0,0,6.738990950787334
2022,5,2022-10-01,regular,Oklahoma,TCU,A,Y,24,55,-31,,-5.0,consensus,-36.0,0.01361227035522461,1851,1526,1,0,-1,3.7186139083171783
2022,6,2022-10-08,regular,Oklahoma,Texas,N,Y,0,49,-49,,7.5,consensus,-41.5,0.014548488892614841,1721,1759,2,1,-1,2.378093891475604
2022,7,2022-10-15,regular,Oklahoma,Kansas,H,Y,52,42,10,,-10.5,consensus,-0.5,0.6592330467853718,1582,1366,3,2,-1,4.9827436989
2022,9,2022-10-29,regular,Oklahoma,Iowa State,A,Y,27,13,14,,-1.5,consensus,12.5,0.9542518779635429,1584,1777,1,3,2,5.230608755141591
2022,10,2022-11-05,regular,Oklahoma,Baylor,H,Y,35,38,-3,,-3.0,consensus,-6.0,0.1903543621301651,1636,1789,3,1,-2,5.8186068228872205
2022,11,2022-11-12,regular,Oklahoma,West Virginia,A,Y,20,23,-3,,-8.5,consensus,-11.5,0.10404568910598755,1640,1374,0,2,2,6.86694294005225
2022,12,2022-11-20,regular,Oklahoma,Oklahoma State,H,Y,28,13,15,,-7.0,consensus,8.0,0.9198924899101257,1635,1589,2,4,2,2.6271108213880257
2022,13,2022-11-27,regular,Oklahoma,Texas Tech,A,Y,48,51,-3,,-1.5,consensus,-4.5,0.35628896951675415,1662,1589,1,2,1,12.33104979912749
2022,1,2022-12-29,postseason,Oklahoma,Florida State,N,N,32,35,-3,,10.5,consensus,7.5,0.30167490243911743,1660,1850,1,1,0,8.869266543179828
2022,1,2022-09-03,regular,Ole Miss,Troy,H,N,28,10,18,,-21.5,consensus,-3.5,0.9973421096801758,1658,1347,3,2,-1,2.383040201768035
2022,2,2022-09-10,regular,Ole Miss,Central Arkansas,H,N,59,3,56,,-36.5,consensus,19.5,0.9445592761039734,1681,,1,4,3,2.1815020149153215
2022,3,2022-09-17,regular,Ole Miss,Georgia Tech,A,N,42,0,42,,-17.0,consensus,25.0,1,1670,1317,1,0,-1,2.8885746806958648
2022,4,2022-09-24,regular,Ole Miss,Tulsa,H,N,35,27,8,,-21.0,consensus,-13.0,0.7381297945976257,1748,1499,1,1,0,4.531009839610124
2022,5,2022-10-01,regular,Ole Miss,Kentucky,H,Y,22,19,3,,-6.5,consensus,-3.5,0.47384053468704224,1745,1713,1,2,1,5.181231820390617
2022,6,2022-10-08,regular,Ole Miss,Vanderbilt,A,Y,52,28,24,,-17.0,consensus,7.0,0.9864974739030004,1746,1358,2,1,-1,4.9201688483212385
2022,7,2022-10-15,regular,Ole Miss,Auburn,H,Y,48,34,14,,-15.5,consensus,-1.5,0.8644012808799744,1766,1529,1,3,2,4.0822972831720605
2022,8,2022-10-22,regular,Ole Miss,LSU,A,Y,20,45,-25,,-0.0,consensus,-25.0,0.009190797805786133,1775,1612,1,0,-1,5.147260568172203
2022,9,2022-10-29,regular,Ole Miss,Texas A&M,A,Y,31,28,3,,-3.0,consensus,0.0,0.9036879017949104,1692,1657,0,0,0,6.30600813978382
2022,11,2022-11-12,regular,Ole Miss,Alabama,H,Y,24,30,-6,,11.0,consensus,5.0,0.4696446657180786,1694,2172,1,1,0,6.27051499958194
2022,12,2022-11-20,regular,Ole Miss,Arkansas,A,Y,27,42,-15,,-1.0,consensus,-16.0,0.021801650524139404,1715,1660,3,0,-3,2.9672948551835625
2022,13,2022-11-25,regular,Ole Miss,Mississippi State,H,Y,22,24,-2,,-2.5,consensus,-4.5,0.5372408032417297,1679,1672,1,3,2,7.00141460010745
2022,1,2022-12-29,postseason,Ole Miss,Texas Tech,N,N,25,42,-17,,-4.0,consensus,-21.0,0.13691309094429016,1676,1591,4,3,-1,4.4507260802413935
2022,1,2022-09-03,regular,South Carolina,Georgia State,H,N,35,14,21,,-12.5,consensus,8.5,0.8252294659614563,1486,1522,2,1,-1,5.315960991829729
2022,2,2022-09-10,regular,South Carolina,Arkansas,A,Y,30,44,-14,,8.5,consensus,-5.5,0.026805877685546875,1540,1646,3,0,-3,3.7392828655693404
2022,3,2022-09-17,regular,South Carolina,Georgia,H,Y,7,48,-41,,25.5,consensus,-15.5,0.021045170724391937,1521,2070,3,0,-3,2.853866126313109
2022,4,2022-09-24,regular,South Carolina,Charlotte,H,N,56,20,36,,-23.5,consensus,12.5,0.9999808073043823,1470,1169,2,3,1,4.162835036190633
2022,5,2022-09-29,regular,South Carolina,South Carolina State,H,N,50,10,40,,-40.5,consensus,-0.5,0.989801287651062,1546,,3,3,0,2.097990527165064
2022,6,2022-10-08,regular,South Carolina,Kentucky,A,Y,24,14,10,,4.5,consensus,14.5,0.9701741002500057,1533,1712,2,2,0,5.4287843901029635
2022,8,2022-10-22,regular,South Carolina,Texas A&M,H,Y,30,24,6,,3.0,consensus,9.0,1,1570,1669,2,2,0,4.039487818171499
2022,9,2022-10-29,regular,South Carolina,Missouri,H,Y,10,23,-13,,-3.5,consensus,-16.5,0.0019320652354508638,1582,1439,2,0,-2,4.347418059625964
2022,10,2022-11-05,regular,South Carolina,Vanderbilt,A,Y,38,27,11,,-6.5,consensus,4.5,0.8299428373575211,1538,1272,1,4,3,4.12739736716559
2022,11,2022-11-12,regular,South Carolina,Florida,A,Y,6,38,-32,,8.0,consensus,-24.0,0,1539,1604,3,1,-2,2.038415292937075
2022,12,2022-11-20,regular,South Carolina,Tennessee,H,Y,63,38,25,,22.5,consensus,47.5,1,1460,2018,0,1,1,4.054391638510753
2022,13,2022-11-26,regular,South Carolina,Clemson,A,N,31,30,1,,14.0,consensus,15.0,0.626218855381012,1599,1834,2,3,1,5.891695453924142
2022,1,2022-12-30,postseason,South Carolina,Notre Dame,N,N,38,45,-7,,5.0,consensus,-2.0,0.40977126359939575,1612,1858,2,3,1,6.4322447234404665
2022,1,2022-09-01,regular,Tennessee,Ball State,H,N,59,10,49,,-35.5,consensus,13.5,0.9900451302528381,1640,1410,1,3,2,2.1154187298192477
2022,2,2022-09-10,regular,Tennessee,Pittsburgh,A,N,34,27,7,,-6.0,consensus,1.0,0.5631033778190613,1756,1667,2,2,0,7.4370516221793475
2022,3,2022-09-17,regular,Tennessee,Akron,H,N,63,6,57,,-47.5,consensus,9.5,0.9919136762619019,1762,1009,0,1,1,2.5623726623727574
2022,4,2022-09-24,regular,Tennessee,Florida,H,Y,38,33,5,,-11.0,consensus,-6.0,0.5278220176696777,1835,1564,2,2,0,6.820161641876708
2022,6,2022-10-08,regular,Tennessee,LSU,A,Y,40,13,27,,-2.5,consensus,24.5,0.9950203411281109,1830,1644,0,2,2,3.634893754256527
2022,7,2022-10-15,regular,Tennessee,Alabama,H,Y,52,49,3,,9.0,consensus,12.0,0.34472736716270447,1881,2179,2,1,-1,7.704624627020055
2022,8,2022-10-22,regular,Tennessee,UT Martin,H,N,65,24,41,,-38.5,consensus,2.5,0.9916463494300842,1910,,1,2,1,3.7221496619752417
2022,9,2022-10-29,regular,Tennessee,Kentucky,H,Y,44,6,38,,-10.5,consensus,27.5,0.9938032031059265,1886,1696,0,3,3,2.1455720461183696
2022,10,2022-11-05,regular,Tennessee,Georgia,A,Y,13,27,-14,,10.0,consensus,-4.0,0,1970,2155,2,2,0,2.8289506010904555
2022,11,2022-11-12,regular,Tennessee,Missouri,H,Y,66,24,42,,-19.5,consensus,22.5,0.8625926375389099,1957,1485,0,1,1,3.5925035785285155
2022,12,2022-11-20,regular,Tennessee,South Carolina,A,Y,38,63,-25,,-22.5,consensus,-47.5,0,2018,1460,1,0,-1,4.054391638510753
2022,13,2022-11-27,regular,Tennessee,Vanderbilt,A,Y,56,0,56,,-14.0,consensus,42.0,0.9993906384333968,1879,1332,0,1,1,2.443515948560276
2022,1,2022-12-31,postseason,Tennessee,Clemson,N,N,31,14,17,,4.5,consensus,21.5,0.9817557465285063,1977,1866,0,2,2,5.796320439127001
2022,1,2022-09-04,regular,Texas,UL Monroe,H,N,52,10,42,,-37.5,consensus,4.5,0.985526442527771,1633,1207,1,1,0,2.6326320252229345
2022,2,2022-09-10,regular,Texas,Alabama,H,N,19,20,-1,,21.0,consensus,20.0,0.5876246690750122,1700,2089,0,0,0,6.527319089176115
2022,3,2022-09-18,regular,Texas,UTSA,H,N,41,20,21,,-13.0,consensus,8.0,0.9914759993553162,1716,1521,0,1,1,5.031843808055324
2022,4,2022-09-24,regular,Texas,Texas Tech,A,Y,34,37,-3,,-7.0,consensus,-10.0,0.24522215127944946,1746,1520,2,0,-2,8.141224095828687
2022,5,2022-10-01,regular,Texas,West Virginia,H,Y,38,20,18,,-7.5,consensus,10.5,0.9893155097961426,1742,1493,0,0,0,2.28395963872311
2022,6,2022-10-08,regular,Texas,Oklahoma,N,Y,49,0,49,,-7.5,consensus,41.5,0.9854515111073852,1759,1721,1,2,1,2.378093891475604
2022,7,2022-10-15,regular,Texas,Iowa State,H,Y,24,21,3,,-15.5,consensus,-12.5,0.8687171339988708,1898,1776,0,2,2,5.7833144906435265
2022,8,2022-10-22,regular,Texas,Oklahoma State,A,Y,34,41,-7,,-6.5,consensus,-13.5,0.15571635961532593,1897,1818,3,2,-1,8.0427244155103
2022,10,2022-11-05,regular,Texas,Kansas State,A,Y,34,27,7,,-3.0,consensus,4.0,0.94030886515975,1883,1841,2,2,0,4.357198518670262
2022,11,2022-11-13,regular,Texas,TCU,H,Y,10,17,-7,,-7.5,consensus,-14.5,0.05890797823667526,1893,1677,1,1,0,4.639655068944493
2022,12,2022-11-19,regular,Texas,Kansas,A,Y,55,14,41,,-9.0,consensus,32.0,0.9374753385782242,1862,1429,0,1,1,2.136811953022644
2022,13,2022-11-25,regular,Texas,Baylor,H,Y,38,27,11,,-10.0,consensus,1.0,0.9959493279457092,1927,1713,4,1,-3,5.798021825662384
2022,1,2022-12-30,postseason,Texas,Washington,N,N,20,27,-7,,-3.5,consensus,-10.5,0.3372200131416321,1931,1729,0,1,1,3.703849969765962
2022,1,2022-09-03,regular,Texas A&M,Sam Houston,H,N,31,0,31,,-36.5,consensus,-5.5,0.9280256032943726,1708,,2,2,0,2.2967790548421876
2022,2,2022-09-10,regular,Texas A&M,App State,H,N,14,17,-3,,-18.0,consensus,-21.0,0.2809922397136688,1708,1648,2,0,-2,5.375533410862889
2022,3,2022-09-18,regular,Texas A&M,Miami,H,N,17,9,8,,-6.5,consensus,1.5,0.8347919583320618,1700,1596,0,1,1,3.1495670237691655
2022,4,2022-09-24,regular,Texas A&M,Arkansas,N,Y,23,21,2,,-1.5,consensus,0.5,0.3009270115672987,1706,1665,0,1,1,6.7158801555
2022,5,2022-10-01,regular,Texas A&M,Mississippi State,A,Y,24,42,-18,,4.0,consensus,-14.0,0.045585691928863525,1708,1617,4,1,-3,3.6344322073264044
2022,6,2022-10-09,regular,Texas A&M,Alabama,A,Y,20,24,-4,,24.0,consensus,20.0,0.030139625072479248,1658,2190,1,4,3,6.646669316735048
2022,8,2022-10-22,regular,Texas A&M,South Carolina,A,Y,24,30,-6,,-3.0,consensus,-9.0,0,1669,1570,2,2,0,4.039487818171499
2022,9,2022-10-29,regular,Texas A&M,Ole Miss,H,Y,28,31,-3,,3.0,consensus,0.0,0.09631209820508957,1657,1692,0,0,0,6.30600813978382
2022,10,2022-11-05,regular,Texas A&M,Florida,H,Y,24,41,-17,,-1.5,consensus,-18.5,0.01812984235584736,1655,1552,2,0,-2,5.5912916495664575
2022,11,2022-11-13,regular,Texas A&M,Auburn,A,Y,10,13,-3,,1.5,consensus,-1.5,0,1603,1502,1,3,2,3.8866136810217635
2022,12,2022-11-19,regular,Texas A&M,Massachusetts,H,N,20,3,17,,-32.0,consensus,-15.0,1,1601,877,4,1,-3,3.892276556992265
2022,13,2022-11-27,regular,Texas A&M,LSU,H,Y,38,23,15,,10.0,consensus,25.0,0.9043120741844177,1579,1779,0,1,1,4.291569507971237
2022,1,2022-08-28,regular,Vanderbilt,Hawai'i,A,N,63,10,53,,-9.0,consensus,44.0,1,1222,1432,0,2,2,3.9124190877135883
2022,1,2022-09-03,regular,Vanderbilt,Elon,H,N,42,31,11,,-18.5,consensus,-7.5,0.954739511013031,1425,,0,1,1,2.816732904182028
2022,2,2022-09-10,regular,Vanderbilt,Wake Forest,H,N,25,45,-20,,13.5,consensus,-6.5,0.023379962891340256,1431,1640,3,1,-2,3.7668824177621083
2022,3,2022-09-17,regular,Vanderbilt,Northern Illinois,A,N,38,28,10,,2.5,consensus,12.5,0.96379679068923,1403,1377,1,1,0,5.8241579597941024
2022,4,2022-09-24,regular,Vanderbilt,Alabama,A,Y,3,55,-52,,40.5,consensus,-11.5,0.013102114200592041,1422,2121,0,1,1,2.8878392505532267
2022,6,2022-10-08,regular,Vanderbilt,Ole Miss,H,Y,28,52,-24,,17.0,consensus,-7.0,0.013502526096999645,1358,1746,1,2,1,4.9201688483212385
2022,7,2022-10-15,regular,Vanderbilt,Georgia,A,Y,0,55,-55,,37.5,consensus,-17.5,0.007964491844177246,1338,2087,1,0,-1,1.818572377544368
2022,8,2022-10-22,regular,Vanderbilt,Missouri,A,Y,14,17,-3,,14.0,consensus,11.0,0.1830011010169983,1271,1440,1,4,3,4.074231755701864
2022,10,2022-11-05,regular,Vanderbilt,South Carolina,H,Y,27,38,-11,,6.5,consensus,-4.5,0.17005716264247894,1272,1538,4,1,-3,4.12739736716559
2022,11,2022-11-12,regular,Vanderbilt,Kentucky,A,Y,24,21,3,,17.0,consensus,20.0,0.37699371576309204,1271,1610,2,1,-1,6.092129465387157
2022,12,2022-11-19,regular,Vanderbilt,Florida,H,Y,31,24,7,,14.0,consensus,21.0,0.9300811886787415,1298,1683,2,2,0,4.456958694485075
2022,13,2022-11-27,regular,Vanderbilt,Tennessee,H,Y,0,56,-56,,14.0,consensus,-42.0,0.0006093615666031837,1332,1879,1,0,-1,2.443515948560276
2023,1,2023-09-02,regular,Alabama,Middle Tennessee,H,N,56,7,49,-39.0,-39.5,DraftKings,9.5,0.9931087493896484,1954,1415,0,2,2,2.3660010380675867
2023,2,2023-09-09,regular,Alabama,Texas,H,N,24,34,-10,-7.0,-7.0,DraftKings,-17.0,0.03577952831983566,2029,1776,2,0,-2,6.574196239443171
2023,3,2023-09-16,regular,Alabama,South Florida,A,N,17,3,14,-31.5,-34.5,Bovada,-20.5,0.8070495873689651,1984,1249,1,2,1,5.143241011904963
2023,4,2023-09-23,regular,Alabama,Ole Miss,H,Y,24,10,14,-15.5,-7.0,DraftKings,7.0,0.8264315128326416,1954,1672,1,1,0,4.611935424139347
2023,5,2023-10-01,regular,Alabama,Mississippi State,A,Y,40,17,23,-11.5,-14.5,DraftKings,8.5,1,1959,1551,0,3,3,3.535895562373643
2023,6,2023-10-07,regular,Alabama,Texas A&M,A,Y,26,20,6,-8.5,-1.0,DraftKings,5.0,0.8925671800971031,1975,1733,2,1,-1,5.6995955159211755
2023,7,2023-10-14,regular,Alabama,Arkansas,H,Y,24,21,3,-18.0,-19.5,DraftKings,-16.5,0.9433117531744127,1969,1604,0,0,0,6.0834716855
2023,8,2023-10-21,regular,Alabama,Tennessee,H,Y,34,20,14,-9.5,-9.5,DraftKings,4.5,0.9397637248039246,1966,1902,2,1,-1,6.18980783615802
2023,10,2023-11-04,regular,Alabama,LSU,H,Y,42,28,14,-7.0,-3.0,DraftKings,11.0,1,1989,1952,0,1,1,6.143252103893256
2023,11,2023-11-11,regular,Alabama,Kentucky,A,Y,49,21,28,-10.0,-10.0,DraftKings,18.0,0.9945925772190094,2014,1645,2,2,0,4.108274634232548
2023,12,2023-11-18,regular,Alabama,Chattanooga,H,N,66,10,56,,-44.5,ESPN Bet,11.5,0.9919071197509766,2072,,0,1,1,1.7016063828166044
2023,13,2023-11-25,regular,Alabama,Auburn,A,Y,27,24,3,-14.0,-14.5,DraftKings,-11.5,0.8532338165142304,2047,1612,0,3,3,7.3620010608
2023,14,2023-12-02,regular,Alabama,Georgia,N,Y,27,24,3,5.0,5.0,DraftKings,8.0,0.8988999128341675,2028,2122,0,1,1,4.750936560754581
2023,1,2024-01-01,postseason,Alabama,Michigan,N,N,20,27,-7,1.5,1.5,DraftKings,-5.5,0.21192902326583862,2039,2174,1,1,0,6.782818738425242
2023,1,2023-09-02,regular,Arkansas,Western Carolina,N,N,56,13,43,-35.0,-38.0,Bovada,5.0,0.9953924417495728,1624,,0,5,5,2.0346995450722654
2023,2,2023-09-09,regular,Arkansas,Kent State,H,N,28,6,22,-38.0,-38.5,DraftKings,-16.5,0.9987026109024985,1624,1262,0,1,1,6.4974422908
2023,3,2023-09-16,regular,Arkansas,BYU,H,N,31,38,-7,-10.0,-7.5,Bovada,-14.5,0.6130568385124207,1641,1544,2,1,-1,6.3909591621983814
2023,4,2023-09-23,regular,Arkansas,LSU,A,Y,31,34,-3,13.5,17.5,DraftKings,14.5,0.29213231801986694,1620,1753,2,1,-1,6.699183109667416
2023,5,2023-09-30,regular,Arkansas,Texas A&M,N,Y,22,34,-12,4.0,6.0,DraftKings,-6.0,0.23699069023132324,1621,1722,1,3,2,4.940210587681654
2023,6,2023-10-07,regular,Arkansas,Ole Miss,A,Y,20,27,-7,9.5,11.5,DraftKings,4.5,0.007851183414459229,1610,1679,2,0,-2,5.736668111924412
2023,7,2023-10-14,regular,Arkansas,Alabama,A,Y,21,24,-3,18.0,19.5,DraftKings,16.5,0.05668824682558726,1604,1969,0,0,0,6.0834716855
2023,8,2023-10-21,regular,Arkansas,Mississippi State,H,Y,3,7,-4,-7.0,-6.5,DraftKings,-10.5,0.1885746419429779,1607,1538,2,1,-1,4.710120177330631
2023,10,2023-11-04,regular,Arkansas,Florida,A,Y,39,36,3,5.0,4.5,DraftKings,7.5,0.4274705648422241,1596,1592,2,1,-1,9.99688203941452
2023,11,2023-11-11,regular,Arkansas,Auburn,H,Y,10,48,-38,-3.0,-3.0,DraftKings,-41.0,0,1600,1590,2,2,0,4.028112214051205
2023,12,2023-11-19,regular,Arkansas,Florida International,H,N,44,20,24,-32.0,-32.0,DraftKings,-8.0,0.9950094819068909,1485,995,0,2,2,3.65180705770332
2023,13,2023-11-24,regular,Arkansas,Missouri,H,Y,14,48,-34,7.0,7.0,DraftKings,-27.0,0.005770199932157993,1495,1759,5,0,-5,4.090696418303551
2023,1,2023-09-02,regular,Auburn,Massachusetts,H,N,59,14,45,,-39.0,consensus,6.0,0.9751526117324829,1564,1122,0,2,2,2.386898191743815
2023,2,2023-09-10,regular,Auburn,California,A,N,14,10,4,-6.0,-4.5,DraftKings,-0.5,0.8154527992010117,1638,1552,4,3,-1,5.582624721623181
2023,3,2023-09-16,regular,Auburn,Samford,H,N,45,13,32,,-37.5,William Hill (New Jersey),-5.5,0.9931033849716187,1697,,3,2,-1,3.255868070100453
2023,4,2023-09-23,regular,Auburn,Texas A&M,A,Y,10,27,-17,7.5,8.5,DraftKings,-8.5,0.0034981966018676758,1639,1690,0,1,1,3.560431544652165
2023,5,2023-09-30,regular,Auburn,Georgia,H,Y,20,27,-7,18.5,14.0,DraftKings,7.0,0.17471203207969666,1607,2055,1,2,1,5.380302646459668
2023,7,2023-10-14,regular,Auburn,LSU,A,Y,18,48,-30,16.5,11.5,DraftKings,-18.5,0.002814054489135742,1625,1743,0,1,1,2.5879563118390494
2023,8,2023-10-21,regular,Auburn,Ole Miss,H,Y,21,28,-7,3.0,6.5,DraftKings,-0.5,0.580512285232544,1559,1685,2,2,0,5.4018476020302035
2023,9,2023-10-28,regular,Auburn,Mississippi State,H,Y,27,13,14,-7.0,-6.5,DraftKings,7.5,0.9588845372200012,1555,1549,0,1,1,2.341343219838762
2023,10,2023-11-04,regular,Auburn,Vanderbilt,A,Y,31,15,16,-13.0,-12.5,DraftKings,3.5,0.922654777765274,1583,1268,1,1,0,3.8254653180020886
2023,11,2023-11-11,regular,Auburn,Arkansas,A,Y,48,10,38,3.0,3.0,DraftKings,41.0,1,1590,1600,2,2,0,4.028112214051205
2023,12,2023-11-18,regular,Auburn,New Mexico State,H,N,10,31,-21,-22.0,-22.0,DraftKings,-43.0,0,1705,1391,0,0,0,3.9374704925453847
2023,13,2023-11-25,regular,Auburn,Alabama,H,Y,24,27,-3,14.0,14.5,DraftKings,11.5,0.14676618348576967,1612,2047,3,0,-3,7.3620010608
2023,1,2023-12-30,postseason,Auburn,Maryland,N,N,13,31,-18,-1.5,-1.5,DraftKings,-19.5,0.055411458015441895,1631,1649,4,1,-3,2.12569895493549
2023,1,2023-09-01,regular,Florida,Utah,A,N,11,24,-13,,8.0,consensus,-5.0,0.012990236282348633,1554,1776,1,0,-1,2.6993799294899743
2023,2,2023-09-09,regular,Florida,McNeese,H,N,49,7,42,,-48.5,William Hill (New Jersey),-6.5,0.996726930141449,1558,,1,0,-1,1.836958622092549
2023,3,2023-09-16,regular,Florida,Tennessee,H,Y,29,16,13,7.5,7.0,DraftKings,20.0,0.9498108625411987,1546,1887,0,1,1,3.7144080567288333
2023,4,2023-09-23,regular,Florida,Charlotte,H,N,22,7,15,-28.0,-28.0,DraftKings,-13.0,0.9794722199440002,1603,1205,2,0,-2,2.533835048897901
2023,5,2023-09-30,regular,Florida,Kentucky,A,Y,14,33,-19,3.5,1.5,DraftKings,-17.5,0.0021142959594726562,1601,1675,1,0,-1,2.024712092981398
2023,6,2023-10-07,regular,Florida,Vanderbilt,H,Y,38,14,24,-18.0,-18.5,DraftKings,5.5,0.9834399223327637,1565,1289,1,1,0,3.059374850283714
2023,7,2023-10-14,regular,Florida,South Carolina,A,Y,41,39,2,1.0,2.5,DraftKings,4.5,0.13888221979141235,1595,1549,0,2,2,9.082473883766026
2023,9,2023-10-28,regular,Florida,Georgia,N,Y,20,43,-23,21.5,14.5,DraftKings,-8.5,0,1595,2070,1,0,-1,3.2311522185127295
2023,10,2023-11-04,regular,Florida,Arkansas,H,Y,36,39,-3,-5.0,-4.5,DraftKings,-7.5,0.5725294351577759,1592,1596,1,2,1,9.99688203941452
2023,11,2023-11-12,regular,Florida,LSU,A,Y,35,52,-17,16.5,14.0,DraftKings,-3.0,0.08549535274505615,1588,1927,1,1,0,5.875435401919501
2023,12,2023-11-19,regular,Florida,Missouri,A,Y,31,33,-2,10.5,10.5,DraftKings,8.5,0.47985100746154785,1581,1761,2,0,-2,7.34940038917857
2023,13,2023-11-26,regular,Florida,Florida State,H,N,15,24,-9,9.0,6.0,DraftKings,-3.0,0.8001095056533813,1583,1954,1,0,-1,4.7851383374538745
2023,1,2023-09-02,regular,Georgia,UT Martin,H,N,48,7,41,-50.0,-51.0,Bovada,-10.0,0.9988458144967923,2033,,0,1,1,3.7616657728
2023,2,2023-09-09,regular,Georgia,Ball State,H,N,45,3,42,-41.5,-42.0,DraftKings,0.0,0.9893914461135864,2033,1305,1,3,2,2.67585382293765
2023,3,2023-09-16,regular,Georgia,South Carolina,H,Y,24,14,10,-24.0,-24.5,DraftKings,-14.5,0.9927236437797546,2065,1540,0,2,2,4.63409617296879
2023,4,2023-09-23,regular,Georgia,UAB,H,N,49,21,28,-42.0,-41.5,DraftKings,-13.5,0.9799349308013916,2048,1427,3,1,-2,3.0801765469867646
2023,5,2023-09-30,regular,Georgia,Auburn,A,Y,27,20,7,-18.5,-14.0,DraftKings,-7.0,0.8252879679203033,2055,1607,2,1,-1,5.380302646459668
2023,6,2023-10-07,regular,Georgia,Kentucky,H,Y,51,13,38,-21.5,-14.5,DraftKings,23.5,0.9830808639526367,2037,1711,1,0,-1,1.8737033893454944
2023,7,2023-10-14,regular,Georgia,Vanderbilt,A,Y,37,20,17,-31.5,-32.5,DraftKings,-15.5,0.6509475111961365,2103,1259,2,1,-1,3.252757605678285
2023,9,2023-10-28,regular,Georgia,Florida,N,Y,43,20,23,-21.5,-14.5,DraftKings,8.5,1,2070,1595,0,1,1,3.2311522185127295
2023,10,2023-11-04,regular,Georgia,Missouri,H,Y,30,21,9,-15.5,-15.0,DraftKings,-6.0,0.7125607132911682,2073,1630,0,2,2,6.313168714767845
2023,11,2023-11-12,regular,Georgia,Ole Miss,H,Y,52,17,35,-19.5,-13.0,DraftKings,22.0,0.9934244751930237,2060,1714,1,1,0,3.8263285431817455
2023,12,2023-11-18,regular,Georgia,Tennessee,A,Y,38,10,28,-8.5,-10.0,DraftKings,18.0,0.9843325205147266,2115,1830,1,0,-1,3.3827510583915443
2023,13,2023-11-26,regular,Georgia,Georgia Tech,A,N,31,23,8,-23.0,-23.0,DraftKings,-15.0,0.8337839245796204,2158,1419,2,0,-2,3.6268672294105824
2023,14,2023-12-02,regular,Georgia,Alabama,N,Y,24,27,-3,-5.0,-5.0,DraftKings,-8.0,0.10110008716583252,2122,2028,1,0,-1,4.750936560754581
2023,1,2023-12-30,postseason,Georgia,Florida State,N,N,63,3,60,-13.5,-13.5,DraftKings,46.5,0.9923091642558575,2111,1951,0,4,4,2.473631948417131
2023,1,2023-09-02,regular,Kentucky,Ball State,H,N,44,14,30,-26.5,-26.5,DraftKings,3.5,0.8427433967590332,1570,1360,1,2,1,2.93496709628458
2023,2,2023-09-09,regular,Kentucky,Eastern Kentucky,H,N,28,17,11,-35.5,-35.5,DraftKings,-24.5,0.9494829773902893,1730,,1,2,1,5.0669307818770974
2023,3,2023-09-16,regular,Kentucky,Akron,H,N,35,3,32,-24.5,-25.5,Bovada,6.5,0.9918233156204224,1625,1268,3,1,-2,2.4206917364202525
2023,4,2023-09-23,regular,Kentucky,Vanderbilt,A,Y,45,28,17,-14.0,-13.5,DraftKings,3.5,0.9845554400235415,1669,1316,2,4,2,3.30377304671024
2023,5,2023-09-30,regular,Kentucky,Florida,H,Y,33,14,19,-3.5,-1.5,DraftKings,17.5,0.9978857040405273,1675,1601,0,1,1,2.024712092981398
2023,6,2023-10-07,regular,Kentucky,Georgia,A,Y,13,51,-38,21.5,14.5,DraftKings,-23.5,0.01691913604736328,1711,2037,0,1,1,1.8737033893454944
2023,7,2023-10-14,regular,Kentucky,Missouri,H,Y,21,38,-17,-2.5,-2.5,DraftKings,-19.5,0.019587013870477676,1645,1526,3,1,-2,5.561388092180199
2023,9,2023-10-28,regular,Kentucky,Tennessee,H,Y,27,33,-6,3.5,3.5,DraftKings,-2.5,0.15966427326202393,1591,1879,0,0,0,5.810001759674932
2023,10,2023-11-04,regular,Kentucky,Mississippi State,A,Y,24,3,21,-3.0,-5.0,DraftKings,16.0,1,1600,1521,0,1,1,3.1871900528112276
2023,11,2023-11-11,regular,Kentucky,Alabama,H,Y,21,49,-28,10.0,10.0,DraftKings,-18.0,0.005407422780990601,1645,2014,2,2,0,4.108274634232548
2023,12,2023-11-19,regular,Kentucky,South Carolina,A,Y,14,17,-3,-1.5,-1.5,DraftKings,-4.5,0.012853562831878662,1612,1597,3,0,-3,5.1585674335051745
2023,13,2023-11-25,regular,Kentucky,Louisville,A,N,38,31,7,7.0,7.0,DraftKings,14.0,0.6382710039615631,1611,1761,1,3,2,6.770680853932759
2023,1,2023-12-29,postseason,Kentucky,Clemson,N,N,35,38,-3,7.5,7.5,DraftKings,4.5,0.3369513750076294,1636,1769,4,1,-3,7.889368274324155
2023,1,2023-09-03,regular,LSU,Florida State,N,N,24,45,-21,,-2.5,consensus,-23.5,0.006825447082519531,1747,1732,2,1,-1,5.788158954416528
2023,2,2023-09-09,regular,LSU,Grambling,H,N,72,10,62,,-56.5,William Hill (New Jersey),5.5,0.970504879951477,1484,,0,2,2,2.792762146045012
2023,3,2023-09-16,regular,LSU,Mississippi State,A,Y,41,14,27,-9.0,-7.5,DraftKings,19.5,0.9858876233920455,1687,1627,0,0,0,3.614923634901991
2023,4,2023-09-23,regular,LSU,Arkansas,H,Y,34,31,3,-13.5,-17.5,DraftKings,-14.5,0.7078676819801331,1753,1620,1,2,1,6.699183109667416
2023,5,2023-09-30,regular,LSU,Ole Miss,A,Y,49,55,-6,-4.5,-2.5,DraftKings,-8.5,0.38900500535964966,1752,1667,1,0,-1,8.87566658644997
2023,6,2023-10-07,regular,LSU,Missouri,A,Y,49,39,10,-8.0,-4.0,DraftKings,6.0,0.9967635187786072,1740,1529,0,2,2,7.433456205853879
2023,7,2023-10-14,regular,LSU,Auburn,H,Y,48,18,30,-16.5,-11.5,DraftKings,18.5,0.9971859455108643,1743,1625,1,0,-1,2.5879563118390494
2023,8,2023-10-21,regular,LSU,Army,H,N,62,0,62,-29.5,-33.0,DraftKings,29.0,0.9897582530975342,1809,1444,0,4,4,2.143393067008351
2023,10,2023-11-04,regular,LSU,Alabama,A,Y,28,42,-14,7.0,3.0,DraftKings,-11.0,0,1952,1989,1,0,-1,6.143252103893256
2023,11,2023-11-12,regular,LSU,Florida,H,Y,52,35,17,-16.5,-14.0,DraftKings,3.0,0.9145046472549438,1927,1588,1,1,0,5.875435401919501
2023,12,2023-11-19,regular,LSU,Georgia State,H,N,56,14,42,-30.5,-30.5,DraftKings,11.5,0.9673275351524353,1934,1374,0,0,0,3.539469809570409
2023,13,2023-11-25,regular,LSU,Texas A&M,H,Y,42,30,12,-9.5,-10.5,DraftKings,1.5,0.4884084463119507,1985,1827,0,1,1,4.965661723627621
2023,1,2024-01-01,postseason,LSU,Wisconsin,N,N,35,31,4,-10.0,-10.0,DraftKings,-6.0,0.1341584175825119,1995,1621,1,1,0,7.1847001750706765
2023,1,2023-09-02,regular,Mississippi State,SE Louisiana,H,N,48,7,41,-28.0,-31.5,Bovada,9.5,0.9907048344612122,1629,,0,1,1,2.855565854234147
2023,2,2023-09-09,regular,Mississippi State,Arizona,H,N,31,24,7,-9.5,-8.5,DraftKings,-1.5,0.9436410665512085,1629,1416,1,5,4,5.674132282804362
2023,3,2023-09-16,regular,Mississippi State,LSU,H,Y,14,41,-27,9.0,7.5,DraftKings,-19.5,0.014112376607954502,1627,1687,0,0,0,3.614923634901991
2023,4,2023-09-23,regular,Mississippi State,South Carolina,A,Y,30,37,-7,6.5,6.0,DraftKings,-1.0,0.23848211765289307,1561,1557,2,1,-1,5.903555503865502
2023,5,2023-10-01,regular,Mississippi State,Alabama,H,Y,17,40,-23,11.5,14.5,DraftKings,-8.5,0,1551,1959,3,0,-3,3.535895562373643
2023,6,2023-10-07,regular,Mississippi State,Western Michigan,H,N,41,28,13,-21.5,-20.5,DraftKings,-7.5,0.9797731637954712,1535,1249,1,1,0,3.6895740148417406
2023,8,2023-10-21,regular,Mississippi State,Arkansas,A,Y,7,3,4,7.0,6.5,DraftKings,10.5,0.8114253580570221,1538,1607,1,2,1,4.710120177330631
2023,9,2023-10-28,regular,Mississippi State,Auburn,A,Y,13,27,-14,7.0,6.5,DraftKings,-7.5,0.04111546277999878,1549,1555,1,0,-1,2.341343219838762
2023,10,2023-11-04,regular,Mississippi State,Kentucky,H,Y,3,24,-21,3.0,5.0,DraftKings,-16.0,0,1521,1600,1,0,-1,3.1871900528112276
2023,11,2023-11-12,regular,Mississippi State,Texas A&M,A,Y,10,51,-41,18.5,18.5,DraftKings,-22.5,0.009537935256958008,1476,1743,4,0,-4,3.272433733182391
2023,12,2023-11-18,regular,Mississippi State,Southern Miss,H,N,41,20,21,-14.0,-14.0,DraftKings,7.0,0.958077073097229,1392,1184,0,2,2,4.3896739744772795
2023,13,2023-11-24,regular,Mississippi State,Ole Miss,H,Y,7,17,-10,1.5,11.0,DraftKings,1.0,0.03835942968726158,1421,1676,0,0,0,4.985995098971654
2023,1,2023-09-01,regular,Missouri,South Dakota,H,N,35,10,25,-27.5,-27.0,DraftKings,-2.0,0.9934393763542175,1480,,1,0,-1,2.0731976336654157
2023,2,2023-09-09,regular,Missouri,Middle Tennessee,H,N,23,19,4,-21.0,-21.0,DraftKings,-17.0,0.8048872351646423,1480,1340,0,0,0,4.585190162152191
2023,3,2023-09-16,regular,Missouri,Kansas State,H,N,30,27,3,2.0,2.0,DraftKings,5.0,0.8118879199028015,1479,1795,0,1,1,7.2612809447670665
2023,4,2023-09-23,regular,Missouri,Memphis,N,N,34,27,7,-5.5,-6.5,DraftKings,0.5,0.65269935131073,1485,1581,1,2,1,4.823522954908969
2023,5,2023-09-30,regular,Missouri,Vanderbilt,A,Y,38,21,17,-13.5,-13.5,DraftKings,3.5,0.9949882850050926,1508,1310,1,1,0,3.8213367399537863
2023,6,2023-10-07,regular,Missouri,LSU,H,Y,39,49,-10,8.0,4.0,DraftKings,-6.0,0.0032364812213927507,1529,1740,2,0,-2,7.433456205853879
2023,7,2023-10-14,regular,Missouri,Kentucky,A,Y,38,21,17,2.5,2.5,DraftKings,19.5,0.9804129861295223,1526,1645,1,3,2,5.561388092180199
2023,8,2023-10-21,regular,Missouri,South Carolina,H,Y,34,12,22,-6.0,-7.5,DraftKings,14.5,0.9903053045272827,1580,1549,0,1,1,2.6197865634004565
2023,10,2023-11-04,regular,Missouri,Georgia,A,Y,21,30,-9,15.5,15.0,DraftKings,6.0,0.2874392867088318,1630,2073,2,0,-2,6.313168714767845
2023,11,2023-11-11,regular,Missouri,Tennessee,H,Y,36,7,29,1.0,1.0,DraftKings,30.0,0.9213712215423584,1643,1948,1,3,2,5.335533629583766
2023,12,2023-11-19,regular,Missouri,Florida,H,Y,33,31,2,-10.5,-10.5,DraftKings,-8.5,0.5201489925384521,1761,1581,0,2,2,7.34940038917857
2023,13,2023-11-24,regular,Missouri,Arkansas,A,Y,48,14,34,-7.0,-7.0,DraftKings,27.0,0.994229800067842,1759,1495,0,5,5,4.090696418303551
2023,1,2023-12-30,postseason,Missouri,Ohio State,N,N,14,3,11,6.5,6.5,DraftKings,17.5,0.937360520018108,1823,2108,0,1,1,6.9882646053
2023,1,2023-09-02,regular,Oklahoma,Arkansas State,H,N,73,0,73,-33.5,-36.0,DraftKings,37.0,0.9919655919075012,1608,1256,0,1,1,1.888097348552917
2023,2,2023-09-09,regular,Oklahoma,SMU,H,N,28,11,17,-16.0,-16.5,DraftKings,0.5,1,1793,1535,0,2,2,4.755072357236241
2023,3,2023-09-16,regular,Oklahoma,Tulsa,A,N,66,17,49,-26.0,-28.0,Bovada,21.0,0.9776706416159868,1807,1370,2,5,3,2.4254905307612944
2023,4,2023-09-23,regular,Oklahoma,Cincinnati,A,Y,20,6,14,-14.5,-14.0,DraftKings,0.0,0.9189153984189034,1897,1597,1,2,1,5.127233280106722
2023,5,2023-09-30,regular,Oklahoma,Iowa State,H,Y,50,20,30,-20.0,-20.0,DraftKings,10.0,0.9872803688049316,1901,1537,1,2,1,3.647725356830426
2023,6,2023-10-07,regular,Oklahoma,Texas,N,Y,34,30,4,-6.5,5.5,DraftKings,9.5,0.7789706140756607,1939,1910,0,3,3,8.06180938771907
2023,8,2023-10-21,regular,Oklahoma,UCF,H,Y,31,29,2,-18.0,-17.5,DraftKings,-15.5,0.45751073956489563,1939,1540,1,0,-1,7.315160053350598
2023,9,2023-10-28,regular,Oklahoma,Kansas,A,Y,33,38,-5,-7.0,-9.0,DraftKings,-14.0,0.5054906010627747,1934,1546,3,3,0,8.779319683269716
2023,10,2023-11-04,regular,Oklahoma,Oklahoma State,A,Y,24,27,-3,-8.0,-6.0,DraftKings,-9.0,0.10845458507537842,1911,1624,3,1,-2,6.691184870230753
2023,11,2023-11-12,regular,Oklahoma,West Virginia,H,Y,59,20,39,-12.0,-12.0,DraftKings,27.0,0.9687048196792603,1906,1577,1,2,1,3.434402185860199
2023,12,2023-11-18,regular,Oklahoma,BYU,A,Y,31,24,7,-24.0,-24.0,DraftKings,-17.0,0.961460504680872,1975,1334,0,3,3,6.334550080616901
2023,13,2023-11-24,regular,Oklahoma,TCU,H,Y,69,45,24,-6.5,-12.5,DraftKings,11.5,1,1945,1660,2,1,-1,3.894179905770515
2023,1,2023-12-29,postseason,Oklahoma,Arizona,N,N,24,38,-14,1.0,1.0,DraftKings,-13.0,0.34772178530693054,1974,1778,6,1,-5,5.901661768197439
2023,1,2023-09-02,regular,Ole Miss,Mercer,H,N,73,7,66,-31.5,-34.0,Bovada,32.0,0.9938141703605652,1589,,1,3,2,2.1484603850557513
2023,2,2023-09-09,regular,Ole Miss,Tulane,A,N,37,20,17,-6.5,-8.5,DraftKings,8.5,0.9427277147769928,1589,1671,1,2,1,6.275807393230487
2023,3,2023-09-16,regular,Ole Miss,Georgia Tech,H,N,48,23,25,-19.0,-17.0,Bovada,8.0,1,1639,1362,0,0,0,3.3512905185211226
2023,4,2023-09-23,regular,Ole Miss,Alabama,A,Y,10,24,-14,15.5,7.0,DraftKings,-7.0,0.1735684871673584,1672,1954,1,1,0,4.611935424139347
2023,5,2023-09-30,regular,Ole Miss,LSU,H,Y,55,49,6,4.5,2.5,DraftKings,8.5,0.6109949946403503,1667,1752,0,1,1,8.87566658644997
2023,6,2023-10-07,regular,Ole Miss,Arkansas,H,Y,27,20,7,-9.5,-11.5,DraftKings,-4.5,0.9921488165855408,1679,1610,0,2,2,5.736668111924412
2023,8,2023-10-21,regular,Ole Miss,Auburn,A,Y,28,21,7,-3.0,-6.5,DraftKings,0.5,0.41948771476745605,1685,1559,2,2,0,5.4018476020302035
2023,9,2023-10-28,regular,Ole Miss,Vanderbilt,H,Y,33,7,26,-25.5,-24.5,DraftKings,1.5,0.9912412762641907,1689,1292,1,2,1,1.9607960570763636
2023,10,2023-11-04,regular,Ole Miss,Texas A&M,H,Y,38,35,3,-3.0,-3.0,DraftKings,0.0,0.7903981914576,1713,1744,0,1,1,8.5472397955
2023,11,2023-11-12,regular,Ole Miss,Georgia,A,Y,17,52,-35,19.5,13.0,DraftKings,-22.0,0.006575524806976318,1714,2060,1,1,0,3.8263285431817455
2023,12,2023-11-18,regular,Ole Miss,UL Monroe,H,N,35,3,32,-37.0,-37.0,DraftKings,-5.0,1,1659,1035,0,1,1,3.348865528245617
2023,13,2023-11-24,regular,Ole Miss,Mississippi State,A,Y,17,7,10,-1.5,-11.0,DraftKings,-1.0,0.9616405703127384,1676,1421,0,0,0,4.985995098971654
2023,1,2023-12-30,postseason,Ole Miss,Penn State,N,N,38,25,13,3.5,3.5,DraftKings,16.5,0.8175514191389084,1676,2061,0,2,2,5.5679985397957825
2023,1,2023-09-02,regular,South Carolina,North Carolina,N,N,17,31,-14,,-2.5,consensus,-16.5,0,1580,1539,0,2,2,6.807055393876844
2023,2,2023-09-09,regular,South Carolina,Furman,H,N,47,21,26,,-18.0,William Hill (New Jersey),8.0,0.9605110287666321,1459,,1,1,0,4.43057509821862
2023,3,2023-09-16,regular,South Carolina,Georgia,A,Y,14,24,-10,24.0,24.5,DraftKings,14.5,0.007276356220245361,1540,2065,2,0,-2,4.63409617296879
2023,4,2023-09-23,regular,South Carolina,Mississippi State,H,Y,37,30,7,-6.5,-6.0,DraftKings,1.0,0.7615178823471069,1557,1561,1,2,1,5.903555503865502
2023,5,2023-09-30,regular,South Carolina,Tennessee,A,Y,20,41,-21,13.0,12.5,DraftKings,-8.5,0.005768001079559326,1567,1883,1,2,1,3.680708868879232
2023,7,2023-10-14,regular,South Carolina,Florida,H,Y,39,41,-2,-1.0,-2.5,DraftKings,-4.5,0.8611177802085876,1549,1595,2,0,-2,9.082473883766026
2023,8,2023-10-21,regular,South Carolina,Missouri,A,Y,12,34,-22,6.0,7.5,DraftKings,-14.5,0.009694695472717285,1549,1580,1,0,-1,2.6197865634004565
2023,9,2023-10-28,regular,South Carolina,Texas A&M,A,Y,17,30,-13,14.0,14.5,DraftKings,1.5,0.20748555660247803,1499,1738,1,0,-1,3.625831456680813
2023,10,2023-11-04,regular,South Carolina,Jacksonville State,H,N,38,28,10,-15.5,-15.5,DraftKings,-5.5,0.9917386174201965,1493,1508,1,4,3,6.954698275016566
2023,11,2023-11-11,regular,South Carolina,Vanderbilt,H,Y,47,6,41,-14.0,-14.0,DraftKings,27.0,0.9773297905921936,1511,1261,1,2,1,2.6174784115141896
2023,12,2023-11-19,regular,South Carolina,Kentucky,H,Y,17,14,3,1.5,1.5,DraftKings,4.5,0.9871464371681213,1597,1612,0,3,3,5.1585674335051745
2023,13,2023-11-26,regular,South Carolina,Clemson,H,N,7,16,-9,7.0,7.0,DraftKings,-2.0,0.0032313354313373566,1598,1765,2,1,-1,4.290412204214198
2023,1,2023-09-02,regular,Tennessee,Virginia,N,N,49,13,36,,-28.0,consensus,8.0,0.9875525236129761,1833,1393,1,0,-1,2.857223860667069
2023,2,2023-09-09,regular,Tennessee,Austin Peay,H,N,30,13,17,-45.5,-45.5,DraftKings,-28.5,0.9913535714149475,1735,,1,2,1,4.550903749976354
2023,3,2023-09-16,regular,Tennessee,Florida,A,Y,16,29,-13,-7.5,-7.0,DraftKings,-20.0,0.05018913745880127,1887,1546,1,0,-1,3.7144080567288333
2023,4,2023-09-23,regular,Tennessee,UTSA,H,N,45,14,31,-20.5,-21.5,DraftKings,9.5,0.9831174612045288,1830,1575,1,3,2,2.2126093392681603
2023,5,2023-09-30,regular,Tennessee,South Carolina,H,Y,41,20,21,-13.0,-12.5,DraftKings,8.5,0.9942319989204407,1883,1567,2,1,-1,3.680708868879232
2023,7,2023-10-14,regular,Tennessee,Texas A&M,H,Y,20,13,7,-7.0,-3.0,DraftKings,4.0,0.6652219295501709,1901,1739,1,2,1,6.453905735791416
2023,8,2023-10-21,regular,Tennessee,Alabama,A,Y,20,34,-14,9.5,9.5,DraftKings,-4.5,0.06023627519607544,1902,1966,1,2,1,6.18980783615802
2023,9,2023-10-28,regular,Tennessee,Kentucky,A,Y,33,27,6,-3.5,-3.5,DraftKings,2.5,0.8403357267379761,1879,1591,0,0,0,5.810001759674932
2023,10,2023-11-04,regular,Tennessee,UConn,H,N,59,3,56,-34.0,-36.0,DraftKings,20.0,0.9658122658729553,1870,1187,0,3,3,2.618328726468474
2023,11,2023-11-11,regular,Tennessee,Missouri,A,Y,7,36,-29,-1.0,-1.0,DraftKings,-30.0,0.0786287784576416,1948,1643,3,1,-2,5.335533629583766
2023,12,2023-11-18,regular,Tennessee,Georgia,H,Y,10,38,-28,8.5,10.0,DraftKings,-18.0,0.01566747948527336,1830,2115,0,1,1,3.3827510583915443
2023,13,2023-11-25,regular,Tennessee,Vanderbilt,H,Y,48,24,24,-25.5,-25.5,DraftKings,-1.5,0.993727541165205,1787,1175,1,0,-1,5.8917547354
2023,1,2024-01-01,postseason,Tennessee,Iowa,N,N,35,0,35,-8.0,-8.0,DraftKings,27.0,1,1786,1666,0,3,3,2.4893769197796813
2023,1,2023-09-02,regular,Texas,Rice,H,N,37,10,27,-35.5,-35.0,DraftKings,-8.0,0.8952619433403015,1766,1204,0,3,3,4.979278887264756
2023,2,2023-09-09,regular,Texas,Alabama,A,N,34,24,10,7.0,7.0,DraftKings,17.0,0.9642204716801643,1776,2029,0,2,2,6.574196239443171
2023,3,2023-09-17,regular,Texas,Wyoming,H,N,31,10,21,-28.0,-31.0,Bovada,-10.0,0.984604001045227,1821,1412,1,1,0,4.31688491410334
2023,4,2023-09-23,regular,Texas,Baylor,A,Y,38,6,32,-8.0,-14.5,DraftKings,17.5,0.9887274177744985,1831,1563,2,1,-1,3.740726262775553
2023,5,2023-09-30,regular,Texas,Kansas,H,Y,40,14,26,-18.0,-16.5,DraftKings,9.5,0.9918689727783203,1888,1480,1,1,0,3.563231744496986
2023,6,2023-10-07,regular,Texas,Oklahoma,N,Y,30,34,-4,6.5,-5.5,DraftKings,-9.5,0.2210293859243393,1910,1939,3,0,-3,8.06180938771907
2023,8,2023-10-21,regular,Texas,Houston,A,Y,31,24,7,-22.0,-23.5,DraftKings,-16.5,0.5665886998176575,1910,1543,0,2,2,4.8148698998073955
2023,9,2023-10-28,regular,Texas,BYU,H,Y,35,6,29,-17.5,-18.5,DraftKings,10.5,1,1897,1511,2,3,1,2.091747843840426
2023,10,2023-11-04,regular,Texas,Kansas State,H,Y,33,30,3,-9.5,-4.0,DraftKings,-1.0,0.5287690758705139,1930,1971,3,2,-1,6.899353353570967
2023,11,2023-11-12,regular,Texas,TCU,A,Y,29,26,3,-6.0,-6.0,DraftKings,-3.0,0.5491163730621338,1932,1605,1,2,1,4.893560620329281
2023,12,2023-11-19,regular,Texas,Iowa State,A,Y,26,16,10,-8.0,-8.0,DraftKings,2.0,0.8130111396312714,1918,1660,1,1,0,5.361213264500033
2023,13,2023-11-25,regular,Texas,Texas Tech,H,Y,57,7,50,-13.5,-13.5,DraftKings,36.5,0.9270350337028503,1917,1613,1,3,2,2.7018201258943653
2023,14,2023-12-02,regular,Texas,Oklahoma State,N,Y,49,21,28,-14.0,-14.0,DraftKings,14.0,0.9125336408615112,2026,1512,1,2,1,2.682477923978333
2023,1,2024-01-02,postseason,Texas,Washington,N,N,31,37,-6,-4.5,-4.5,DraftKings,-10.5,0.06161683797836304,2050,1883,2,1,-1,5.923859524212946
2023,1,2023-09-02,regular,Texas A&M,New Mexico,H,N,52,10,42,-38.5,-38.0,DraftKings,4.0,0.9874218702316284,1586,1187,0,1,1,2.602985661203573
2023,2,2023-09-09,regular,Texas A&M,Miami,A,N,33,48,-15,-6.5,-3.0,DraftKings,-18.0,0.11223036050796509,1656,1481,3,1,-2,5.897074471841576
2023,3,2023-09-16,regular,Texas A&M,UL Monroe,H,N,47,3,44,-32.0,-36.5,Bovada,7.5,0.9989158158362372,1608,1255,0,0,0,3.311485305
2023,4,2023-09-23,regular,Texas A&M,Auburn,H,Y,27,10,17,-7.5,-8.5,DraftKings,8.5,0.9965018033981323,1690,1639,1,0,-1,3.560431544652165
2023,5,2023-09-30,regular,Texas A&M,Arkansas,N,Y,34,22,12,-4.0,-6.0,DraftKings,6.0,0.7630093097686768,1722,1621,3,1,-2,4.940210587681654
2023,6,2023-10-07,regular,Texas A&M,Alabama,H,Y,20,26,-6,8.5,1.0,DraftKings,-5.0,0.10743281990289688,1733,1975,1,2,1,5.6995955159211755
2023,7,2023-10-14,regular,Texas A&M,Tennessee,A,Y,13,20,-7,7.0,3.0,DraftKings,-4.0,0.3347780704498291,1739,1901,2,1,-1,6.453905735791416
2023,9,2023-10-28,regular,Texas A&M,South Carolina,H,Y,30,17,13,-14.0,-14.5,DraftKings,-1.5,0.792514443397522,1738,1499,0,1,1,3.625831456680813
2023,10,2023-11-04,regular,Texas A&M,Ole Miss,A,Y,35,38,-3,3.0,3.0,DraftKings,0.0,0.20960180854239996,1744,1713,1,0,-1,8.5472397955
2023,11,2023-11-12,regular,Texas A&M,Mississippi State,H,Y,51,10,41,-18.5,-18.5,DraftKings,22.5,0.990462064743042,1743,1476,0,4,4,3.272433733182391
2023,12,2023-11-18,regular,Texas A&M,Abilene Christian,H,N,38,10,28,,-40.5,ESPN Bet,-12.5,0.9932087747170723,1837,,1,0,-1,4.7473865774
2023,13,2023-11-25,regular,Texas A&M,LSU,A,Y,30,42,-12,9.5,10.5,DraftKings,-1.5,0.5115915536880493,1827,1985,1,0,-1,4.965661723627621
2023,1,2023-12-28,postseason,Texas A&M,Oklahoma State,N,N,23,31,-8,-4.5,-4.5,DraftKings,-12.5,0.440491259098053,1817,1488,2,2,0,3.5298722771505053
2023,1,2023-08-26,regular,Vanderbilt,Hawai'i,H,N,35,28,7,-18.0,-18.0,DraftKings,-11.0,0.31702595949172974,1322,1246,0,2,2,4.0057227822225805
2023,1,2023-09-02,regular,Vanderbilt,Alabama A&M,H,N,47,13,34,-36.0,-35.0,Bovada,-1.0,0.9946593046188354,1238,,1,1,0,3.5328270430175164
2023,2,2023-09-09,regular,Vanderbilt,Wake Forest,A,N,20,36,-16,10.0,10.0,DraftKings,-6.0,0.03459364175796509,1327,1608,3,1,-2,3.50847359074145
2023,3,2023-09-16,regular,Vanderbilt,UNLV,A,N,37,40,-3,-4.0,-4.5,Bovada,-7.5,0.09048742055892944,1317,1340,4,2,-2,8.397187166464105
2023,4,2023-09-23,regular,Vanderbilt,Kentucky,H,Y,28,45,-17,14.0,13.5,DraftKings,-3.5,0.01544455997645855,1316,1669,4,2,-2,3.30377304671024
2023,5,2023-09-30,regular,Vanderbilt,Missouri,H,Y,21,38,-17,13.5,13.5,DraftKings,-3.5,0.005011714994907379,1310,1508,1,1,0,3.8213367399537863
2023,6,2023-10-07,regular,Vanderbilt,Florida,A,Y,14,38,-24,18.0,18.5,DraftKings,-5.5,0.016560077667236328,1289,1565,1,1,0,3.059374850283714
2023,7,2023-10-14,regular,Vanderbilt,Georgia,H,Y,20,37,-17,31.5,32.5,DraftKings,15.5,0.3490524888038635,1259,2103,1,2,1,3.252757605678285
2023,9,2023-10-28,regular,Vanderbilt,Ole Miss,A,Y,7,33,-26,25.5,24.5,DraftKings,-1.5,0.008758723735809326,1292,1689,2,1,-1,1.9607960570763636
2023,10,2023-11-04,regular,Vanderbilt,Auburn,H,Y,15,31,-16,13.0,12.5,DraftKings,-3.5,0.07734522223472595,1268,1583,1,1,0,3.8254653180020886
2023,11,2023-11-11,regular,Vanderbilt,South Carolina,A,Y,6,47,-41,14.0,14.0,DraftKings,-27.0,0.022670209407806396,1261,1511,2,1,-1,2.6174784115141896
2023,13,2023-11-25,regular,Vanderbilt,Tennessee,A,Y,24,48,-24,25.5,25.5,DraftKings,1.5,0.006272458834794992,1175,1787,0,1,1,5.8917547354
2024,1,2024-08-31,regular,Alabama,Western Kentucky,H,N,63,0,63,-31.0,-31.0,DraftKings,32.0,0.9892138242721558,1854,1466,1,2,1,2.0994842554552258
2024,2,2024-09-07,regular,Alabama,South Florida,H,N,42,16,26,-31.0,-31.0,DraftKings,-5.0,0.9907345175743103,1997,1442,3,0,-3,5.519475001485697
2024,3,2024-09-14,regular,Alabama,Wisconsin,A,N,42,10,32,-9.0,-15.5,DraftKings,16.5,0.9902566447854042,2006,1593,0,2,2,3.0312765267104105
2024,5,2024-09-28,regular,Alabama,Georgia,H,Y,41,34,7,4.5,2.0,DraftKings,9.0,0.9645187854766846,2046,2046,1,4,3,5.455698136787349
2024,6,2024-10-05,regular,Alabama,Vanderbilt,A,Y,35,40,-5,-24.0,-23.5,DraftKings,-28.5,0.1192209724932829,2056,1317,2,0,-2,7.6288286297
2024,7,2024-10-12,regular,Alabama,South Carolina,H,Y,27,25,2,-21.5,-21.0,DraftKings,-19.0,0.7796367406845093,2014,1654,2,4,2,5.932774080878053
2024,8,2024-10-19,regular,Alabama,Tennessee,A,Y,17,24,-7,-2.5,-3.5,DraftKings,-10.5,0.004995286464691162,2010,1936,2,3,1,6.986754327403018
2024,9,2024-10-26,regular,Alabama,Missouri,H,Y,34,0,34,-8.5,-16.0,DraftKings,18.0,0.9217037558555603,1996,1735,0,3,3,2.7240010291755583
2024,11,2024-11-10,regular,Alabama,LSU,A,Y,42,13,29,1.0,-2.5,DraftKings,26.5,1,2058,1855,0,3,3,3.2314681889553802
2024,12,2024-11-16,regular,Alabama,Mercer,H,N,52,7,45,,-42.0,DraftKings,3.0,0.990824282169342,2130,,0,3,3,2.210549656090027
2024,13,2024-11-24,regular,Alabama,Oklahoma,A,Y,3,24,-21,-2.0,-14.0,DraftKings,-35.0,6.377696990966797e-05,2113,1678,3,1,-2,3.3117644923004925
2024,14,2024-11-30,regular,Alabama,Auburn,H,Y,28,14,14,-14.0,-11.0,DraftKings,3.0,0.8266636729240417,2011,1607,4,2,-2,3.3247335585616766
2024,1,2024-12-31,postseason,Alabama,Michigan,N,N,13,19,-6,,-16.5,DraftKings,-22.5,0.05037045478820801,2007,1888,3,1,-2,4.158917425691646
2024,1,2024-08-29,regular,Arkansas,Arkansas-Pine Bluff,N,N,70,0,70,,-50.5,ESPN Bet,19.5,0.9989700310726486,1454,,0,0,0,2.5735528941
2024,2,2024-09-07,regular,Arkansas,Oklahoma State,A,N,31,39,-8,9.0,7.5,DraftKings,-0.5,0.6955489814281464,1454,1522,3,1,-2,8.765053543167511
2024,3,2024-09-14,regular,Arkansas,UAB,H,N,37,27,10,-24.0,-24.0,DraftKings,-14.0,0.7729232311248779,1446,1270,1,1,0,5.779283553160291
2024,4,2024-09-21,regular,Arkansas,Auburn,A,Y,24,14,10,,2.5,DraftKings,12.5,0.7470990121364594,1451,1569,2,5,3,6.433586929726095
2024,5,2024-09-28,regular,Arkansas,Texas A&M,N,Y,17,21,-4,10.5,6.5,DraftKings,2.5,0.6745671927928925,1483,1685,3,0,-3,6.964203930175432
2024,6,2024-10-05,regular,Arkansas,Tennessee,H,Y,19,14,5,10.5,14.0,DraftKings,19.0,0.7092388868331909,1485,1975,0,0,0,6.621208239819063
2024,8,2024-10-19,regular,Arkansas,LSU,H,Y,10,34,-24,9.5,3.0,DraftKings,-21.0,0,1513,1875,3,0,-3,3.8338395747864134
2024,9,2024-10-26,regular,Arkansas,Mississippi State,A,Y,58,25,33,-8.5,-7.5,DraftKings,25.5,1,1490,1405,1,5,4,3.582759494031044
2024,10,2024-11-02,regular,Arkansas,Ole Miss,H,Y,31,63,-32,9.5,8.0,DraftKings,-24.0,0.07439258694648743,1573,1911,2,0,-2,4.1063445756722805
2024,12,2024-11-16,regular,Arkansas,Texas,H,Y,10,20,-10,16.5,13.0,DraftKings,3.0,0.08316595107316971,1524,2094,2,0,-2,4.4377816556590295
2024,13,2024-11-23,regular,Arkansas,Louisiana Tech,H,N,35,14,21,-23.5,-23.5,DraftKings,-2.5,0.9892511367797852,1547,1321,3,1,-2,4.053954592704638
2024,14,2024-11-30,regular,Arkansas,Missouri,A,Y,21,28,-7,3.0,3.0,DraftKings,-4.0,0.06651568412780762,1574,1698,2,0,-2,6.0145398828883
2024,1,2024-12-28,postseason,Arkansas,Texas Tech,N,N,39,26,13,-2.5,3.5,DraftKings,16.5,0.9653196334838867,1571,1647,1,2,1,3.749406856724265
2024,1,2024-08-31,regular,Auburn,Alabama A&M,H,N,73,3,70,,-48.5,ESPN Bet,21.5,0.9892137050628662,1556,,2,0,-2,1.844879981360457
2024,2,2024-09-07,regular,Auburn,California,H,N,14,21,-7,-12.5,-13.0,DraftKings,-20.0,0.06808583438396454,1556,1483,5,0,-5,5.665729955527845
2024,3,2024-09-14,regular,Auburn,New Mexico,H,N,45,19,26,-28.0,-28.0,DraftKings,-2.0,1,1537,1228,2,2,0,3.8850884808092574
2024,4,2024-09-21,regular,Auburn,Arkansas,H,Y,14,24,-10,,-2.5,DraftKings,-12.5,0.25290098786354065,1569,1451,5,2,-3,6.433586929726095
2024,5,2024-09-28,regular,Auburn,Oklahoma,H,Y,21,27,-6,2.5,-2.0,DraftKings,-8.0,0.18792657554149628,1537,1837,1,0,-1,5.241636323770405
2024,6,2024-10-05,regular,Auburn,Georgia,A,Y,13,31,-18,23.5,21.0,DraftKings,3.0,0.012152910232543945,1547,2036,0,0,0,3.4510686910910553
2024,8,2024-10-19,regular,Auburn,Missouri,A,Y,17,21,-4,9.5,3.5,DraftKings,-0.5,0.6487745046615601,1550,1737,1,2,1,6.958922973553182
2024,9,2024-10-26,regular,Auburn,Kentucky,A,Y,24,10,14,3.5,2.0,DraftKings,16.0,0.9468334913253784,1552,1559,1,2,1,3.807051391040596
2024,10,2024-11-02,regular,Auburn,Vanderbilt,H,Y,7,17,-10,-5.0,-7.5,DraftKings,-17.5,0.5273105502128601,1585,1428,1,0,-1,4.866180279550277
2024,12,2024-11-16,regular,Auburn,UL Monroe,H,N,48,14,34,-25.5,-24.5,DraftKings,9.5,0.9928672313690186,1550,1220,1,0,-1,1.6541832310807754
2024,13,2024-11-24,regular,Auburn,Texas A&M,H,Y,43,41,2,2.0,2.5,DraftKings,4.5,0.1604197770357132,1604,1770,1,1,0,10.269865547929546
2024,14,2024-11-30,regular,Auburn,Alabama,A,Y,14,28,-14,14.0,11.0,DraftKings,-3.0,0.17333632707595825,1607,2011,2,4,2,3.3247335585616766
2024,1,2024-08-31,regular,Florida,Miami,H,N,17,41,-24,2.5,2.5,DraftKings,-21.5,0.008286379277706146,1562,1553,2,1,-1,3.1975890118592023
2024,2,2024-09-07,regular,Florida,Samford,H,N,45,7,38,-37.0,-38.5,ESPN Bet,-0.5,0.9943934082984924,1493,,1,1,0,2.546862971151735
2024,3,2024-09-14,regular,Florida,Texas A&M,H,Y,20,33,-13,4.0,4.5,DraftKings,-8.5,0,1497,1677,3,0,-3,3.654215822352354
2024,4,2024-09-21,regular,Florida,Mississippi State,A,Y,45,28,17,,-6.5,DraftKings,10.5,0.726616233587265,1485,1386,1,1,0,4.291553664896677
2024,6,2024-10-05,regular,Florida,UCF,H,N,24,13,11,1.0,1.0,DraftKings,12.0,0.9724757075309753,1516,1531,0,1,1,2.3992846496751765
2024,7,2024-10-12,regular,Florida,Tennessee,A,Y,17,23,-6,10.0,14.0,DraftKings,8.0,0.1653563380241394,1537,1947,2,2,0,6.810202313184021
2024,8,2024-10-19,regular,Florida,Kentucky,H,Y,48,20,28,1.0,2.5,DraftKings,30.5,0.9885360598564148,1548,1645,1,3,2,3.1844642939609034
2024,10,2024-11-02,regular,Florida,Georgia,N,Y,20,34,-14,21.0,14.5,DraftKings,0.5,0.14307522773742676,1634,2058,1,3,2,7.074802369900887
2024,11,2024-11-09,regular,Florida,Texas,A,Y,17,49,-32,17.5,23.0,DraftKings,-9.0,0.01594334840774536,1635,2057,3,1,-2,2.7076229642444436
2024,12,2024-11-16,regular,Florida,LSU,H,Y,27,16,11,5.5,3.0,DraftKings,14.0,0.959041953086853,1598,1800,0,1,1,5.33315691554045
2024,13,2024-11-23,regular,Florida,Ole Miss,H,Y,24,17,7,6.5,13.0,DraftKings,20.0,0.5597763657569885,1634,2010,1,3,2,6.418535554203734
2024,14,2024-12-01,regular,Florida,Florida State,A,N,31,11,20,11.5,-17.0,DraftKings,3.0,1,1667,1383,1,5,4,3.8269729081220913
2024,1,2024-12-20,postseason,Florida,Tulane,N,N,33,8,25,,-10.0,DraftKings,15.0,0.9516159296035767,1687,1754,2,3,1,2.9647038077165244
2024,1,2024-08-31,regular,Georgia,Clemson,N,N,34,3,31,-14.0,-14.0,DraftKings,17.0,0.980593204498291,2015,1676,0,1,1,2.8789609314034847
2024,2,2024-09-07,regular,Georgia,Tennessee Tech,H,N,48,3,45,-54.5,-54.5,DraftKings,-9.5,0.9855786561965942,2079,,0,1,1,1.864636604599209
2024,3,2024-09-14,regular,Georgia,Kentucky,A,Y,13,12,1,-18.0,-24.0,DraftKings,-23.0,0.7929489599751282,2066,1563,0,1,1,8.9509868466
2024,5,2024-09-28,regular,Georgia,Alabama,A,Y,34,41,-7,-4.5,-2.0,DraftKings,-9.0,0.03548121452331543,2046,2046,4,1,-3,5.455698136787349
2024,6,2024-10-05,regular,Georgia,Auburn,H,Y,31,13,18,-23.5,-21.0,DraftKings,-3.0,0.987847089767456,2036,1547,0,0,0,3.4510686910910553
2024,7,2024-10-12,regular,Georgia,Mississippi State,H,Y,41,31,10,-34.5,-34.0,DraftKings,-24.0,0.8298102617263794,2033,1371,2,1,-1,3.8188502034135348
2024,8,2024-10-19,regular,Georgia,Texas,A,Y,30,15,15,-2.0,4.0,DraftKings,19.0,0.6662304699420929,2009,2138,3,4,1,4.350208777361713
2024,10,2024-11-02,regular,Georgia,Florida,N,Y,34,20,14,-21.0,-14.5,DraftKings,-0.5,0.8569247722625732,2058,1634,3,1,-2,7.074802369900887
2024,11,2024-11-09,regular,Georgia,Ole Miss,A,Y,10,28,-18,-7.0,-2.5,DraftKings,-20.5,0.019860386848449707,2057,1960,3,1,-2,3.6730757093012345
2024,12,2024-11-17,regular,Georgia,Tennessee,H,Y,31,17,14,-16.5,-8.5,DraftKings,5.5,0.9929498434066772,2007,1930,0,1,1,5.512019683714967
2024,13,2024-11-23,regular,Georgia,Massachusetts,H,N,59,21,38,-45.5,-42.5,DraftKings,-4.5,0.9873310327529907,2029,1017,0,2,2,3.1187392814344728
2024,14,2024-11-30,regular,Georgia,Georgia Tech,H,N,44,42,2,-20.5,-17.0,DraftKings,-15.0,0.5666486620903015,2023,1575,1,1,0,8.225850887789113
2024,15,2024-12-07,regular,Georgia,Texas,N,Y,22,19,3,,3.0,DraftKings,6.0,0.7067688703536987,2017,2059,2,3,1,9.136188031505878
2024,1,2025-01-02,postseason,Georgia,Notre Dame,N,N,10,23,-13,,1.0,DraftKings,-12.0,0.015512632206082344,2019,2163,2,0,-2,4.509074985274309
2024,1,2024-08-31,regular,Kentucky,Southern Miss,H,N,31,0,31,-25.5,-25.5,DraftKings,5.5,0.9930383563041687,1594,1276,1,2,1,2.213364541530609
2024,2,2024-09-07,regular,Kentucky,South Carolina,H,Y,6,31,-25,-9.0,-9.0,DraftKings,-34.0,0.2009754478931427,1640,1560,2,1,-1,4.038801908561728
2024,3,2024-09-14,regular,Kentucky,Georgia,H,Y,12,13,-1,18.0,24.0,DraftKings,23.0,0.20705104002487187,1563,2066,1,0,-1,8.9509868466
2024,4,2024-09-21,regular,Kentucky,Ohio,H,N,41,6,35,,-21.5,DraftKings,13.5,0.9856982231140137,1583,1486,0,2,2,2.002807128481186
2024,5,2024-09-28,regular,Kentucky,Ole Miss,A,Y,20,17,3,16.5,15.0,DraftKings,18.0,0.4923944658834142,1668,1879,0,1,1,8.5683895645
2024,7,2024-10-12,regular,Kentucky,Vanderbilt,H,Y,13,20,-7,-10.5,-12.5,DraftKings,-19.5,0.5447068810462952,1686,1359,2,1,-1,3.8199529623202917
2024,8,2024-10-19,regular,Kentucky,Florida,A,Y,20,48,-28,-1.0,-2.5,DraftKings,-30.5,0.011463940143585205,1645,1548,3,1,-2,3.1844642939609034
2024,9,2024-10-26,regular,Kentucky,Auburn,H,Y,10,24,-14,-3.5,-2.0,DraftKings,-16.0,0.05316650867462158,1559,1552,2,1,-1,3.807051391040596
2024,10,2024-11-02,regular,Kentucky,Tennessee,A,Y,18,28,-10,13.0,17.5,DraftKings,7.5,0.020840466022491455,1526,1950,3,1,-2,5.698385150253387
2024,12,2024-11-16,regular,Kentucky,Murray State,H,N,48,6,42,,-41.5,DraftKings,0.5,0.9877020716667175,1527,,2,3,1,2.375985203105853
2024,13,2024-11-23,regular,Kentucky,Texas,A,Y,14,31,-17,21.0,18.5,DraftKings,1.5,0.11009091138839722,1537,2071,2,2,0,3.1557316581143473
2024,14,2024-11-30,regular,Kentucky,Louisville,H,N,14,41,-27,0.0,4.5,DraftKings,-22.5,0.03597419336438179,1545,1767,5,1,-4,3.1345997755382915
2024,1,2024-09-01,regular,LSU,USC,N,N,20,27,-7,-6.0,-4.0,DraftKings,-11.0,0.21626512706279755,1823,1648,1,0,-1,6.961932840784732
2024,2,2024-09-07,regular,LSU,Nicholls,H,N,44,21,23,-50.5,-50.5,DraftKings,-27.5,0.7429512739181519,1805,,0,1,1,4.217336040608287
2024,3,2024-09-14,regular,LSU,South Carolina,A,Y,36,33,3,-9.5,-7.0,DraftKings,-4.0,0.2062842845916748,1803,1637,2,3,1,7.1093528866627125
2024,4,2024-09-21,regular,LSU,UCLA,H,N,34,17,17,,-21.5,DraftKings,-4.5,0.9904523491859436,1798,1456,0,2,2,3.8979996016107856
2024,5,2024-09-28,regular,LSU,South Alabama,H,N,42,10,32,-22.0,-21.0,DraftKings,11.0,0.8056033849716187,1805,1657,2,0,-2,1.597189385976028
2024,7,2024-10-12,regular,LSU,Ole Miss,H,Y,29,26,3,-2.5,4.0,DraftKings,7.0,0.2957136631011963,1874,1906,2,2,0,10.014421124674865
2024,8,2024-10-19,regular,LSU,Arkansas,A,Y,34,10,24,-9.5,-3.0,DraftKings,21.0,1,1875,1513,0,3,3,3.8338395747864134
2024,9,2024-10-26,regular,LSU,Texas A&M,A,Y,23,38,-15,2.0,2.0,DraftKings,-13.0,0.029122769832611084,1898,1771,3,1,-2,6.148302054512559
2024,11,2024-11-10,regular,LSU,Alabama,H,Y,13,42,-29,-1.0,2.5,DraftKings,-26.5,0,1855,2058,3,0,-3,3.2314681889553802
2024,12,2024-11-16,regular,LSU,Florida,A,Y,16,27,-11,-5.5,-3.0,DraftKings,-14.0,0.04095804691314697,1800,1598,1,0,-1,5.33315691554045
2024,13,2024-11-24,regular,LSU,Vanderbilt,H,Y,24,17,7,-11.0,-10.0,DraftKings,-3.0,0.7792057991027832,1764,1446,0,0,0,3.717449497673473
2024,14,2024-12-01,regular,LSU,Oklahoma,H,Y,37,17,20,-5.0,-6.0,DraftKings,14.0,0.9838939905166626,1757,1780,1,1,0,3.796345377328534
2024,1,2024-12-31,postseason,LSU,Baylor,N,N,44,31,13,,3.0,DraftKings,16.0,0.9159079194068909,1806,1677,2,1,-1,3.1303255887428016
2024,1,2024-08-31,regular,Mississippi State,Eastern Kentucky,H,N,56,7,49,,-26.5,ESPN Bet,22.5,0.936838686466217,1447,,0,1,1,2.095558575056547
2024,2,2024-09-08,regular,Mississippi State,Arizona State,A,N,23,30,-7,4.5,5.5,DraftKings,-1.5,0.14154940843582153,1447,1497,1,0,-1,2.823523369454015
2024,3,2024-09-14,regular,Mississippi State,Toledo,H,N,17,41,-24,-12.5,-13.0,DraftKings,-37.0,0.0015195030719041824,1440,1524,2,1,-1,2.8171227897501727
2024,4,2024-09-21,regular,Mississippi State,Florida,H,Y,28,45,-17,,6.5,DraftKings,-10.5,0.273383766412735,1386,1485,1,1,0,4.291553664896677
2024,5,2024-09-28,regular,Mississippi State,Texas,A,Y,13,35,-22,35.5,37.0,DraftKings,15.0,0.007171511650085449,1355,2107,1,2,1,2.975920800201398
2024,7,2024-10-12,regular,Mississippi State,Georgia,A,Y,31,41,-10,34.5,34.0,DraftKings,24.0,0.1701897382736206,1371,2033,1,2,1,3.8188502034135348
2024,8,2024-10-19,regular,Mississippi State,Texas A&M,H,Y,24,34,-10,15.0,21.0,DraftKings,11.0,0.008897795341908932,1395,1781,1,2,1,5.55105020302855
2024,9,2024-10-26,regular,Mississippi State,Arkansas,H,Y,25,58,-33,8.5,7.5,DraftKings,-25.5,0,1405,1490,5,1,-4,3.582759494031044
2024,10,2024-11-02,regular,Mississippi State,Massachusetts,H,N,45,20,25,-22.5,-19.5,DraftKings,5.5,0.8929276466369629,1322,1025,0,1,1,3.7830127805831117
2024,11,2024-11-10,regular,Mississippi State,Tennessee,A,Y,14,33,-19,23.0,26.0,DraftKings,7.0,0.09862631559371948,1353,1939,2,1,-1,3.5992308326049636
2024,13,2024-11-23,regular,Mississippi State,Missouri,H,Y,20,39,-19,6.5,9.5,DraftKings,-9.5,0.01019931212067604,1362,1684,1,0,-1,3.683423411213274
2024,14,2024-11-29,regular,Mississippi State,Ole Miss,A,Y,14,26,-12,27.5,26.0,DraftKings,14.0,0.011641085147857666,1348,1977,3,0,-3,5.7009099652296
2024,1,2024-08-30,regular,Missouri,Murray State,H,N,51,0,51,,-50.5,ESPN Bet,0.5,0.9774129390716553,1744,,1,2,1,1.712941538765301
2024,2,2024-09-07,regular,Missouri,Buffalo,H,N,38,0,38,-35.0,-34.5,DraftKings,3.5,0.9831824898719788,1744,1357,1,1,0,2.346331918882482
2024,3,2024-09-14,regular,Missouri,Boston College,H,N,27,21,6,-16.5,-16.5,DraftKings,-10.5,0.896081805229187,1803,1462,0,2,2,4.195257256321096
2024,4,2024-09-21,regular,Missouri,Vanderbilt,H,Y,30,27,3,,-17.5,DraftKings,-14.5,0.29799962043762207,1795,1312,0,0,0,8.600016469755994
2024,6,2024-10-05,regular,Missouri,Texas A&M,A,Y,10,41,-31,4.0,3.0,DraftKings,-28.0,0.022841155529022217,1790,1683,0,0,0,2.6072692092656373
2024,7,2024-10-12,regular,Missouri,Massachusetts,A,N,45,3,42,-28.5,-27.0,DraftKings,15.0,0.9954407028853893,1692,1070,0,2,2,2.964388205224502
2024,8,2024-10-19,regular,Missouri,Auburn,H,Y,21,17,4,-9.5,-3.5,DraftKings,0.5,0.35122549533843994,1737,1550,2,1,-1,6.958922973553182
2024,9,2024-10-26,regular,Missouri,Alabama,A,Y,0,34,-34,8.5,16.0,DraftKings,-18.0,0.0782962441444397,1735,1996,3,0,-3,2.7240010291755583
2024,11,2024-11-10,regular,Missouri,Oklahoma,H,Y,30,23,7,-3.0,3.5,DraftKings,10.5,0.9700127840042114,1673,1688,1,4,3,6.5294130720775945
2024,12,2024-11-16,regular,Missouri,South Carolina,A,Y,30,34,-4,13.0,10.5,DraftKings,6.5,0.8262185007333755,1683,1829,1,1,0,5.160145911289666
2024,13,2024-11-23,regular,Missouri,Mississippi State,A,Y,39,20,19,-6.5,-9.5,DraftKings,9.5,0.989800687879324,1684,1362,0,1,1,3.683423411213274
2024,14,2024-11-30,regular,Missouri,Arkansas,H,Y,28,21,7,-3.0,-3.0,DraftKings,4.0,0.9334843158721924,1698,1574,0,2,2,6.0145398828883
2024,1,2024-12-30,postseason,Missouri,Iowa,N,N,27,24,3,,-1.0,DraftKings,2.0,0.6252202391624451,1701,1784,0,1,1,5.891600487635641
2024,1,2024-08-30,regular,Oklahoma,Temple,H,N,51,3,48,-42.5,-42.5,DraftKings,5.5,0.9779277443885803,1786,1178,0,6,6,2.0425201022360624
2024,2,2024-09-07,regular,Oklahoma,Houston,H,N,16,12,4,-27.0,-28.0,DraftKings,-24.0,0.46490561962127686,1849,1402,1,2,1,4.208051983255282
2024,3,2024-09-14,regular,Oklahoma,Tulane,H,N,34,19,15,-13.5,-13.5,DraftKings,1.5,0.9835195541381836,1840,1569,1,2,1,3.1322348119924444
2024,4,2024-09-21,regular,Oklahoma,Tennessee,H,Y,15,25,-10,-3.0,6.0,DraftKings,-4.0,0.04081159085035324,1848,1964,3,2,-1,4.829868566330654
2024,5,2024-09-28,regular,Oklahoma,Auburn,A,Y,27,21,6,-2.5,2.0,DraftKings,8.0,0.8120734244585037,1837,1537,0,1,1,5.241636323770405
2024,7,2024-10-12,regular,Oklahoma,Texas,N,Y,3,34,-31,8.5,17.0,DraftKings,-14.0,0.08741511404514313,1827,2091,2,1,-1,3.7599673638575815
2024,8,2024-10-19,regular,Oklahoma,South Carolina,H,Y,9,35,-26,-7.5,1.0,DraftKings,-25.0,0.15115189282518085,1780,1658,4,0,-4,1.9556014898
2024,9,2024-10-26,regular,Oklahoma,Ole Miss,A,Y,14,26,-12,6.0,19.0,DraftKings,7.0,0.021174728870391846,1694,1905,2,1,-1,4.50648850376662
2024,10,2024-11-02,regular,Oklahoma,Maine,H,N,59,14,45,,-37.5,DraftKings,7.5,0.9941574335098267,1682,,1,1,0,2.8021941362466065
2024,11,2024-11-10,regular,Oklahoma,Missouri,A,Y,23,30,-7,3.0,-3.5,DraftKings,-10.5,0.029987215995788574,1688,1673,4,1,-3,6.5294130720775945
2024,13,2024-11-24,regular,Oklahoma,Alabama,H,Y,24,3,21,2.0,14.0,DraftKings,35.0,0.9999362230300903,1678,2113,1,3,2,3.3117644923004925
2024,14,2024-12-01,regular,Oklahoma,LSU,A,Y,17,37,-20,5.0,6.0,DraftKings,-14.0,0.016106009483337402,1780,1757,1,1,0,3.796345377328534
2024,1,2024-12-27,postseason,Oklahoma,Navy,N,N,20,21,-1,,1.0,DraftKings,0.0,0.14754223823547363,1731,1559,1,0,-1,5.925958414697752
2024,1,2024-08-31,regular,Ole Miss,Furman,H,N,76,0,76,,-45.5,ESPN Bet,30.5,0.9876115322113037,1658,,0,1,1,2.0785826451708838
2024,2,2024-09-07,regular,Ole Miss,Middle Tennessee,H,N,52,3,49,-40.5,-43.0,DraftKings,6.0,0.9935848712921143,1658,1400,0,2,2,2.348383465337146
2024,3,2024-09-14,regular,Ole Miss,Wake Forest,A,N,40,6,34,-23.0,-23.5,DraftKings,10.5,0.992190808057785,1770,1424,2,2,0,3.3154496636731077
2024,4,2024-09-21,regular,Ole Miss,Georgia Southern,H,N,52,13,39,-36.0,-35.0,DraftKings,4.0,0.9887562394142151,1824,1379,1,2,1,2.44474715686388
2024,5,2024-09-28,regular,Ole Miss,Kentucky,H,Y,17,20,-3,-16.5,-15.0,DraftKings,-18.0,0.5076055341165858,1879,1668,1,0,-1,8.5683895645
2024,6,2024-10-05,regular,Ole Miss,South Carolina,A,Y,27,3,24,-11.5,-10.0,DraftKings,14.0,0.9830227233469486,1861,1699,1,2,1,5.508233788647158
2024,7,2024-10-12,regular,Ole Miss,LSU,A,Y,26,29,-3,2.5,-4.0,DraftKings,-7.0,0.7042863368988037,1906,1874,2,2,0,10.014421124674865
2024,9,2024-10-26,regular,Ole Miss,Oklahoma,H,Y,26,14,12,-6.0,-19.0,DraftKings,-7.0,0.9788252711296082,1905,1694,1,2,1,4.50648850376662
2024,10,2024-11-02,regular,Ole Miss,Arkansas,A,Y,63,31,32,-9.5,-8.0,DraftKings,24.0,0.9256074130535126,1911,1573,0,2,2,4.1063445756722805
2024,11,2024-11-09,regular,Ole Miss,Georgia,H,Y,28,10,18,7.0,2.5,DraftKings,20.5,0.9801396131515503,1960,2057,1,3,2,3.6730757093012345
2024,13,2024-11-23,regular,Ole Miss,Florida,A,Y,17,24,-7,-6.5,-13.0,DraftKings,-20.0,0.4402236342430115,2010,1634,3,1,-2,6.418535554203734
2024,14,2024-11-29,regular,Ole Miss,Mississippi State,H,Y,26,14,12,-27.5,-26.0,DraftKings,-14.0,0.9883589148521423,1977,1348,0,3,3,5.7009099652296
2024,1,2025-01-03,postseason,Ole Miss,Duke,N,N,52,20,32,,-17.5,DraftKings,14.5,0.9686691164970398,1956,1591,1,1,0,2.7686574512000615
2024,1,2024-08-31,regular,South Carolina,Old Dominion,H,N,23,19,4,-20.0,-20.0,DraftKings,-16.0,0.9613243341445923,1562,1406,1,4,3,5.344174217300797
2024,2,2024-09-07,regular,South Carolina,Kentucky,A,Y,31,6,25,9.0,9.0,DraftKings,34.0,0.7990245521068573,1560,1640,1,2,1,4.038801908561728
2024,3,2024-09-14,regular,South Carolina,LSU,H,Y,33,36,-3,9.5,7.0,DraftKings,4.0,0.7937157154083252,1637,1803,3,2,-1,7.1093528866627125
2024,4,2024-09-21,regular,South Carolina,Akron,H,N,50,7,43,-27.5,-25.0,DraftKings,18.0,0.9921769499778748,1642,1110,1,1,0,2.489517887205231
2024,6,2024-10-05,regular,South Carolina,Ole Miss,H,Y,3,27,-24,11.5,10.0,DraftKings,-14.0,0.016977276653051376,1699,1861,2,1,-1,5.508233788647158
2024,7,2024-10-12,regular,South Carolina,Alabama,A,Y,25,27,-2,21.5,21.0,DraftKings,19.0,0.22036325931549072,1654,2014,4,2,-2,5.932774080878053
2024,8,2024-10-19,regular,South Carolina,Oklahoma,A,Y,35,9,26,7.5,-1.0,DraftKings,25.0,0.8488481071748192,1658,1780,0,4,4,1.9556014898
2024,10,2024-11-02,regular,South Carolina,Texas A&M,H,Y,44,20,24,4.0,3.0,DraftKings,27.0,0.9189313650131226,1744,1814,1,2,1,4.371877774814291
2024,11,2024-11-09,regular,South Carolina,Vanderbilt,A,Y,28,7,21,-1.5,-6.0,DraftKings,15.0,0.9945097910240293,1812,1463,1,1,0,3.8673046644945916
2024,12,2024-11-16,regular,South Carolina,Missouri,H,Y,34,30,4,-13.0,-10.5,DraftKings,-6.5,0.17378149926662445,1829,1683,1,1,0,5.160145911289666
2024,13,2024-11-23,regular,South Carolina,Wofford,H,N,56,12,44,-42.5,-42.5,DraftKings,1.5,0.904030978679657,1827,,2,0,-2,3.0588180580645528
2024,14,2024-11-30,regular,South Carolina,Clemson,A,N,17,14,3,4.5,3.0,DraftKings,6.0,0.8882978931069374,1828,1815,3,2,-1,6.196028401357402
2024,1,2024-12-31,postseason,South Carolina,Illinois,N,N,17,21,-4,,-9.5,DraftKings,-13.5,0.7149660885334015,1832,1596,1,2,1,5.2377340974174045
2024,1,2024-08-31,regular,Tennessee,Chattanooga,H,N,69,3,66,,-38.5,ESPN Bet,27.5,0.9840481877326965,1751,,1,1,0,2.0430216449479515
2024,2,2024-09-07,regular,Tennessee,NC State,N,N,51,10,41,-4.5,-10.0,DraftKings,31.0,1,1751,1606,2,3,1,3.3329795055565845
2024,3,2024-09-14,regular,Tennessee,Kent State,H,N,71,0,71,-48.0,-47.5,DraftKings,23.5,0.9935073256492615,1845,1108,0,0,0,2.0779291542707257
2024,4,2024-09-21,regular,Tennessee,Oklahoma,A,Y,25,15,10,3.0,-6.0,DraftKings,4.0,0.9591884091496468,1964,1848,2,3,1,4.829868566330654
2024,6,2024-10-05,regular,Tennessee,Arkansas,A,Y,14,19,-5,-10.5,-14.0,DraftKings,-19.0,0.2907611131668091,1975,1485,0,0,0,6.621208239819063
2024,7,2024-10-12,regular,Tennessee,Florida,H,Y,23,17,6,-10.0,-14.0,DraftKings,-8.0,0.8346436619758606,1947,1537,2,2,0,6.810202313184021
2024,8,2024-10-19,regular,Tennessee,Alabama,H,Y,24,17,7,2.5,3.5,DraftKings,10.5,0.9950047135353088,1936,2010,3,2,-1,6.986754327403018
2024,10,2024-11-02,regular,Tennessee,Kentucky,H,Y,28,18,10,-13.0,-17.5,DraftKings,-7.5,0.9791595339775085,1950,1526,1,3,2,5.698385150253387
2024,11,2024-11-10,regular,Tennessee,Mississippi State,H,Y,33,14,19,-23.0,-26.0,DraftKings,-7.0,0.9013736844062805,1939,1353,1,2,1,3.5992308326049636
2024,12,2024-11-17,regular,Tennessee,Georgia,A,Y,17,31,-14,16.5,8.5,DraftKings,-5.5,0.007050156593322754,1930,2007,1,0,-1,5.512019683714967
2024,13,2024-11-23,regular,Tennessee,UTEP,H,N,56,0,56,-41.5,-41.5,DraftKings,14.5,0.9860267043113708,1908,1165,0,3,3,3.7263349171015285
2024,14,2024-11-30,regular,Tennessee,Vanderbilt,A,Y,36,23,13,-10.5,-9.5,DraftKings,3.5,0.8699015527963638,1979,1453,2,1,-1,3.355829925434262
2024,1,2024-12-22,postseason,Tennessee,Ohio State,A,N,17,42,-25,,7.5,DraftKings,-17.5,0.013664484024047852,1963,2099,0,1,1,2.474862432558878
2024,1,2024-08-31,regular,Texas,Colorado State,H,N,52,0,52,-35.5,-35.5,DraftKings,16.5,0.9847278594970703,1850,1350,1,2,1,1.9847637724366323
2024,2,2024-09-07,regular,Texas,Michigan,A,N,31,12,19,-3.5,-7.0,DraftKings,12.0,0.9796136822551489,1939,1980,0,3,3,3.3875016933001283
2024,3,2024-09-14,regular,Texas,UTSA,H,N,56,7,49,-34.5,-34.5,DraftKings,14.5,0.9780104756355286,1991,1467,2,1,-1,2.25223890795822
2024,4,2024-09-22,regular,Texas,UL Monroe,H,N,51,3,48,-44.5,-43.5,DraftKings,4.5,0.992832601070404,2068,1249,2,2,0,2.236391702671336
2024,5,2024-09-28,regular,Texas,Mississippi State,H,Y,35,13,22,-35.5,-37.0,DraftKings,-15.0,0.9928284883499146,2107,1355,2,1,-1,2.975920800201398
2024,7,2024-10-12,regular,Texas,Oklahoma,N,Y,34,3,31,-8.5,-17.0,DraftKings,14.0,0.9125848859548569,2091,1827,1,2,1,3.7599673638575815
2024,8,2024-10-19,regular,Texas,Georgia,H,Y,15,30,-15,2.0,-4.0,DraftKings,-19.0,0.3337695300579071,2138,2009,4,3,-1,4.350208777361713
2024,9,2024-10-26,regular,Texas,Vanderbilt,A,Y,27,24,3,-21.0,-17.0,DraftKings,-14.0,0.8718743026256561,2089,1396,2,3,1,4.903072463361272
2024,11,2024-11-09,regular,Texas,Florida,H,Y,49,17,32,-17.5,-23.0,DraftKings,9.0,0.9840566515922546,2057,1635,1,3,2,2.7076229642444436
2024,12,2024-11-16,regular,Texas,Arkansas,A,Y,20,10,10,-16.5,-13.0,DraftKings,-3.0,0.9168340489268303,2094,1524,0,2,2,4.4377816556590295
2024,13,2024-11-23,regular,Texas,Kentucky,H,Y,31,14,17,-21.0,-18.5,DraftKings,-1.5,0.8899090886116028,2071,1537,2,2,0,3.1557316581143473
2024,14,2024-12-01,regular,Texas,Texas A&M,A,Y,17,7,10,-4.5,-4.5,DraftKings,5.5,0.9805885218083858,2063,1767,2,2,0,3.4045616377466894
2024,15,2024-12-07,regular,Texas,Georgia,N,Y,19,22,-3,,-3.0,DraftKings,-6.0,0.29323112964630127,2059,2017,3,2,-1,9.136188031505878
2024,1,2024-12-21,postseason,Texas,Clemson,H,N,38,24,14,,-13.5,DraftKings,0.5,0.9452990293502808,2057,1815,1,1,0,3.995286784426744
2024,1,2025-01-01,postseason,Texas,Arizona State,N,N,39,31,8,,-13.5,DraftKings,-5.5,0.8743325024843216,2065,1792,1,1,0,8.139045646599586
2024,1,2025-01-11,postseason,Texas,Ohio State,N,N,14,28,-14,,6.5,DraftKings,-7.5,0.011612161993980408,2056,2182,2,1,-1,5.417797662993921
2024,1,2024-08-31,regular,Texas A&M,Notre Dame,H,N,13,23,-10,-1.0,-2.5,DraftKings,-12.5,0.11668472737073898,1681,1884,2,0,-2,6.42230706776738
2024,2,2024-09-07,regular,Texas A&M,McNeese,H,N,52,10,42,-48.0,-48.5,ESPN Bet,-6.5,1,1666,,0,2,2,2.052852433234934
2024,3,2024-09-14,regular,Texas A&M,Florida,A,Y,33,20,13,-4.0,-4.5,DraftKings,8.5,1,1677,1497,0,3,3,3.654215822352354
2024,4,2024-09-21,regular,Texas A&M,Bowling Green,H,N,26,20,6,,-21.0,DraftKings,-15.0,0.7209299206733704,1689,1444,1,1,0,5.004361087392084
2024,5,2024-09-28,regular,Texas A&M,Arkansas,N,Y,21,17,4,-10.5,-6.5,DraftKings,-2.5,0.32543280720710754,1685,1483,0,3,3,6.964203930175432
2024,6,2024-10-05,regular,Texas A&M,Missouri,H,Y,41,10,31,-4.0,-3.0,DraftKings,28.0,0.9771588444709778,1683,1790,0,0,0,2.6072692092656373
2024,8,2024-10-19,regular,Texas A&M,Mississippi State,A,Y,34,24,10,-15.0,-21.0,DraftKings,-11.0,0.9911022046580911,1781,1395,2,1,-1,5.55105020302855
2024,9,2024-10-26,regular,Texas A&M,LSU,H,Y,38,23,15,-2.0,-2.0,DraftKings,13.0,0.9708772301673889,1771,1898,1,3,2,6.148302054512559
2024,10,2024-11-02,regular,Texas A&M,South Carolina,A,Y,20,44,-24,-4.0,-3.0,DraftKings,-27.0,0.08106863498687744,1814,1744,2,1,-1,4.371877774814291
2024,12,2024-11-17,regular,Texas A&M,New Mexico State,H,N,38,3,35,-42.0,-38.5,DraftKings,-3.5,0.9867249131202698,1746,1121,2,0,-2,1.9732749908394778
2024,13,2024-11-24,regular,Texas A&M,Auburn,A,Y,41,43,-2,-2.0,-2.5,DraftKings,-4.5,0.8395802229642868,1770,1604,1,1,0,10.269865547929546
2024,14,2024-12-01,regular,Texas A&M,Texas,H,Y,7,17,-10,4.5,4.5,DraftKings,-5.5,0.01941147819161415,1767,2063,2,2,0,3.4045616377466894
2024,1,2024-12-28,postseason,Texas A&M,USC,N,N,31,35,-4,,-3.5,DraftKings,-7.5,0.36598346848863916,1771,1756,2,3,1,9.0830057562
2024,1,2024-08-31,regular,Vanderbilt,Virginia Tech,H,N,34,27,7,13.0,13.5,DraftKings,20.5,1,1284,1604,0,1,1,6.107332935925761
2024,2,2024-09-07,regular,Vanderbilt,Alcorn State,H,N,55,0,55,-31.0,-32.5,ESPN Bet,22.5,0.9933366775512695,1303,,0,2,2,1.7662549002880303
2024,3,2024-09-14,regular,Vanderbilt,Georgia State,A,N,32,36,-4,-10.0,-10.0,DraftKings,-14.0,0.6988255083560944,1313,1370,1,1,0,6.593691325558333
2024,4,2024-09-21,regular,Vanderbilt,Missouri,A,Y,27,30,-3,,17.5,DraftKings,14.5,0.7020003795623779,1312,1795,0,0,0,8.600016469755994
2024,6,2024-10-05,regular,Vanderbilt,Alabama,H,Y,40,35,5,24.0,23.5,DraftKings,28.5,0.8807790275067171,1317,2056,0,2,2,7.6288286297
2024,7,2024-10-12,regular,Vanderbilt,Kentucky,A,Y,20,13,7,10.5,12.5,DraftKings,19.5,0.45529311895370483,1359,1686,1,2,1,3.8199529623202917
2024,8,2024-10-19,regular,Vanderbilt,Ball State,H,N,24,14,10,-24.5,-27.5,DraftKings,-17.5,0.9042891884815737,1400,1085,0,0,0,7.2337044479
2024,9,2024-10-26,regular,Vanderbilt,Texas,H,Y,24,27,-3,21.0,17.0,DraftKings,14.0,0.12812569737434387,1396,2089,3,2,-1,4.903072463361272
2024,10,2024-11-02,regular,Vanderbilt,Auburn,A,Y,17,7,10,5.0,7.5,DraftKings,17.5,0.4726894497871399,1428,1585,0,1,1,4.866180279550277
2024,11,2024-11-09,regular,Vanderbilt,South Carolina,H,Y,7,28,-21,1.5,6.0,DraftKings,-15.0,0.005490208975970745,1463,1812,1,1,0,3.8673046644945916
2024,13,2024-11-24,regular,Vanderbilt,LSU,A,Y,17,24,-7,11.0,10.0,DraftKings,3.0,0.2207942008972168,1446,1764,0,0,0,3.717449497673473
2024,14,2024-11-30,regular,Vanderbilt,Tennessee,H,Y,23,36,-13,10.5,9.5,DraftKings,-3.5,0.13009844720363617,1453,1979,1,2,1,3.355829925434262
2024,1,2024-12-27,postseason,Vanderbilt,Georgia Tech,N,N,35,27,8,,3.0,DraftKings,11.0,0.9106292724609375,1469,1581,0,2,2,4.033330148630593
2025,1,2025-08-30,regular,Alabama,Florida State,A,N,17,31,-14,-13.5,-13.5,DraftKings,-27.5,2.765655517578125e-05,1824,1408,0,1,1,3.890692760872287
2025,2,2025-09-06,regular,Alabama,UL Monroe,H,N,73,0,73,-37.5,-34.0,Bovada,39.0,0.9963486790657043,1755,1281,0,3,3,1.7092281180496258
2025,3,2025-09-13,regular,Alabama,Wisconsin,H,N,38,14,24,,-17.5,DraftKings,6.5,0.8941497206687927,1920,1619,0,2,2,2.1300362761686698
2025,5,2025-09-27,regular,Alabama,Georgia,A,Y,24,21,3,4.0,2.5,DraftKings,5.5,0.8097363859415054,1948,2043,0,1,1,6.2853613474576715
2025,6,2025-10-04,regular,Alabama,Vanderbilt,H,Y,30,14,16,-13.5,-13.5,DraftKings,2.5,0.9804922938346863,1958,1758,1,2,1,4.929460919889916
2025,7,2025-10-11,regular,Alabama,Missouri,A,Y,27,24,3,-6.5,-3.0,DraftKings,0.0,0.8701906651258469,1974,1781,1,2,1,6.769031039615297
2025,8,2025-10-18,regular,Alabama,Tennessee,H,Y,37,20,17,-12.5,-8.5,DraftKings,8.5,0.8311017751693726,1967,1825,1,1,0,3.936617568158109
2025,9,2025-10-25,regular,Alabama,South Carolina,A,Y,29,22,7,-7.5,-11.5,DraftKings,-4.5,0.6517520248889923,1991,1630,2,2,0,6.965500888933744
2025,11,2025-11-09,regular,Alabama,LSU,H,Y,20,9,11,-5.5,-10.0,DraftKings,1.0,1,1978,1694,1,2,1,3.7025232883310517
2025,12,2025-11-15,regular,Alabama,Oklahoma,H,Y,21,23,-2,-12.5,-6.5,DraftKings,-8.5,0.15321090817451477,1977,1794,3,0,-3,6.7106854101740625
2025,13,2025-11-22,regular,Alabama,Eastern Illinois,H,N,56,0,56,-50.5,-50.5,DraftKings,5.5,0.9778900146484375,1966,,2,1,-1,1.8684493598244252
2025,14,2025-11-30,regular,Alabama,Auburn,A,Y,27,20,7,-6.5,-7.0,DraftKings,0.0,0.6208390891551971,1964,1661,0,2,2,6.498412085382101
2025,15,2025-12-06,regular,Alabama,Georgia,N,N,7,28,-21,,1.5,DraftKings,-19.5,0,1955,2026,1,0,-1,2.4679018249346374
2025,1,2025-12-20,postseason,Alabama,Oklahoma,A,N,34,24,10,,2.5,DraftKings,12.5,0.7368679642677307,1917,1823,0,1,1,5.315499399146065
2025,1,2026-01-01,postseason,Alabama,Indiana,N,N,3,38,-35,,7.5,DraftKings,-27.5,0.00599825382232666,1930,2191,1,0,-1,2.1031480318020312
2025,1,2025-08-30,regular,Arkansas,Alabama A&M,H,N,52,7,45,-46.5,-48.5,Bovada,-3.5,0.954650342464447,1574,,0,2,2,3.687395892523427
2025,2,2025-09-06,regular,Arkansas,Arkansas State,N,N,56,14,42,-21.5,-23.5,Bovada,18.5,0.998382568359375,1574,1344,2,2,0,3.493453978670016
2025,3,2025-09-13,regular,Arkansas,Ole Miss,A,Y,35,41,-6,,3.5,DraftKings,-2.5,0.5945766270160675,1674,1922,1,0,-1,6.476053958073642
2025,4,2025-09-20,regular,Arkansas,Memphis,A,N,31,32,-1,-5.5,-7.0,DraftKings,-8.0,0.1873902678489685,1678,1658,3,2,-1,7.031627542435475
2025,5,2025-09-27,regular,Arkansas,Notre Dame,H,N,13,56,-43,10.5,5.5,DraftKings,-37.5,0.07087067514657974,1677,2126,2,0,-2,3.1141392481338106
2025,7,2025-10-11,regular,Arkansas,Tennessee,A,Y,31,34,-3,13.5,10.0,DraftKings,7.0,0.16712307929992676,1608,1827,3,0,-3,5.12397736458338
2025,8,2025-10-18,regular,Arkansas,Texas A&M,H,Y,42,45,-3,8.5,7.5,DraftKings,4.5,0.24348041415214539,1610,1808,0,0,0,7.050104190802901
2025,9,2025-10-25,regular,Arkansas,Auburn,H,Y,24,33,-9,-1.5,-2.5,DraftKings,-11.5,0.1527402400970459,1617,1681,4,1,-3,5.35366278395004
2025,10,2025-11-01,regular,Arkansas,Mississippi State,H,Y,35,38,-3,-3.5,-5.5,DraftKings,-8.5,0.7248119115829468,1604,1514,0,1,1,7.06341697165689
2025,12,2025-11-15,regular,Arkansas,LSU,A,Y,22,23,-1,6.5,4.0,DraftKings,3.0,0.25507014989852905,1594,1695,3,0,-3,6.39666465263123
2025,13,2025-11-22,regular,Arkansas,Texas,A,Y,37,52,-15,10.5,8.5,DraftKings,-6.5,0,1596,1872,2,0,-2,4.624234501424844
2025,14,2025-11-29,regular,Arkansas,Missouri,H,Y,17,31,-14,2.5,4.5,DraftKings,-9.5,0.4884832799434662,1588,1748,0,1,1,5.336043578812519
2025,1,2025-08-30,regular,Auburn,Baylor,A,N,38,24,14,-1.5,-1.5,DraftKings,12.5,0.8002391457557678,1574,1604,0,0,0,5.207606567811596
2025,2,2025-09-06,regular,Auburn,Ball State,H,N,42,3,39,-43.5,-43.0,Bovada,-4.0,0.9814049601554871,1609,1138,1,1,0,3.1998303337378187
2025,3,2025-09-13,regular,Auburn,South Alabama,H,N,31,15,16,,-26.5,DraftKings,-10.5,0.9974876046180725,1661,1557,0,2,2,2.4154160553241155
2025,4,2025-09-20,regular,Auburn,Oklahoma,A,Y,17,24,-7,4.5,6.5,DraftKings,-0.5,0.09148263931274414,1686,1742,0,1,1,5.956621046190708
2025,5,2025-09-27,regular,Auburn,Texas A&M,A,Y,10,16,-6,6.5,6.5,DraftKings,0.5,0.032203614711761475,1680,1749,0,1,1,3.8765048091063026
2025,7,2025-10-11,regular,Auburn,Georgia,H,Y,10,20,-10,7.0,4.5,DraftKings,-5.5,0.43863198161125183,1676,2033,1,0,-1,3.7158594869496846
2025,8,2025-10-18,regular,Auburn,Missouri,H,Y,17,23,-6,-1.5,1.5,DraftKings,-4.5,0.33761686086654663,1684,1788,1,2,1,8.047831932676818
2025,9,2025-10-25,regular,Auburn,Arkansas,A,Y,33,24,9,1.5,2.5,DraftKings,11.5,0.8472597599029541,1681,1617,1,4,3,5.35366278395004
2025,10,2025-11-01,regular,Auburn,Kentucky,H,Y,3,10,-7,-10.0,-11.5,DraftKings,-18.5,0.2702767848968506,1694,1506,2,2,0,5.095503034276599
2025,11,2025-11-08,regular,Auburn,Vanderbilt,A,Y,38,45,-7,5.5,6.0,DraftKings,-1.0,0.34615635871887207,1665,1766,0,1,1,9.394868635793847
2025,13,2025-11-22,regular,Auburn,Mercer,H,N,62,17,45,,-26.5,DraftKings,18.5,0.9926486015319824,1660,,0,3,3,3.9444936974494835
2025,14,2025-11-30,regular,Auburn,Alabama,H,Y,20,27,-7,6.5,7.0,DraftKings,0.0,0.37916091084480286,1661,1964,2,0,-2,6.498412085382101
2025,1,2025-08-30,regular,Florida,Long Island University,H,N,55,0,55,-45.5,-47.0,Bovada,8.0,0.9889460802078247,1678,,0,2,2,1.4437960459230383
2025,2,2025-09-06,regular,Florida,South Florida,H,N,16,18,-2,-18.0,-18.5,Bovada,-20.5,0.49722573161125183,1678,1554,1,0,-1,6.000807473517696
2025,3,2025-09-13,regular,Florida,LSU,A,Y,10,20,-10,5.5,4.5,DraftKings,-5.5,0.03979814052581787,1668,1735,5,1,-4,4.803348735160815
2025,4,2025-09-20,regular,Florida,Miami,A,N,7,26,-19,3.5,8.5,DraftKings,-10.5,0,1656,1825,0,1,1,3.3658697574455463
2025,6,2025-10-04,regular,Florida,Texas,H,Y,29,21,8,6.5,4.5,DraftKings,12.5,0.9032769799232483,1629,1972,2,2,0,3.328666311999717
2025,7,2025-10-11,regular,Florida,Texas A&M,A,Y,17,34,-17,9.5,7.0,DraftKings,-10.0,0.00037401914596557617,1665,1782,2,1,-1,3.5273446774125765
2025,8,2025-10-18,regular,Florida,Mississippi State,H,Y,23,21,2,-9.5,-9.5,DraftKings,-7.5,0.5562131404876709,1639,1494,2,2,0,6.722744597880556
2025,10,2025-11-01,regular,Florida,Georgia,N,Y,20,24,-4,7.5,7.0,DraftKings,3.0,0.12382172793149948,1638,2034,0,1,1,7.501922970887811
2025,11,2025-11-09,regular,Florida,Kentucky,A,Y,7,38,-31,-4.5,-4.5,DraftKings,-35.5,0.021149396896362305,1655,1535,4,4,0,3.929849442801651
2025,12,2025-11-16,regular,Florida,Ole Miss,A,Y,24,34,-10,7.5,10.5,DraftKings,0.5,0.014274954795837402,1555,1969,1,1,0,6.26444436261108
2025,13,2025-11-23,regular,Florida,Tennessee,H,Y,11,31,-20,-4.0,3.5,DraftKings,-16.5,0.0007584895938634872,1565,1834,0,0,0,2.205107309922417
2025,14,2025-11-29,regular,Florida,Florida State,H,N,40,21,19,-1.5,1.5,DraftKings,20.5,1,1543,1606,1,2,1,3.621784191906209
2025,1,2025-08-30,regular,Georgia,Marshall,H,N,45,7,38,-39.5,-39.5,DraftKings,-1.5,0.9931291341781616,1998,1574,0,0,0,2.831958872682932
2025,2,2025-09-06,regular,Georgia,Austin Peay,H,N,28,6,22,-48.0,-47.0,Bovada,-25.0,0.9730114340782166,2072,,2,1,-1,2.1152278036155816
2025,3,2025-09-13,regular,Georgia,Tennessee,A,Y,44,41,3,-7.5,-3.5,DraftKings,-0.5,0.1633211374282837,2053,1799,2,2,0,8.927697065894355
2025,5,2025-09-27,regular,Georgia,Alabama,H,Y,21,24,-3,-4.0,-2.5,DraftKings,-5.5,0.19026361405849457,2043,1948,1,0,-1,6.2853613474576715
2025,6,2025-10-04,regular,Georgia,Kentucky,H,Y,35,14,21,-20.5,-19.5,DraftKings,1.5,1,2033,1513,2,2,0,2.8258150901367185
2025,7,2025-10-11,regular,Georgia,Auburn,A,Y,20,10,10,-7.0,-4.5,DraftKings,5.5,0.5613680183887482,2033,1676,0,1,1,3.7158594869496846
2025,8,2025-10-18,regular,Georgia,Ole Miss,H,Y,43,35,8,-10.5,-7.5,DraftKings,0.5,1,2025,1971,0,0,0,6.5134351342636005
2025,10,2025-11-01,regular,Georgia,Florida,N,Y,24,20,4,-7.5,-7.0,DraftKings,-3.0,0.8761782720685005,2034,1638,1,0,-1,7.501922970887811
2025,11,2025-11-08,regular,Georgia,Mississippi State,A,Y,41,21,20,-9.5,-9.5,DraftKings,10.5,1,2017,1524,1,1,0,3.785267348604506
2025,12,2025-11-16,regular,Georgia,Texas,H,Y,35,10,25,-2.5,-3.5,DraftKings,21.5,0.9910233020782471,2018,1924,1,1,0,3.2577676387805257
2025,13,2025-11-22,regular,Georgia,Charlotte,H,N,35,3,32,-44.5,-42.5,DraftKings,-10.5,0.9879599809646606,2070,1013,1,2,1,1.6983975885892353
2025,14,2025-11-28,regular,Georgia,Georgia Tech,N,N,16,9,7,-12.5,-16.5,DraftKings,-9.5,0.2711045742034912,2048,1573,1,1,0,3.7309061341517817
2025,15,2025-12-06,regular,Georgia,Alabama,N,N,28,7,21,,-1.5,DraftKings,19.5,1,2026,1955,0,1,1,2.4679018249346374
2025,1,2026-01-02,postseason,Georgia,Ole Miss,N,N,34,39,-5,,-6.0,DraftKings,-11.0,0.18179981410503387,2064,2004,1,1,0,8.465983498559117
2025,1,2025-08-30,regular,Kentucky,Toledo,H,N,24,16,8,-10.0,-10.0,DraftKings,-2.0,0.9706190228462219,1498,1454,2,1,-1,3.6450777717616583
2025,2,2025-09-06,regular,Kentucky,Ole Miss,H,Y,23,30,-7,8.5,8.0,Bovada,1.0,0.4151056110858917,1507,1939,0,2,2,5.576328550071941
2025,3,2025-09-13,regular,Kentucky,Eastern Michigan,H,N,48,23,25,,-26.5,DraftKings,-1.5,0.9919674396514893,1524,1253,0,1,1,3.1385967464938243
2025,5,2025-09-27,regular,Kentucky,South Carolina,A,Y,13,35,-22,6.0,5.5,DraftKings,-16.5,0.008630633354187012,1557,1638,4,0,-4,3.3690642585545874
2025,6,2025-10-04,regular,Kentucky,Georgia,A,Y,14,35,-21,20.5,19.5,DraftKings,-1.5,0,1513,2033,2,2,0,2.8258150901367185
2025,8,2025-10-18,regular,Kentucky,Texas,H,Y,13,16,-3,13.5,12.5,DraftKings,9.5,0.6518524885177612,1513,1964,1,0,-1,8.799986829345762
2025,9,2025-10-25,regular,Kentucky,Tennessee,H,Y,34,56,-22,9.5,7.5,DraftKings,-14.5,0.01421354804188013,1533,1801,2,0,-2,4.0851942581443055
2025,10,2025-11-01,regular,Kentucky,Auburn,A,Y,10,3,7,10.0,11.5,DraftKings,18.5,0.7297232151031494,1506,1694,2,2,0,5.095503034276599
2025,11,2025-11-09,regular,Kentucky,Florida,H,Y,38,7,31,4.5,4.5,DraftKings,35.5,0.9788506031036377,1535,1655,4,4,0,3.929849442801651
2025,12,2025-11-15,regular,Kentucky,Tennessee Tech,H,N,42,10,32,,-22.5,DraftKings,9.5,0.9980577230453491,1622,,0,1,1,1.904565463157122
2025,13,2025-11-22,regular,Kentucky,Vanderbilt,A,Y,17,45,-28,7.5,7.0,DraftKings,-21.0,0.023726463317871094,1635,1770,3,1,-2,2.2736201189045495
2025,14,2025-11-29,regular,Kentucky,Louisville,A,N,0,41,-41,6.5,-1.5,DraftKings,-42.5,0.02635812759399414,1578,1631,2,0,-2,2.079453613424045
2025,1,2025-08-30,regular,LSU,Clemson,A,N,17,10,7,3.5,3.5,DraftKings,10.5,0.8974262624979019,1718,1704,2,1,-1,5.004065274365249
2025,2,2025-09-06,regular,LSU,Louisiana Tech,H,N,23,7,16,-38.0,-36.5,Bovada,-20.5,0.9601048827171326,1730,1397,1,0,-1,2.689104640399413
2025,3,2025-09-13,regular,LSU,Florida,H,Y,20,10,10,-5.5,-4.5,DraftKings,5.5,0.9602018594741821,1735,1668,1,5,4,4.803348735160815
2025,4,2025-09-20,regular,LSU,SE Louisiana,H,N,56,10,46,-40.5,-49.0,Bovada,-3.0,0.9890648722648621,1747,,0,0,0,2.416578722550905
2025,5,2025-09-27,regular,LSU,Ole Miss,A,Y,19,24,-5,-2.5,2.5,DraftKings,-2.5,0.1511077880859375,1747,1981,1,2,1,5.3689509418819625
2025,7,2025-10-11,regular,LSU,South Carolina,H,Y,20,10,10,-10.5,-8.5,DraftKings,1.5,0.9584726095199585,1751,1682,3,2,-1,4.958702234174087
2025,8,2025-10-18,regular,LSU,Vanderbilt,A,Y,24,31,-7,-3.5,1.5,DraftKings,-5.5,0.0443386435508728,1763,1742,0,0,0,4.356349337034045
2025,9,2025-10-25,regular,LSU,Texas A&M,H,Y,25,49,-24,-5.5,1.5,DraftKings,-22.5,0,1752,1801,0,2,2,5.32002098367874
2025,11,2025-11-09,regular,LSU,Alabama,A,Y,9,20,-11,5.5,10.0,DraftKings,-1.0,0,1694,1978,2,1,-1,3.7025232883310517
2025,12,2025-11-15,regular,LSU,Arkansas,H,Y,23,22,1,-6.5,-4.0,DraftKings,-3.0,0.744929850101471,1695,1594,0,3,3,6.39666465263123
2025,13,2025-11-23,regular,LSU,Western Kentucky,H,N,13,10,3,-22.5,-24.5,DraftKings,-21.5,0.6684710383415222,1693,1398,2,2,0,4.349466223266472
2025,14,2025-11-29,regular,LSU,Oklahoma,A,Y,13,17,-4,8.5,11.5,DraftKings,7.5,0.6404007077217102,1690,1824,1,3,2,7.386930391872517
2025,1,2025-12-28,postseason,LSU,Houston,N,N,35,38,-3,,1.5,DraftKings,-1.5,0.4129297733306885,1691,1496,1,0,-1,6.262398137842444
2025,1,2025-08-30,regular,Mississippi State,Southern Miss,A,N,34,17,17,-11.5,-11.5,DraftKings,5.5,0.9816224034875631,1412,1119,1,1,0,4.441994027739813
2025,2,2025-09-06,regular,Mississippi State,Arizona State,H,N,24,20,4,7.0,6.0,Bovada,10.0,0.8706225156784058,1424,1700,0,2,2,4.934156253962285
2025,3,2025-09-13,regular,Mississippi State,Alcorn State,H,N,63,0,63,-38.5,-42.5,DraftKings,20.5,0.9959214925765991,1454,,1,3,2,1.7864428042072722
2025,4,2025-09-20,regular,Mississippi State,Northern Illinois,H,N,38,10,28,-21.5,-23.5,DraftKings,4.5,0.989556610584259,1436,1453,0,1,1,3.2053902517985993
2025,5,2025-09-27,regular,Mississippi State,Tennessee,H,Y,34,41,-7,10.0,7.5,DraftKings,0.5,0.27220362424850464,1512,1838,2,3,1,8.714407031892366
2025,6,2025-10-04,regular,Mississippi State,Texas A&M,A,Y,9,31,-22,13.5,17.5,DraftKings,-4.5,0.005761325359344482,1523,1753,2,1,-1,3.4951418576507356
2025,8,2025-10-18,regular,Mississippi State,Florida,A,Y,21,23,-2,9.5,9.5,DraftKings,7.5,0.4437868595123291,1494,1639,2,2,0,6.722744597880556
2025,9,2025-10-25,regular,Mississippi State,Texas,H,Y,38,45,-7,8.5,8.5,DraftKings,1.5,0.28513211011886597,1495,1944,1,1,0,9.321110708758852
2025,10,2025-11-01,regular,Mississippi State,Arkansas,A,Y,38,35,3,3.5,5.5,DraftKings,8.5,0.2751880884170532,1514,1604,1,0,-1,7.06341697165689
2025,11,2025-11-08,regular,Mississippi State,Georgia,H,Y,21,41,-20,9.5,9.5,DraftKings,-10.5,0,1524,2017,1,1,0,3.785267348604506
2025,12,2025-11-16,regular,Mississippi State,Missouri,A,Y,27,49,-22,,7.5,DraftKings,-14.5,0,1523,1734,3,2,-1,4.870050241990691
2025,14,2025-11-28,regular,Mississippi State,Ole Miss,H,Y,19,38,-19,9.5,7.5,DraftKings,-11.5,0.015346751548349857,1492,1959,1,0,-1,4.644830935938228
2025,1,2026-01-03,postseason,Mississippi State,Wake Forest,N,N,29,43,-14,-3.0,-3.0,DraftKings,-17.0,0.05442608520388603,1491,1508,0,1,1,5.3722560898728515
2025,1,2025-08-28,regular,Missouri,Central Arkansas,H,N,61,6,55,-36.5,-38.5,Bovada,16.5,0.9923890829086304,1640,,0,2,2,3.2619476923306743
2025,2,2025-09-06,regular,Missouri,Kansas,H,N,42,31,11,-7.0,-7.0,DraftKings,4.0,0.9613492488861084,1640,1632,1,1,0,7.009144755470777
2025,3,2025-09-13,regular,Missouri,Louisiana,H,N,52,10,42,-27.5,-27.5,DraftKings,14.5,0.9936493635177612,1659,1463,1,0,-1,1.633721829510829
2025,4,2025-09-20,regular,Missouri,South Carolina,H,Y,29,20,9,-3.0,-10.0,DraftKings,-1.0,0.9567704796791077,1755,1645,1,0,-1,6.401869009669572
2025,5,2025-09-27,regular,Missouri,Massachusetts,H,N,42,6,36,-42.5,-44.5,DraftKings,-8.5,0.9859509468078613,1762,1058,1,1,0,2.574124852200219
2025,7,2025-10-11,regular,Missouri,Alabama,H,Y,24,27,-3,6.5,3.0,DraftKings,0.0,0.12980933487415314,1781,1974,2,1,-1,6.769031039615297
2025,8,2025-10-18,regular,Missouri,Auburn,A,Y,23,17,6,1.5,-1.5,DraftKings,4.5,0.6623831391334534,1788,1684,2,1,-1,8.047831932676818
2025,9,2025-10-25,regular,Missouri,Vanderbilt,A,Y,10,17,-7,1.5,3.0,DraftKings,-4.0,0.8266028165817261,1791,1753,1,1,0,5.267295377402327
2025,11,2025-11-08,regular,Missouri,Texas A&M,H,Y,17,38,-21,6.5,7.0,DraftKings,-14.0,0.04862264171242714,1779,1859,2,1,-1,3.262741592650687
2025,12,2025-11-16,regular,Missouri,Mississippi State,H,Y,49,27,22,,-7.5,DraftKings,14.5,1,1734,1523,2,3,1,4.870050241990691
2025,13,2025-11-22,regular,Missouri,Oklahoma,A,Y,6,17,-11,10.5,4.5,DraftKings,-6.5,0.4584808945655823,1765,1807,2,0,-2,2.897279975694421
2025,14,2025-11-29,regular,Missouri,Arkansas,A,Y,31,17,14,-2.5,-4.5,DraftKings,9.5,0.5115167200565338,1748,1588,1,0,-1,5.336043578812519
2025,1,2025-12-28,postseason,Missouri,Virginia,N,N,7,13,-6,,-4.0,DraftKings,-10.0,0.23454348742961884,1765,1622,1,1,0,4.455815048839383
2025,1,2025-08-30,regular,Oklahoma,Illinois State,H,N,35,3,32,-35.5,-39.5,Bovada,-7.5,0.9841676354408264,1650,,2,0,-2,2.339243175901871
2025,2,2025-09-06,regular,Oklahoma,Michigan,H,N,24,13,11,-3.0,-3.0,DraftKings,8.0,0.8726335167884827,1650,1771,2,0,-2,3.288925346237761
2025,3,2025-09-13,regular,Oklahoma,Temple,A,N,42,3,39,,-23.5,DraftKings,15.5,0.9676382094621658,1679,1284,1,0,-1,2.8145400659947084
2025,4,2025-09-20,regular,Oklahoma,Auburn,H,Y,24,17,7,-4.5,-6.5,DraftKings,0.5,0.9085173606872559,1742,1686,1,0,-1,5.956621046190708
2025,6,2025-10-04,regular,Oklahoma,Kent State,H,N,44,0,44,-45.5,-46.5,DraftKings,-2.5,0.9927051663398743,1748,859,0,2,2,2.256360267230515
2025,7,2025-10-11,regular,Oklahoma,Texas,N,Y,6,23,-17,9.5,2.5,DraftKings,-14.5,0.010087668895721436,1769,1936,3,0,-3,4.19443888245953
2025,8,2025-10-18,regular,Oklahoma,South Carolina,A,Y,26,7,19,-3.5,-4.5,DraftKings,14.5,0.9872975368052721,1741,1670,0,2,2,4.716868331594246
2025,9,2025-10-25,regular,Oklahoma,Ole Miss,H,Y,26,34,-8,-2.5,-5.5,DraftKings,-13.5,0.10893948376178741,1781,1962,1,0,-1,6.522901703271394
2025,10,2025-11-01,regular,Oklahoma,Tennessee,A,Y,33,27,6,2.5,3.0,DraftKings,9.0,0.5654062032699585,1780,1828,2,3,1,7.451622569791746
2025,12,2025-11-15,regular,Oklahoma,Alabama,A,Y,23,21,2,12.5,6.5,DraftKings,8.5,0.8467890918254852,1794,1977,0,3,3,6.7106854101740625
2025,13,2025-11-22,regular,Oklahoma,Missouri,H,Y,17,6,11,-10.5,-4.5,DraftKings,6.5,0.5415191054344177,1807,1765,0,2,2,2.897279975694421
2025,14,2025-11-29,regular,Oklahoma,LSU,H,Y,17,13,4,-8.5,-11.5,DraftKings,-7.5,0.3595992922782898,1824,1690,3,1,-2,7.386930391872517
2025,1,2025-12-20,postseason,Oklahoma,Alabama,H,N,24,34,-10,,-2.5,DraftKings,-12.5,0.2631320357322693,1823,1917,1,0,-1,5.315499399146065
2025,1,2025-08-30,regular,Ole Miss,Georgia State,H,N,63,7,56,-38.5,-38.5,DraftKings,17.5,0.9927834868431091,1838,1331,2,1,-1,2.746951828945296
2025,2,2025-09-06,regular,Ole Miss,Kentucky,A,Y,30,23,7,-8.5,-8.0,Bovada,-1.0,0.5848943889141083,1939,1507,2,0,-2,5.576328550071941
2025,3,2025-09-13,regular,Ole Miss,Arkansas,H,Y,41,35,6,,-3.5,DraftKings,2.5,0.4054233729839325,1922,1674,0,1,1,6.476053958073642
2025,4,2025-09-20,regular,Ole Miss,Tulane,H,N,45,10,35,-13.5,-12.5,DraftKings,22.5,0.9863547682762146,1918,1642,1,1,0,1.8655250919442568
2025,5,2025-09-27,regular,Ole Miss,LSU,H,Y,24,19,5,2.5,-2.5,DraftKings,2.5,0.8488922119140625,1981,1747,2,1,-1,5.3689509418819625
2025,7,2025-10-11,regular,Ole Miss,Washington State,H,N,24,21,3,-32.5,-33.5,DraftKings,-30.5,0.8845190405845642,1977,1355,1,0,-1,5.373502448379028
2025,8,2025-10-18,regular,Ole Miss,Georgia,A,Y,35,43,-8,10.5,7.5,DraftKings,-0.5,0,1971,2025,0,0,0,6.5134351342636005
2025,9,2025-10-25,regular,Ole Miss,Oklahoma,A,Y,34,26,8,2.5,5.5,DraftKings,13.5,0.8910605162382126,1962,1781,0,1,1,6.522901703271394
2025,10,2025-11-01,regular,Ole Miss,South Carolina,H,Y,30,14,16,-13.5,-12.5,DraftKings,3.5,0.9924944639205933,1963,1643,2,3,1,4.9470900482214235
2025,11,2025-11-08,regular,Ole Miss,The Citadel,H,N,49,0,49,-51.5,-51.5,DraftKings,-2.5,0.8325901627540588,1980,,1,0,-1,1.860293866698971
2025,12,2025-11-16,regular,Ole Miss,Florida,H,Y,34,24,10,-7.5,-10.5,DraftKings,-0.5,0.9857250452041626,1969,1555,1,1,0,6.26444436261108
2025,14,2025-11-28,regular,Ole Miss,Mississippi State,A,Y,38,19,19,-9.5,-7.5,DraftKings,11.5,0.9846532484516501,1959,1492,0,1,1,4.644830935938228
2025,1,2025-12-20,postseason,Ole Miss,Tulane,H,N,41,10,31,,-16.5,DraftKings,14.5,0.9860715866088867,1960,1627,1,3,2,2.1738131487966745
2025,1,2026-01-02,postseason,Ole Miss,Georgia,N,N,39,34,5,,6.0,DraftKings,11.0,0.8182001858949661,2004,2064,1,1,0,8.465983498559117
2025,1,2026-01-09,postseason,Ole Miss,Miami,N,N,27,31,-4,,3.0,DraftKings,-1.0,0.23706090450286865,2011,2004,0,1,1,8.24467957486194
2025,1,2025-08-31,regular,South Carolina,Virginia Tech,N,N,24,11,13,-8.5,-8.5,DraftKings,4.5,0.8414051532745361,1706,1598,0,2,2,4.239271697882769
2025,2,2025-09-06,regular,South Carolina,South Carolina State,H,N,38,10,28,-42.5,-43.0,Bovada,-15.0,0.6999583840370178,1729,,0,1,1,3.6234773442688484
2025,3,2025-09-13,regular,South Carolina,Vanderbilt,H,Y,7,31,-24,,-3.0,DraftKings,-27.0,0.015361112542450428,1729,1570,4,1,-3,4.458445004730975
2025,4,2025-09-20,regular,South Carolina,Missouri,A,Y,20,29,-9,3.0,10.0,DraftKings,1.0,0.043229520320892334,1645,1755,0,1,1,6.401869009669572
2025,5,2025-09-27,regular,South Carolina,Kentucky,H,Y,35,13,22,-6.0,-5.5,DraftKings,16.5,0.991369366645813,1638,1557,0,4,4,3.3690642585545874
2025,7,2025-10-11,regular,South Carolina,LSU,A,Y,10,20,-10,10.5,8.5,DraftKings,-1.5,0.041527390480041504,1682,1751,2,3,1,4.958702234174087
2025,8,2025-10-18,regular,South Carolina,Oklahoma,H,Y,7,26,-19,3.5,4.5,DraftKings,-14.5,0.012702463194727898,1670,1741,2,0,-2,4.716868331594246
2025,9,2025-10-25,regular,South Carolina,Alabama,H,Y,22,29,-7,7.5,11.5,DraftKings,4.5,0.3482479751110077,1630,1991,2,2,0,6.965500888933744
2025,10,2025-11-01,regular,South Carolina,Ole Miss,A,Y,14,30,-16,13.5,12.5,DraftKings,-3.5,0.007505536079406738,1643,1963,3,2,-1,4.9470900482214235
2025,12,2025-11-15,regular,South Carolina,Texas A&M,A,Y,30,31,-1,18.5,16.5,DraftKings,15.5,0,1637,1904,1,4,3,5.900620804326157
2025,13,2025-11-22,regular,South Carolina,Coastal Carolina,H,N,51,7,44,-23.5,-23.5,DraftKings,20.5,0.9924185276031494,1645,1313,0,1,1,2.592138507375151
2025,14,2025-11-29,regular,South Carolina,Clemson,H,N,14,28,-14,2.5,-2.5,DraftKings,-16.5,0.012787394225597382,1730,1725,4,1,-3,6.0292124586193445
2025,1,2025-08-30,regular,Tennessee,Syracuse,N,N,45,26,19,-13.5,-13.5,DraftKings,5.5,0.9841050505638123,1776,1499,1,2,1,3.339909414752006
2025,2,2025-09-06,regular,Tennessee,East Tennessee State,H,N,72,17,55,-41.0,-39.5,Bovada,15.5,0.9897788166999817,1808,,0,0,0,2.3666336633020975
2025,3,2025-09-13,regular,Tennessee,Georgia,H,Y,41,44,-3,7.5,3.5,DraftKings,0.5,0.8366788625717163,1799,2053,2,2,0,8.927697065894355
2025,4,2025-09-20,regular,Tennessee,UAB,H,N,56,24,32,-41.5,-39.5,DraftKings,-7.5,0.9989473819732666,1809,1307,2,2,0,2.4876261409806415
2025,5,2025-09-27,regular,Tennessee,Mississippi State,A,Y,41,34,7,-10.0,-7.5,DraftKings,-0.5,0.7277963757514954,1838,1512,3,2,-1,8.714407031892366
2025,7,2025-10-11,regular,Tennessee,Arkansas,H,Y,34,31,3,-13.5,-10.0,DraftKings,-7.0,0.8328769207000732,1827,1608,0,3,3,5.12397736458338
2025,8,2025-10-18,regular,Tennessee,Alabama,A,Y,20,37,-17,12.5,8.5,DraftKings,-8.5,0.16889822483062744,1825,1967,1,1,0,3.936617568158109
2025,9,2025-10-25,regular,Tennessee,Kentucky,A,Y,56,34,22,-9.5,-7.5,DraftKings,14.5,0.9857864519581199,1801,1533,0,2,2,4.0851942581443055
2025,10,2025-11-01,regular,Tennessee,Oklahoma,H,Y,27,33,-6,-2.5,-3.0,DraftKings,-9.0,0.4345937967300415,1828,1780,3,2,-1,7.451622569791746
2025,12,2025-11-15,regular,Tennessee,New Mexico State,H,N,42,9,33,-39.5,-41.5,DraftKings,-8.5,0.9741840958595276,1814,1201,2,2,0,3.093171763725749
2025,13,2025-11-23,regular,Tennessee,Florida,A,Y,31,11,20,4.0,-3.5,DraftKings,16.5,0.9992415104061365,1834,1565,0,0,0,2.205107309922417
2025,14,2025-11-29,regular,Tennessee,Vanderbilt,H,Y,24,45,-21,-5.5,-2.5,DraftKings,-23.5,0.015860430896282196,1856,1827,0,2,2,6.4644006771448
2025,1,2025-12-30,postseason,Tennessee,Illinois,N,N,28,30,-2,-5.5,-3.0,DraftKings,-5.0,0.39647895097732544,1799,1583,1,0,-1,5.690550016791522
2025,1,2025-08-30,regular,Texas,Ohio State,A,N,7,14,-7,3.0,3.0,DraftKings,-4.0,0.2689187526702881,1861,1974,1,0,-1,2.8501456148390796
2025,2,2025-09-06,regular,Texas,San José State,H,N,38,7,31,-36.0,-37.0,Bovada,-6.0,0.9910861253738403,1858,1467,2,4,2,3.0706770400082175
2025,3,2025-09-13,regular,Texas,UTEP,H,N,27,10,17,,-39.5,DraftKings,-22.5,1,1896,1230,1,2,1,3.4510180667844916
2025,4,2025-09-21,regular,Texas,Sam Houston,H,N,55,0,55,-40.5,-39.5,DraftKings,15.5,0.9902904629707336,1878,1337,0,1,1,2.8833695642232984
2025,6,2025-10-04,regular,Texas,Florida,A,Y,21,29,-8,-6.5,-4.5,DraftKings,-12.5,0.09672302007675171,1972,1629,2,2,0,3.328666311999717
2025,7,2025-10-11,regular,Texas,Oklahoma,N,Y,23,6,17,-9.5,-2.5,DraftKings,14.5,0.9899123311042786,1936,1769,0,3,3,4.19443888245953
2025,8,2025-10-18,regular,Texas,Kentucky,A,Y,16,13,3,-13.5,-12.5,DraftKings,-9.5,0.34814751148223877,1964,1513,0,1,1,8.799986829345762
2025,9,2025-10-25,regular,Texas,Mississippi State,A,Y,45,38,7,-8.5,-8.5,DraftKings,-1.5,0.714867889881134,1944,1495,1,1,0,9.321110708758852
2025,10,2025-11-01,regular,Texas,Vanderbilt,H,Y,34,31,3,-3.5,-3.5,DraftKings,-0.5,0.7722781300544739,1925,1765,0,1,1,3.920122530757057
2025,12,2025-11-16,regular,Texas,Georgia,A,Y,10,35,-25,2.5,3.5,DraftKings,-21.5,0.00897669792175293,1924,2018,1,1,0,3.2577676387805257
2025,13,2025-11-22,regular,Texas,Arkansas,H,Y,52,37,15,-10.5,-8.5,DraftKings,6.5,1,1872,1596,0,2,2,4.624234501424844
2025,14,2025-11-29,regular,Texas,Texas A&M,H,Y,27,17,10,2.5,2.5,DraftKings,12.5,0.6624485850334167,1880,1896,0,2,2,5.110871723010601
2025,1,2025-12-31,postseason,Texas,Michigan,N,N,41,27,14,,-4.0,DraftKings,10.0,0.9724535942077637,1898,1814,1,3,2,7.573219878663873
2025,1,2025-08-30,regular,Texas A&M,UTSA,H,N,42,24,18,-21.5,-21.5,DraftKings,-3.5,1,1674,1529,0,0,0,5.030838796225625
2025,2,2025-09-06,regular,Texas A&M,Utah State,H,N,44,22,22,-29.5,-34.5,Bovada,-12.5,0.9944328665733337,1700,1418,1,1,0,2.8471288896070894
2025,3,2025-09-13,regular,Texas A&M,Notre Dame,A,N,41,40,1,7.0,6.5,DraftKings,7.5,0.8505955636501312,1724,2166,1,1,0,8.103345635698446
2025,5,2025-09-27,regular,Texas A&M,Auburn,H,Y,16,10,6,-6.5,-6.5,DraftKings,-0.5,0.9677963852882385,1749,1680,1,0,-1,3.8765048091063026
2025,6,2025-10-04,regular,Texas A&M,Mississippi State,H,Y,31,9,22,-13.5,-17.5,DraftKings,4.5,0.9942386746406555,1753,1523,1,2,1,3.4951418576507356
2025,7,2025-10-11,regular,Texas A&M,Florida,H,Y,34,17,17,-9.5,-7.0,DraftKings,10.0,0.9996259808540344,1782,1665,1,2,1,3.5273446774125765
2025,8,2025-10-18,regular,Texas A&M,Arkansas,A,Y,45,42,3,-8.5,-7.5,DraftKings,-4.5,0.7565195858478546,1808,1610,0,0,0,7.050104190802901
2025,9,2025-10-25,regular,Texas A&M,LSU,A,Y,49,25,24,5.5,-1.5,DraftKings,22.5,1,1801,1752,2,0,-2,5.32002098367874
2025,11,2025-11-08,regular,Texas A&M,Missouri,A,Y,38,17,21,-6.5,-7.0,DraftKings,14.0,0.9513773582875729,1859,1779,1,2,1,3.262741592650687
2025,12,2025-11-15,regular,Texas A&M,South Carolina,H,Y,31,30,1,-18.5,-16.5,DraftKings,-15.5,1,1904,1637,4,1,-3,5.900620804326157
2025,13,2025-11-22,regular,Texas A&M,Samford,H,N,48,0,48,-54.5,-54.5,DraftKings,-6.5,0.9767223000526428,1896,,2,0,-2,2.1226393455024506
2025,14,2025-11-29,regular,Texas A&M,Texas,A,Y,17,27,-10,-2.5,-2.5,DraftKings,-12.5,0.33755141496658325,1896,1880,2,0,-2,5.110871723010601
2025,1,2025-12-20,postseason,Texas A&M,Miami,H,N,3,10,-7,,-3.0,DraftKings,-10.0,0.10410378873348236,1878,1967,3,1,-2,5.812677778929839
2025,1,2025-08-30,regular,Vanderbilt,Charleston Southern,H,N,45,3,42,-37.5,-37.5,Bovada,4.5,0.9889649748802185,1497,,0,2,2,1.7678967453755141
2025,2,2025-09-06,regular,Vanderbilt,Virginia Tech,A,N,44,20,24,1.0,1.5,Bovada,25.5,0.9740848653018475,1497,1575,2,1,-1,5.012196213185042
2025,3,2025-09-13,regular,Vanderbilt,South Carolina,A,Y,31,7,24,,3.0,DraftKings,27.0,0.9846388874575496,1570,1729,1,4,3,4.458445004730975
2025,4,2025-09-20,regular,Vanderbilt,Georgia State,H,N,70,21,49,-26.5,-27.5,DraftKings,21.5,0.9932364821434021,1654,1213,0,1,1,3.416313854106599
2025,5,2025-09-27,regular,Vanderbilt,Utah State,H,N,55,35,20,-21.5,-23.5,DraftKings,-3.5,0.9819328784942627,1741,1442,1,1,0,4.60252610511381
2025,6,2025-10-04,regular,Vanderbilt,Alabama,A,Y,14,30,-16,13.5,13.5,DraftKings,-2.5,0.01950770616531372,1758,1958,2,1,-1,4.929460919889916
2025,8,2025-10-18,regular,Vanderbilt,LSU,H,Y,31,24,7,3.5,-1.5,DraftKings,5.5,0.9556613564491272,1742,1763,0,0,0,4.356349337034045
2025,9,2025-10-25,regular,Vanderbilt,Missouri,H,Y,17,10,7,-1.5,-3.0,DraftKings,4.0,0.17339718341827393,1753,1791,1,1,0,5.267295377402327
2025,10,2025-11-01,regular,Vanderbilt,Texas,A,Y,31,34,-3,3.5,3.5,DraftKings,0.5,0.22772186994552612,1765,1925,1,0,-1,3.920122530757057
2025,11,2025-11-08,regular,Vanderbilt,Auburn,H,Y,45,38,7,-5.5,-6.0,DraftKings,1.0,0.6538436412811279,1766,1665,1,0,-1,9.394868635793847
2025,13,2025-11-22,regular,Vanderbilt,Kentucky,H,Y,45,17,28,-7.5,-7.0,DraftKings,21.0,0.9762735366821289,1770,1635,1,3,2,2.2736201189045495
2025,14,2025-11-29,regular,Vanderbilt,Tennessee,A,Y,45,24,21,5.5,2.5,DraftKings,23.5,0.9841395691037178,1827,1856,2,0,-2,6.4644006771448
2025,1,2025-12-31,postseason,Vanderbilt,Iowa,N,N,27,34,-7,-4.0,-3.0,DraftKings,-10.0,0,1884,1933,0,1,1,5.59897019075446
