season,week,date,season_type,team,opponent,site,conf_game,team_pts,opp_pts,actual_margin,open_spread,close_spread,provider,cover_margin,post_wp,pre_elo,opp_pre_elo,turnovers,opp_turnovers,to_margin,excitement
2016,1,2016-09-04,regular,Alabama,USC,N,N,52,6,46,,-9.0,consensus,37.0,0.9962793588638306,1965,1696,2,1,-1,4.55550753322863
2016,2,2016-09-10,regular,Alabama,Western Kentucky,H,N,38,10,28,,-24.0,consensus,4.0,0.9998496945498606,2074,1777,1,2,1,0.943757428399999
2016,3,2016-09-17,regular,Alabama,Ole Miss,A,Y,48,43,5,,-9.5,consensus,-4.5,0.8366664637361045,2113,1763,1,2,1,8.32734503829999
2016,4,2016-09-24,regular,Alabama,Kent State,H,N,48,0,48,,-41.5,consensus,6.5,0.9868549108505249,2099,1165,0,1,1,2.1817990496567923
2016,5,2016-10-01,regular,Alabama,Kentucky,H,Y,34,6,28,,-32.5,consensus,-4.5,0.9917802810668945,2125,1419,1,2,1,3.1730333883851625
2016,6,2016-10-08,regular,Alabama,Arkansas,A,Y,49,30,19,,-13.0,consensus,6.0,0.9895303696393967,2124,1717,3,5,2,4.00223035574115
2016,7,2016-10-15,regular,Alabama,Tennessee,A,Y,49,10,39,,-9.0,consensus,30.0,0.975499015301466,2130,1775,2,1,-1,4.197808206007324
2016,8,2016-10-22,regular,Alabama,Texas A&M,H,Y,33,14,19,,-16.5,consensus,2.5,0.9975801706314087,2198,1756,2,2,0,4.830589465563135
2016,10,2016-11-06,regular,Alabama,LSU,A,Y,10,0,10,,-7.0,consensus,3.0,0.8406457453966141,2201,1889,2,1,-1,4.37853479015009
2016,11,2016-11-12,regular,Alabama,Mississippi State,H,Y,51,3,48,,-28.5,consensus,19.5,0.9596734046936035,2196,1651,2,1,-1,2.97425926243682
2016,12,2016-11-20,regular,Alabama,Chattanooga,H,N,31,3,28,,-48.5,consensus,-20.5,0.933671772480011,,,1,2,1,2.8428134685768778
2016,13,2016-11-26,regular,Alabama,Auburn,H,Y,30,12,18,,-20.0,consensus,-2.0,0.7728680372238159,2267,1949,2,1,-1,3.9120959341501957
2016,14,2016-12-03,regular,Alabama,Florida,N,Y,54,16,38,,-21.5,consensus,16.5,0.94495515152812,2278,1708,0,3,3,3.6418588866218338
2016,1,2016-12-31,postseason,Alabama,Washington,N,N,24,7,17,,-14.0,consensus,3.0,1,2311,2149,0,3,3,3.7894166041143484
2016,1,2017-01-10,postseason,Alabama,Clemson,N,N,31,35,-4,,-6.0,consensus,-10.0,0.6544898748397827,2340,2206,0,2,2,7.4803303513957315
2016,1,2016-09-03,regular,Arkansas,Louisiana Tech,H,N,21,20,1,,-20.5,consensus,-19.5,0.3640567362308502,1741,1609,2,1,-1,4.9740223060013395
2016,2,2016-09-10,regular,Arkansas,TCU,A,N,41,38,3,,6.0,consensus,9.0,0.9133434593677521,1738,1798,0,2,2,9.986596298636142
2016,3,2016-09-17,regular,Arkansas,Texas State,H,N,42,3,39,,-32.5,consensus,6.5,0.9999977686119301,1746,1193,1,1,0,0.1185704393
2016,4,2016-09-25,regular,Arkansas,Texas A&M,N,Y,24,45,-21,,3.0,consensus,-18.0,0.10532498359680176,1789,1667,3,2,-1,5.775903377933998
2016,5,2016-10-01,regular,Arkansas,Alcorn State,H,N,52,10,42,,-53.0,consensus,-11.0,0.9853115677833557,,,1,4,3,2.1842111049549677
2016,6,2016-10-08,regular,Arkansas,Alabama,H,Y,30,49,-19,,13.0,consensus,-6.0,0.010469630360603333,1717,2124,5,3,-2,4.00223035574115
2016,7,2016-10-15,regular,Arkansas,Ole Miss,H,Y,34,30,4,,6.5,consensus,10.5,0.9575121998786926,1711,1900,1,1,0,6.168468333055298
2016,8,2016-10-22,regular,Arkansas,Auburn,A,Y,3,56,-53,,17.0,consensus,-36.0,0.0036534667015075684,1720,1833,2,0,-2,1.878012917017614
2016,10,2016-11-05,regular,Arkansas,Florida,H,Y,31,10,21,,3.5,consensus,24.5,0.8846990466117859,1571,1775,1,2,1,2.3676329072553126
2016,11,2016-11-13,regular,Arkansas,LSU,H,Y,10,38,-28,,7.0,consensus,-21.0,0.0005555830430239439,1644,1894,3,2,-1,3.17620028573845
2016,12,2016-11-20,regular,Arkansas,Mississippi State,A,Y,58,42,16,,-1.5,teamrankings,14.5,0.9667931629644133,1597,1580,0,0,0,2.8646663798
2016,13,2016-11-25,regular,Arkansas,Missouri,A,Y,24,28,-4,,-7.5,consensus,-11.5,0.46746426820755005,1633,1393,2,1,-1,5.946570400396173
2016,1,2016-12-29,postseason,Arkansas,Virginia Tech,N,N,24,35,-11,,6.0,consensus,-5.0,0.21546083688735962,1622,1856,4,2,-2,5.316168037643489
2016,1,2016-09-04,regular,Auburn,Clemson,H,N,13,19,-6,,7.5,consensus,1.5,0.41605886816978455,1656,1865,3,2,-1,5.199759529290263
2016,2,2016-09-10,regular,Auburn,Arkansas State,H,N,51,14,37,,-13.0,consensus,24.0,0.989556610584259,1660,1472,1,0,-1,3.1127656519001574
2016,3,2016-09-17,regular,Auburn,Texas A&M,H,Y,16,29,-13,,-4.0,consensus,-17.0,0.038301847875118256,1740,1627,1,0,-1,6.058561143691738
2016,4,2016-09-24,regular,Auburn,LSU,H,Y,18,13,5,,4.0,consensus,9.0,0.7527536153793335,1700,1708,1,1,0,5.518330483583149
2016,5,2016-10-01,regular,Auburn,UL Monroe,H,N,58,7,51,,-34.0,consensus,17.0,1,1705,1110,1,2,1,2.215817610779071
2016,6,2016-10-08,regular,Auburn,Mississippi State,A,Y,38,14,24,,1.5,consensus,25.5,0.7505860924720764,1779,1698,2,3,1,2.6735171400045386
2016,8,2016-10-22,regular,Auburn,Arkansas,H,Y,56,3,53,,-17.0,consensus,36.0,0.9963465332984924,1833,1720,0,2,2,1.878012917017614
2016,9,2016-10-29,regular,Auburn,Ole Miss,A,Y,40,29,11,,-2.0,consensus,9.0,0.9728966075927019,1982,1850,0,1,1,7.609408891410818
2016,10,2016-11-05,regular,Auburn,Vanderbilt,H,Y,23,16,7,,-26.0,consensus,-19.0,0.9004241228103638,1994,1429,1,1,0,5.952801494513946
2016,11,2016-11-12,regular,Auburn,Georgia,A,Y,7,13,-6,,-8.0,consensus,-14.0,0.11295872926712036,1975,1624,1,1,0,4.795322027443099
2016,12,2016-11-20,regular,Auburn,Alabama A&M,H,N,55,0,55,,-52.0,consensus,3.0,0.9912221431732178,,,1,2,1,2.0367841498215484
2016,13,2016-11-26,regular,Auburn,Alabama,A,Y,12,30,-18,,20.0,consensus,2.0,0.22713196277618408,1949,2267,1,2,1,3.9120959341501957
2016,1,2017-01-03,postseason,Auburn,Oklahoma,N,N,19,35,-16,,5.5,consensus,-10.5,0.027560651302337646,1938,2013,1,0,-1,4.955115869335421
2016,1,2016-09-03,regular,Florida,Massachusetts,H,N,24,7,17,,-37.0,consensus,-20.0,0.9985213875770569,1633,1261,0,0,0,3.906233697610663
2016,2,2016-09-10,regular,Florida,Kentucky,H,Y,45,7,38,,-16.5,consensus,21.5,0.9999865327781032,1637,1467,1,4,3,0.7877904681
2016,3,2016-09-17,regular,Florida,North Texas,H,N,32,0,32,,-35.0,consensus,-3.0,0.9841864109039307,1723,1147,1,1,0,2.2993251917780313
2016,4,2016-09-24,regular,Florida,Tennessee,A,Y,28,38,-10,,8.0,consensus,-2.0,0.1437733769416809,1744,1777,2,2,0,5.250880891461145
2016,5,2016-10-01,regular,Florida,Vanderbilt,A,Y,13,6,7,,-8.5,consensus,-1.5,0.7971851825714111,1729,1415,1,3,2,4.8421221356080855
2016,7,2016-10-15,regular,Florida,Missouri,H,Y,40,14,26,,-13.0,consensus,13.0,0.9261083602905273,1719,1506,4,3,-1,3.551701090779309
2016,9,2016-10-29,regular,Florida,Georgia,N,Y,24,10,14,,-7.5,consensus,6.5,1,1761,1643,1,0,-1,4.970332878830935
2016,10,2016-11-05,regular,Florida,Arkansas,A,Y,10,31,-21,,-3.5,consensus,-24.5,0.11530095338821411,1775,1571,2,1,-1,2.3676329072553126
2016,11,2016-11-12,regular,Florida,South Carolina,H,Y,20,7,13,,-16.0,consensus,-3.0,0.9668451547622681,1702,1505,3,2,-1,2.431871211617686
2016,12,2016-11-19,regular,Florida,LSU,A,Y,16,10,6,,10.5,consensus,16.5,0.637172281742096,1712,1941,0,2,2,4.572880344459612
2016,13,2016-11-27,regular,Florida,Florida State,A,N,13,31,-18,,5.0,consensus,-13.0,0.01605445146560669,1741,1814,2,3,1,3.3337398676059595
2016,14,2016-12-03,regular,Florida,Alabama,N,Y,16,54,-38,,21.5,consensus,-16.5,0.05504484847187996,1708,2278,3,0,-3,3.6418588866218338
2016,1,2017-01-02,postseason,Florida,Iowa,N,N,30,3,27,,-2.0,consensus,25.0,0.9289720952510834,1675,1734,2,3,1,3.8258262764109086
2016,1,2016-09-03,regular,Georgia,North Carolina,N,N,33,24,9,,-3.5,consensus,5.5,0.9726683851331472,1698,1720,1,0,-1,6.366878113237822
2016,2,2016-09-10,regular,Georgia,Nicholls,H,N,26,24,2,,-49.5,consensus,-47.5,0.43278747557090214,,,3,3,0,1.2581717325
2016,3,2016-09-17,regular,Georgia,Missouri,A,Y,28,27,1,,-6.0,consensus,-5.0,0.4534744620323181,1712,1584,1,5,4,7.690799667796097
2016,4,2016-09-24,regular,Georgia,Ole Miss,A,Y,14,45,-31,,6.0,consensus,-25.0,0.008465111255645752,1707,1777,2,1,-1,2.201989453639495
2016,5,2016-10-01,regular,Georgia,Tennessee,H,Y,31,34,-3,,2.5,consensus,-0.5,0.7061610221862793,1632,1792,2,3,1,6.591928859013687
2016,6,2016-10-09,regular,Georgia,South Carolina,A,Y,28,14,14,,-8.5,consensus,5.5,1,1637,1517,1,3,2,4.207539363862716
2016,7,2016-10-15,regular,Georgia,Vanderbilt,H,Y,16,17,-1,,-14.5,consensus,-15.5,0.5788882970809937,1657,1415,0,0,0,6.270483631583642
2016,9,2016-10-29,regular,Georgia,Florida,N,Y,10,24,-14,,7.5,consensus,-6.5,0,1643,1761,0,1,1,4.970332878830935
2016,10,2016-11-05,regular,Georgia,Kentucky,A,Y,27,24,3,,-2.5,consensus,0.5,0.5828118026256561,1629,1467,3,2,-1,6.3550754635590785
2016,11,2016-11-12,regular,Georgia,Auburn,H,Y,13,7,6,,8.0,consensus,14.0,0.8870412707328796,1624,1975,1,1,0,4.795322027443099
2016,12,2016-11-19,regular,Georgia,Louisiana,H,N,35,21,14,,-21.0,consensus,-7.0,0.9981814622879028,1650,1251,2,4,2,2.3123908893627108
2016,13,2016-11-26,regular,Georgia,Georgia Tech,H,N,27,28,-1,,-4.5,consensus,-5.5,0.40312111377716064,1646,1614,2,2,0,5.352993950611792
2016,1,2016-12-30,postseason,Georgia,TCU,N,N,31,23,8,,1.5,consensus,9.5,0.9165798127651215,1643,1718,1,2,1,6.2737879650641935
2016,1,2016-09-03,regular,Kentucky,Southern Miss,H,N,35,44,-9,,-7.5,consensus,-16.5,0.632953405380249,1473,1624,3,3,0,5.769480689795832
2016,2,2016-09-10,regular,Kentucky,Florida,A,Y,7,45,-38,,16.5,consensus,-21.5,1.3467221896767967e-05,1467,1637,4,1,-3,0.7877904681
2016,3,2016-09-17,regular,Kentucky,New Mexico State,H,N,62,42,20,,-21.5,consensus,-1.5,1,1381,1107,3,2,-1,7.036761016544964
2016,4,2016-09-24,regular,Kentucky,South Carolina,H,Y,17,10,7,,-1.5,consensus,5.5,0.7188641428947449,1401,1540,2,0,-2,4.970864523088879
2016,5,2016-10-01,regular,Kentucky,Alabama,A,Y,6,34,-28,,32.5,consensus,4.5,0.008219718933105469,1419,2125,2,1,-1,3.1730333883851625
2016,6,2016-10-08,regular,Kentucky,Vanderbilt,H,Y,20,13,7,,-2.0,consensus,5.0,0.8254209756851196,1420,1425,2,1,-1,3.9734477695663606
2016,8,2016-10-22,regular,Kentucky,Mississippi State,H,Y,40,38,2,,1.5,consensus,3.5,0.7017305696004126,1430,1636,2,1,-1,7.63997401319999
2016,9,2016-10-29,regular,Kentucky,Missouri,A,Y,35,21,14,,4.5,consensus,18.5,0.29663848876953125,1433,1457,2,0,-2,3.728243900630412
2016,10,2016-11-05,regular,Kentucky,Georgia,H,Y,24,27,-3,,2.5,consensus,-0.5,0.41718819737434387,1467,1629,2,3,1,6.3550754635590785
2016,11,2016-11-12,regular,Kentucky,Tennessee,A,Y,36,49,-13,,10.5,consensus,-2.5,0.03634953498840332,1472,1703,2,3,1,5.505724775438005
2016,12,2016-11-19,regular,Kentucky,Austin Peay,H,N,49,13,36,,-43.0,consensus,-7.0,0.9906673431396484,,,1,2,1,3.8431003717966403
2016,13,2016-11-26,regular,Kentucky,Louisville,A,N,41,38,3,,26.0,consensus,29.0,0.2755216956138611,1465,1950,2,4,2,8.33650643747113
2016,1,2016-12-31,postseason,Kentucky,Georgia Tech,N,N,18,33,-15,,5.0,consensus,-10.0,0.10401610285043716,1503,1617,1,0,-1,3.4746681952996763
2016,1,2016-09-03,regular,LSU,Wisconsin,N,N,14,16,-2,,-9.5,consensus,-11.5,0.1449432373046875,1711,1700,3,3,0,5.780591490878739
2016,2,2016-09-10,regular,LSU,Jacksonville State,H,N,34,13,21,,-30.0,consensus,-9.0,0.9937372803688049,,,2,1,-1,3.2145104840655097
2016,3,2016-09-17,regular,LSU,Mississippi State,H,Y,23,20,3,,-13.0,teamrankings,-10.0,0.9090524315834045,1707,1712,1,1,0,3.0490891145011094
2016,4,2016-09-24,regular,LSU,Auburn,A,Y,13,18,-5,,-4.0,consensus,-9.0,0.2472463846206665,1708,1700,1,1,0,5.518330483583149
2016,5,2016-10-01,regular,LSU,Missouri,H,Y,42,7,35,,-14.0,consensus,21.0,0.9777895212173462,1703,1589,0,1,1,2.1076834719103585
2016,7,2016-10-15,regular,LSU,Southern Miss,H,N,45,10,35,,-21.0,consensus,14.0,0.9929777383804321,1786,1504,1,1,0,4.020527824552182
2016,8,2016-10-23,regular,LSU,Ole Miss,H,Y,38,21,17,,-4.5,consensus,12.5,0.9824739098548889,1848,1891,3,2,-1,5.076003983504606
2016,10,2016-11-06,regular,LSU,Alabama,H,Y,0,10,-10,,7.0,consensus,-3.0,0.15935425460338593,1889,2201,1,2,1,4.37853479015009
2016,11,2016-11-13,regular,LSU,Arkansas,A,Y,38,10,28,,-7.0,consensus,21.0,0.9994444169569761,1894,1644,2,3,1,3.17620028573845
2016,12,2016-11-19,regular,LSU,Florida,H,Y,10,16,-6,,-10.5,consensus,-16.5,0.36282771825790405,1941,1712,2,0,-2,4.572880344459612
2016,13,2016-11-25,regular,LSU,Texas A&M,A,Y,54,39,15,,-4.0,consensus,11.0,0.9923004767857959,1912,1757,0,1,1,3.0720067856
2016,1,2016-12-31,postseason,LSU,Louisville,N,N,29,9,20,,-3.0,teamrankings,17.0,0.9712973013520241,1932,1912,1,1,0,3.690159339341601
2016,1,2016-09-03,regular,Mississippi State,South Alabama,H,N,20,21,-1,,-34.0,consensus,-35.0,0.08352609914779088,1727,1243,0,0,0,2.61168967579999
2016,2,2016-09-10,regular,Mississippi State,South Carolina,H,Y,27,14,13,,-9.5,consensus,3.5,1,1699,1548,1,2,1,2.7371893948783828
2016,3,2016-09-17,regular,Mississippi State,LSU,A,Y,20,23,-3,,13.0,teamrankings,10.0,0.09094756841659546,1712,1707,1,1,0,3.0490891145011094
2016,4,2016-09-24,regular,Mississippi State,Massachusetts,A,N,47,35,12,,-25.0,consensus,-13.0,0.9968346981331706,1711,1243,1,3,2,6.211593094389463
2016,6,2016-10-08,regular,Mississippi State,Auburn,H,Y,14,38,-24,,-1.5,consensus,-25.5,0.24941390752792358,1698,1779,3,2,-1,2.6735171400045386
2016,7,2016-10-15,regular,Mississippi State,BYU,A,N,21,28,-7,,4.0,consensus,-3.0,0.14259570837020874,1644,1663,2,2,0,8.452397531942728
2016,8,2016-10-22,regular,Mississippi State,Kentucky,A,Y,38,40,-2,,-1.5,consensus,-3.5,0.2982694303995874,1636,1430,1,2,1,7.63997401319999
2016,9,2016-10-29,regular,Mississippi State,Samford,H,N,56,41,15,,-21.5,consensus,-6.5,0.9697495698928833,,,3,3,0,5.727537017997404
2016,10,2016-11-05,regular,Mississippi State,Texas A&M,H,Y,35,28,7,,13.0,consensus,20.0,0.8733052611351013,1633,1779,2,2,0,3.339745486579816
2016,11,2016-11-12,regular,Mississippi State,Alabama,A,Y,3,51,-48,,28.5,consensus,-19.5,0.040326595306396484,1651,2196,1,2,1,2.97425926243682
2016,12,2016-11-20,regular,Mississippi State,Arkansas,H,Y,42,58,-16,,1.5,teamrankings,-14.5,0.03320683703558667,1580,1597,0,0,0,2.8646663798
2016,13,2016-11-26,regular,Mississippi State,Ole Miss,A,Y,55,20,35,,8.0,consensus,43.0,0.9902766291052103,1544,1730,1,2,1,4.207884125947943
2016,1,2016-12-26,postseason,Mississippi State,Miami (OH),N,N,17,16,1,,-11.5,consensus,-10.5,0.2707642614841461,1674,1306,0,2,2,5.881256958391699
2016,1,2016-09-03,regular,Missouri,West Virginia,A,N,11,26,-15,,11.5,consensus,-3.5,0.12358444929122925,1538,1676,1,3,2,3.521444552890632
2016,2,2016-09-10,regular,Missouri,Eastern Michigan,H,N,61,21,40,,-24.5,consensus,15.5,0.9930390119552612,1519,1130,2,2,0,3.1022589631658546
2016,3,2016-09-17,regular,Missouri,Georgia,H,Y,27,28,-1,,6.0,consensus,5.0,0.5465255379676819,1584,1712,5,1,-4,7.690799667796097
2016,4,2016-09-24,regular,Missouri,Delaware State,H,N,79,0,79,,-50.5,consensus,28.5,0.9847959876060486,,,0,4,4,1.788835542553241
2016,5,2016-10-01,regular,Missouri,LSU,A,Y,7,42,-35,,14.0,consensus,-21.0,0.02221047878265381,1589,1703,1,0,-1,2.1076834719103585
2016,7,2016-10-15,regular,Missouri,Florida,A,Y,14,40,-26,,13.0,consensus,-13.0,0.07389163970947266,1506,1719,3,4,1,3.551701090779309
2016,8,2016-10-22,regular,Missouri,Middle Tennessee,H,N,45,51,-6,,-4.0,consensus,-10.0,0.42497557401657104,1464,1512,2,0,-2,8.947616929656755
2016,9,2016-10-29,regular,Missouri,Kentucky,H,Y,21,35,-14,,-4.5,consensus,-18.5,0.7033615112304688,1457,1433,0,2,2,3.728243900630412
2016,10,2016-11-05,regular,Missouri,South Carolina,A,Y,21,31,-10,,5.0,consensus,-5.0,0.04894989728927612,1423,1493,3,0,-3,5.82579685204282
2016,11,2016-11-12,regular,Missouri,Vanderbilt,H,Y,26,17,9,,-1.0,consensus,8.0,0.98386150598526,1411,1448,1,2,1,4.8257957094848125
2016,12,2016-11-19,regular,Missouri,Tennessee,A,Y,37,63,-26,,14.5,consensus,-11.5,0.0074329376220703125,1428,1710,4,0,-4,6.537336001540374
2016,13,2016-11-25,regular,Missouri,Arkansas,H,Y,28,24,4,,7.5,consensus,11.5,0.53253573179245,1393,1633,1,2,1,5.946570400396173
2016,1,2016-09-03,regular,Oklahoma,Houston,N,N,23,33,-10,,-10.0,consensus,-20.0,0.3495471477508545,1885,1780,2,1,-1,5.354343707129855
2016,2,2016-09-10,regular,Oklahoma,UL Monroe,H,N,59,17,42,,-44.0,consensus,-2.0,0.9931229948997498,1852,1137,1,1,0,1.9618700513568996
2016,3,2016-09-17,regular,Oklahoma,Ohio State,H,N,24,45,-21,,2.5,consensus,-18.5,0,1886,2138,2,0,-2,3.837845565552322
2016,5,2016-10-01,regular,Oklahoma,TCU,A,Y,52,46,6,,-3.5,teamrankings,2.5,0.9730235077440739,1860,1818,2,1,-1,5.840059022856426
2016,6,2016-10-08,regular,Oklahoma,Texas,N,Y,45,40,5,,-6.5,consensus,-1.5,0.8883181810379028,1868,1538,4,2,-2,6.518919073419511
2016,7,2016-10-15,regular,Oklahoma,Kansas State,H,Y,38,17,21,,-13.0,consensus,8.0,0.9918342232704163,1860,1667,1,0,-1,2.465826956715992
2016,8,2016-10-23,regular,Oklahoma,Texas Tech,A,Y,66,59,7,,-13.0,consensus,-6.0,0.8628890812397003,1890,1505,0,2,2,9.00110522603257
2016,9,2016-10-29,regular,Oklahoma,Kansas,H,Y,56,3,53,,-38.5,consensus,14.5,0.9850574135780334,1876,1028,1,2,1,2.895807380301176
2016,10,2016-11-03,regular,Oklahoma,Iowa State,A,Y,34,24,10,,-19.5,consensus,-9.5,0.992170668207109,1926,1415,1,0,-1,4.792159734472815
2016,11,2016-11-12,regular,Oklahoma,Baylor,H,Y,45,24,21,,-15.5,consensus,5.5,0.9942096471786499,1907,1702,1,3,2,2.8743124268617546
2016,12,2016-11-20,regular,Oklahoma,West Virginia,A,Y,56,28,28,,-2.5,consensus,25.5,0.9640139974653721,1936,1760,1,4,3,3.3050456467724283
2016,14,2016-12-03,regular,Oklahoma,Oklahoma State,H,Y,38,20,18,,-14.0,consensus,4.0,0.9827544093132019,1991,1794,1,0,-1,4.521441680040141
2016,1,2017-01-03,postseason,Oklahoma,Auburn,N,N,35,19,16,,-5.5,consensus,10.5,0.9724393486976624,2013,1938,0,1,1,4.955115869335421
2016,1,2016-09-06,regular,Ole Miss,Florida State,N,N,34,45,-11,,5.0,consensus,-6.0,0.007315099239349365,1791,1773,4,0,-4,6.167055093442691
2016,2,2016-09-10,regular,Ole Miss,Wofford,H,N,38,13,25,,-44.5,consensus,-19.5,0.9891122579574585,,,1,1,0,2.353352446213582
2016,3,2016-09-17,regular,Ole Miss,Alabama,H,Y,43,48,-5,,9.5,consensus,4.5,0.16333353626389543,1763,2113,2,1,-1,8.32734503829999
2016,4,2016-09-24,regular,Ole Miss,Georgia,H,Y,45,14,31,,-6.0,consensus,25.0,0.9915348887443542,1777,1707,1,2,1,2.201989453639495
2016,5,2016-10-01,regular,Ole Miss,Memphis,H,N,48,28,20,,-15.5,teamrankings,4.5,0.9955182075500488,1852,1862,1,4,3,3.490784698392421
2016,7,2016-10-15,regular,Ole Miss,Arkansas,A,Y,30,34,-4,,-6.5,consensus,-10.5,0.04248780012130737,1900,1711,1,1,0,6.168468333055298
2016,8,2016-10-23,regular,Ole Miss,LSU,A,Y,21,38,-17,,4.5,consensus,-12.5,0.017526090145111084,1891,1848,2,3,1,5.076003983504606
2016,9,2016-10-29,regular,Ole Miss,Auburn,H,Y,29,40,-11,,2.0,consensus,-9.0,0.027103392407298088,1850,1982,1,0,-1,7.609408891410818
2016,10,2016-11-05,regular,Ole Miss,Georgia Southern,H,N,37,27,10,,-20.5,consensus,-10.5,0.9503471851348877,1838,1446,1,1,0,5.055708664406568
2016,11,2016-11-13,regular,Ole Miss,Texas A&M,A,Y,29,28,1,,11.0,consensus,12.0,0.8838156089186668,1829,1761,2,1,-1,5.244374034494373
2016,12,2016-11-20,regular,Ole Miss,Vanderbilt,A,Y,17,38,-21,,-9.5,consensus,-30.5,0.008572757244110107,1827,1431,1,1,0,4.285388869256424
2016,13,2016-11-26,regular,Ole Miss,Mississippi State,H,Y,20,55,-35,,-8.0,consensus,-43.0,0.009723370894789696,1730,1544,2,1,-1,4.207884125947943
2016,1,2016-09-02,regular,South Carolina,Vanderbilt,A,Y,13,10,3,,-4.0,consensus,-1.0,0.9338355439646768,1553,1391,2,0,-2,6.9604738657
2016,2,2016-09-10,regular,South Carolina,Mississippi State,A,Y,14,27,-13,,9.5,consensus,-3.5,0,1548,1699,2,1,-1,2.7371893948783828
2016,3,2016-09-17,regular,South Carolina,East Carolina,H,N,20,15,5,,-6.0,consensus,-1.0,0.7241764664649963,1535,1528,0,4,4,2.8220260467927316
2016,4,2016-09-24,regular,South Carolina,Kentucky,A,Y,10,17,-7,,1.5,consensus,-5.5,0.2811358571052551,1540,1401,0,2,2,4.970864523088879
2016,5,2016-10-01,regular,South Carolina,Texas A&M,H,Y,13,24,-11,,14.0,consensus,3.0,0.3509499430656433,1522,1739,2,2,0,5.562438463847433
2016,6,2016-10-09,regular,South Carolina,Georgia,H,Y,14,28,-14,,8.5,consensus,-5.5,0,1517,1637,3,1,-2,4.207539363862716
2016,8,2016-10-22,regular,South Carolina,Massachusetts,H,N,34,28,6,,-21.0,consensus,-15.0,0.9865652322769165,1497,1165,2,4,2,3.274088182322775
2016,9,2016-10-29,regular,South Carolina,Tennessee,H,Y,24,21,3,,14.0,consensus,17.0,0.976497232913971,1489,1707,0,3,3,4.998234074021639
2016,10,2016-11-05,regular,South Carolina,Missouri,H,Y,31,21,10,,-5.0,consensus,5.0,0.9510501027107239,1493,1423,0,3,3,5.82579685204282
2016,11,2016-11-12,regular,South Carolina,Florida,A,Y,7,20,-13,,16.0,consensus,3.0,0.033154845237731934,1505,1702,2,3,1,2.431871211617686
2016,12,2016-11-19,regular,South Carolina,Western Carolina,H,N,44,31,13,,-29.0,consensus,-16.0,0.9220894575119019,,,1,1,0,3.1670533165278254
2016,13,2016-11-27,regular,South Carolina,Clemson,A,N,7,56,-49,,24.5,consensus,-24.5,0.0080832839012146,1495,2007,1,1,0,2.3777333265313008
2016,1,2016-12-29,postseason,South Carolina,South Florida,N,N,39,46,-7,,11.0,consensus,4.0,0.251306414604187,1417,1702,5,2,-3,6.420753665074248
2016,1,2016-09-01,regular,Tennessee,App State,H,N,20,13,7,,-23.0,consensus,-16.0,0.9048497080802917,1740,1590,2,1,-1,6.361197453609787
2016,2,2016-09-11,regular,Tennessee,Virginia Tech,N,N,45,24,21,,-9.0,consensus,12.0,0.9851140644634832,1741,1635,1,5,4,4.02382991539999
2016,3,2016-09-17,regular,Tennessee,Ohio,H,N,28,19,9,,-27.5,consensus,-18.5,0.8786997199058533,1787,1388,1,0,-1,5.666220324559404
2016,4,2016-09-24,regular,Tennessee,Florida,H,Y,38,28,10,,-8.0,consensus,2.0,0.8562266230583191,1777,1744,2,2,0,5.250880891461145
2016,5,2016-10-01,regular,Tennessee,Georgia,A,Y,34,31,3,,-2.5,consensus,0.5,0.2938389778137207,1792,1632,3,2,-1,6.591928859013687
2016,6,2016-10-08,regular,Tennessee,Texas A&M,A,Y,38,45,-7,,6.5,consensus,-0.5,0.29554855823516846,1787,1744,7,3,-4,7.565603783598864
2016,7,2016-10-15,regular,Tennessee,Alabama,H,Y,10,49,-39,,9.0,consensus,-30.0,0.024500984698534012,1775,2130,1,2,1,4.197808206007324
2016,9,2016-10-29,regular,Tennessee,South Carolina,A,Y,21,24,-3,,-14.0,consensus,-17.0,0.023502767086029053,1707,1489,3,0,-3,4.998234074021639
2016,10,2016-11-05,regular,Tennessee,Tennessee Tech,H,N,55,0,55,,-44.0,consensus,11.0,0.989249050617218,,,0,1,1,1.8359083806666967
2016,11,2016-11-12,regular,Tennessee,Kentucky,H,Y,49,36,13,,-10.5,consensus,2.5,0.9636504650115967,1703,1472,3,2,-1,5.505724775438005
2016,12,2016-11-19,regular,Tennessee,Missouri,H,Y,63,37,26,,-14.5,consensus,11.5,0.9925670623779297,1710,1428,0,4,4,6.537336001540374
2016,13,2016-11-27,regular,Tennessee,Vanderbilt,A,Y,34,45,-11,,-10.0,consensus,-21.0,0.20055288076400757,1745,1528,2,1,-1,7.287729305125003
2016,1,2016-12-30,postseason,Tennessee,Nebraska,N,N,38,24,14,,-3.0,consensus,11.0,0.9863051772117615,1708,1550,1,1,0,3.675483591010603
2016,1,2016-09-04,regular,Texas,Notre Dame,H,N,50,47,3,,2.5,consensus,5.5,0.5617122650146484,1521,1689,1,0,-1,9.685613670961407
2016,2,2016-09-10,regular,Texas,UTEP,H,N,41,7,34,,-26.0,consensus,8.0,0.9999365504847569,1524,1240,1,1,0,0.726006412699999
2016,3,2016-09-18,regular,Texas,California,A,N,43,50,-7,,-6.0,consensus,-13.0,0.06262779235839844,1583,1582,2,0,-2,8.240419378744996
2016,5,2016-10-01,regular,Texas,Oklahoma State,A,Y,31,49,-18,,3.0,consensus,-15.0,0,1573,1625,1,0,-1,4.9760661691728565
2016,6,2016-10-08,regular,Texas,Oklahoma,N,Y,40,45,-5,,6.5,consensus,1.5,0.11168181896209717,1538,1868,2,4,2,6.518919073419511
2016,7,2016-10-15,regular,Texas,Iowa State,H,Y,27,6,21,,-13.5,consensus,7.5,0.9553975462913513,1546,1448,2,1,-1,4.923747842069789
2016,8,2016-10-22,regular,Texas,Kansas State,A,Y,21,24,-3,,3.0,consensus,0.0,0.016640663146972656,1586,1637,0,3,3,3.586440752548813
2016,9,2016-10-29,regular,Texas,Baylor,H,Y,35,34,1,,3.5,consensus,4.5,0.6159321069717407,1586,1853,2,2,0,8.954761177475081
2016,10,2016-11-05,regular,Texas,Texas Tech,A,Y,45,37,8,,-4.0,consensus,4.0,0.9937715530395508,1594,1536,2,2,0,7.903911721095366
2016,11,2016-11-12,regular,Texas,West Virginia,H,Y,20,24,-4,,1.0,consensus,-3.0,0.5532603859901428,1605,1764,3,4,1,7.734086153876353
2016,12,2016-11-19,regular,Texas,Kansas,A,Y,21,24,-3,,-21.0,consensus,-24.0,0.3944045305252075,1609,1007,6,2,-4,8.492254462885642
2016,13,2016-11-25,regular,Texas,TCU,H,Y,9,31,-22,,-3.0,teamrankings,-25.0,0.04111556336283684,1599,1760,1,1,0,5.632906687860321
2016,1,2016-09-03,regular,Texas A&M,UCLA,H,N,31,24,7,,-1.0,consensus,6.0,0.899529755115509,1616,1648,2,3,1,9.691310720049852
2016,2,2016-09-10,regular,Texas A&M,Prairie View A&M,H,N,67,0,67,,-49.5,consensus,17.5,0.9857033491134644,,,2,1,-1,2.9073254393931247
2016,3,2016-09-17,regular,Texas A&M,Auburn,A,Y,29,16,13,,4.0,consensus,17.0,0.9616981521248817,1627,1740,0,1,1,6.058561143691738
2016,4,2016-09-25,regular,Texas A&M,Arkansas,N,Y,45,24,21,,-3.0,consensus,18.0,0.8946750164031982,1667,1789,2,3,1,5.775903377933998
2016,5,2016-10-01,regular,Texas A&M,South Carolina,A,Y,24,13,11,,-14.0,consensus,-3.0,0.6490500569343567,1739,1522,2,2,0,5.562438463847433
2016,6,2016-10-08,regular,Texas A&M,Tennessee,H,Y,45,38,7,,-6.5,consensus,0.5,0.7044514417648315,1744,1787,3,7,4,7.565603783598864
2016,8,2016-10-22,regular,Texas A&M,Alabama,A,Y,14,33,-19,,16.5,consensus,-2.5,0.0024198293685913086,1756,2198,2,2,0,4.830589465563135
2016,9,2016-10-29,regular,Texas A&M,New Mexico State,H,N,52,10,42,,-43.5,consensus,-1.5,0.9757044315338135,1753,963,1,0,-1,1.9608120464275833
2016,10,2016-11-05,regular,Texas A&M,Mississippi State,A,Y,28,35,-7,,-13.0,consensus,-20.0,0.12669473886489868,1779,1633,2,2,0,3.339745486579816
2016,11,2016-11-13,regular,Texas A&M,Ole Miss,H,Y,28,29,-1,,-11.0,consensus,-12.0,0.11618439108133316,1761,1829,1,2,1,5.244374034494373
2016,12,2016-11-19,regular,Texas A&M,UTSA,H,N,23,10,13,,-28.0,consensus,-15.0,0.9402938485145569,1763,1353,1,1,0,3.509860662124192
2016,13,2016-11-25,regular,Texas A&M,LSU,H,Y,39,54,-15,,4.0,consensus,-11.0,0.007699523214204044,1757,1912,1,0,-1,3.0720067856
2016,1,2016-12-29,postseason,Texas A&M,Kansas State,N,N,28,33,-5,,-2.5,consensus,-7.5,0.0910760760307312,1737,1744,2,0,-2,5.662948147406362
2016,1,2016-09-02,regular,Vanderbilt,South Carolina,H,Y,10,13,-3,,4.0,consensus,1.0,0.06616445603532323,1391,1553,0,2,2,6.9604738657
2016,2,2016-09-10,regular,Vanderbilt,Middle Tennessee,H,N,47,24,23,,-5.0,consensus,18.0,0.5326182246208191,1396,1514,1,2,1,4.245061378833242
2016,3,2016-09-17,regular,Vanderbilt,Georgia Tech,A,N,7,38,-31,,7.5,consensus,-23.5,0.005065500736236572,1466,1584,1,1,0,2.6851893969526537
2016,4,2016-09-24,regular,Vanderbilt,Western Kentucky,A,N,31,30,1,,7.5,consensus,8.5,0.2441624402999878,1397,1713,1,3,2,7.5154375699034075
2016,5,2016-10-01,regular,Vanderbilt,Florida,H,Y,6,13,-7,,8.5,consensus,1.5,0.20281481742858887,1415,1729,3,1,-2,4.8421221356080855
2016,6,2016-10-08,regular,Vanderbilt,Kentucky,A,Y,13,20,-7,,2.0,consensus,-5.0,0.17457902431488037,1425,1420,1,2,1,3.9734477695663606
2016,7,2016-10-15,regular,Vanderbilt,Georgia,A,Y,17,16,1,,14.5,consensus,15.5,0.42111170291900635,1415,1657,0,0,0,6.270483631583642
2016,8,2016-10-22,regular,Vanderbilt,Tennessee State,H,N,35,17,18,,-27.5,consensus,-9.5,0.9777586460113525,,,0,2,2,4.323521228213697
2016,10,2016-11-05,regular,Vanderbilt,Auburn,A,Y,16,23,-7,,26.0,consensus,19.0,0.09957587718963623,1429,1994,1,1,0,5.952801494513946
2016,11,2016-11-12,regular,Vanderbilt,Missouri,A,Y,17,26,-9,,1.0,consensus,-8.0,0.01613849401473999,1448,1411,2,1,-1,4.8257957094848125
2016,12,2016-11-20,regular,Vanderbilt,Ole Miss,H,Y,38,17,21,,9.5,consensus,30.5,0.9914272427558899,1431,1827,1,1,0,4.285388869256424
2016,13,2016-11-27,regular,Vanderbilt,Tennessee,H,Y,45,34,11,,10.0,consensus,21.0,0.7994471192359924,1528,1745,1,2,1,7.287729305125003
2016,1,2016-12-26,postseason,Vanderbilt,NC State,N,N,17,41,-24,,4.0,consensus,-20.0,0.003295301692560315,1565,1569,3,1,-2,4.413712538915388
2017,1,2017-09-03,regular,Alabama,Florida State,N,N,24,7,17,,-7.5,consensus,9.5,1,2054,1737,0,3,3,4.466106784447873
2017,2,2017-09-09,regular,Alabama,Fresno State,H,N,41,10,31,,-42.5,consensus,-11.5,0.9788841605186462,2069,1197,0,1,1,2.220796557330898
2017,3,2017-09-16,regular,Alabama,Colorado State,H,N,41,23,18,,-31.0,consensus,-13.0,0.9946228861808777,2060,1576,0,2,2,2.4832760495586945
2017,4,2017-09-23,regular,Alabama,Vanderbilt,A,Y,59,0,59,,-20.0,consensus,39.0,1,2057,1569,0,2,2,2.7324317281294626
2017,5,2017-10-01,regular,Alabama,Ole Miss,H,Y,66,3,63,,-30.0,consensus,33.0,0.9937863349914551,2173,1566,0,2,2,2.064876248437154
2017,6,2017-10-07,regular,Alabama,Texas A&M,A,Y,27,19,8,,-26.5,consensus,-18.5,0.972726171836257,2284,1672,1,3,2,4.523908204111365
2017,7,2017-10-14,regular,Alabama,Arkansas,H,Y,41,9,32,,-37.0,consensus,-5.0,0.9952746629714966,2256,1474,2,1,-1,1.8362762504826062
2017,8,2017-10-21,regular,Alabama,Tennessee,H,Y,45,7,38,,-36.5,consensus,1.5,0.9524456262588501,2258,1521,2,1,-1,1.9270911951340555
2017,10,2017-11-05,regular,Alabama,LSU,H,Y,24,10,14,,-20.5,consensus,-6.5,1,2279,1761,0,1,1,2.947749888894053
2017,11,2017-11-12,regular,Alabama,Mississippi State,A,Y,31,24,7,,-14.5,consensus,-7.5,0.9856500729174063,2267,1795,0,0,0,6.5694824907
2017,12,2017-11-18,regular,Alabama,Mercer,H,N,56,0,56,,-49.0,consensus,7.0,0.9952561855316162,,,2,3,1,1.9873940516465163
2017,13,2017-11-25,regular,Alabama,Auburn,A,Y,14,26,-12,,-5.0,consensus,-17.0,0.13606441020965576,2247,2030,1,1,0,4.822614575892028
2017,1,2018-01-02,postseason,Alabama,Clemson,N,N,24,6,18,,-3.5,consensus,14.5,0.803381159901619,2206,2141,1,2,1,4.769765583509378
2017,1,2018-01-09,postseason,Alabama,Georgia,N,Y,26,23,3,,-3.5,consensus,-0.5,0.711635947227478,2236,2047,1,2,1,6.360967024889248
2017,1,2017-09-01,regular,Arkansas,Florida A&M,N,N,49,7,42,,-47.0,consensus,-5.0,1,,,1,1,0,2.803948278714317
2017,2,2017-09-09,regular,Arkansas,TCU,H,N,7,28,-21,,3.0,consensus,-18.0,0.006205175071954727,1576,1635,1,2,1,4.349436102395445
2017,4,2017-09-23,regular,Arkansas,Texas A&M,N,Y,43,50,-7,,-2.5,consensus,-9.5,0.41921818256378174,1529,1674,1,1,0,9.087713577198237
2017,5,2017-09-30,regular,Arkansas,New Mexico State,H,N,42,24,18,,-18.0,teamrankings,0.0,0.9931207895278931,1531,1270,1,2,1,2.4467803088047724
2017,6,2017-10-07,regular,Arkansas,South Carolina,A,Y,22,48,-26,,-3.5,consensus,-29.5,0.002859771251678467,1547,1496,4,0,-4,3.662928591225587
2017,7,2017-10-14,regular,Arkansas,Alabama,A,Y,9,41,-32,,37.0,consensus,5.0,0.004725337028503418,1474,2256,1,2,1,1.8362762504826062
2017,8,2017-10-21,regular,Arkansas,Auburn,H,Y,20,52,-32,,17.0,consensus,-15.0,0.3233591616153717,1472,1951,3,2,-1,3.401569433368862
2017,9,2017-10-28,regular,Arkansas,Ole Miss,A,Y,38,37,1,,2.5,consensus,3.5,0.5675784051418304,1439,1487,2,3,1,4.8516895233481705
2017,10,2017-11-04,regular,Arkansas,Coastal Carolina,H,N,39,38,1,,-24.5,consensus,-23.5,0.9459252953529358,1443,1209,1,0,-1,6.722515423445733
2017,11,2017-11-11,regular,Arkansas,LSU,A,Y,10,33,-23,,19.0,consensus,-4.0,0.004411816596984863,1436,1773,1,0,-1,3.7775405726780056
2017,12,2017-11-18,regular,Arkansas,Mississippi State,H,Y,21,28,-7,,14.0,consensus,7.0,0.05405610427260399,1414,1815,1,2,1,4.999744804255814
2017,13,2017-11-24,regular,Arkansas,Missouri,H,Y,45,48,-3,,9.5,consensus,6.5,0.3662429451942444,1429,1714,1,2,1,9.476946145814992
2017,1,2017-09-02,regular,Auburn,Georgia Southern,H,N,41,7,34,,-34.5,consensus,-0.5,0.9532871246337891,1769,1439,3,1,-2,3.210397863960006
2017,2,2017-09-09,regular,Auburn,Clemson,A,N,6,14,-8,,6.0,consensus,-2.0,0.19315248727798462,1823,2043,0,2,2,5.055144063697484
2017,3,2017-09-16,regular,Auburn,Mercer,H,N,24,10,14,,-41.0,consensus,-27.0,0.9740847945213318,,,5,0,-5,3.8181850813216363
2017,4,2017-09-23,regular,Auburn,Missouri,A,Y,51,14,37,,-18.5,consensus,18.5,0.9972683982923627,1824,1301,0,4,4,2.4791671894108003
2017,5,2017-09-30,regular,Auburn,Mississippi State,H,Y,49,10,39,,-7.5,consensus,31.5,0.9964799880981445,1866,1724,2,2,0,2.540880124243056
2017,6,2017-10-07,regular,Auburn,Ole Miss,H,Y,44,23,21,,-21.5,consensus,-0.5,0.993120551109314,1959,1455,0,0,0,2.6288285763976713
2017,7,2017-10-14,regular,Auburn,LSU,A,Y,23,27,-4,,-6.5,consensus,-10.5,0.26892828941345215,1961,1737,0,1,1,4.605525609220594
2017,8,2017-10-21,regular,Auburn,Arkansas,A,Y,52,20,32,,-17.0,consensus,15.0,0.6766408383846283,1951,1472,2,3,1,3.401569433368862
2017,10,2017-11-04,regular,Auburn,Texas A&M,A,Y,42,27,15,,-15.0,consensus,0.0,0.9581851176917553,1984,1654,0,0,0,5.473508120036067
2017,11,2017-11-11,regular,Auburn,Georgia,H,Y,40,17,23,,2.5,consensus,25.5,0.9914523538604881,1988,1957,0,1,1,3.5179966797
2017,12,2017-11-18,regular,Auburn,UL Monroe,H,N,42,14,28,,-38.0,consensus,-10.0,0.9964012503623962,2041,1215,2,3,1,4.151313137094627
2017,13,2017-11-25,regular,Auburn,Alabama,H,Y,26,14,12,,5.0,consensus,17.0,0.8639355897903442,2030,2247,1,1,0,4.822614575892028
2017,14,2017-12-02,regular,Auburn,Georgia,N,Y,7,28,-21,,1.5,consensus,-19.5,0.0104027995839715,2071,1984,2,0,-2,4.0378626963623105
2017,1,2018-01-01,postseason,Auburn,UCF,N,N,27,34,-7,,-9.5,consensus,-16.5,0.07948477566242218,2015,1821,3,1,-2,7.391499998895818
2017,1,2017-09-02,regular,Florida,Michigan,N,N,17,33,-16,,4.5,consensus,-11.5,0.10714878886938095,1665,1922,3,2,-1,5.374106980665176
2017,3,2017-09-16,regular,Florida,Tennessee,H,Y,26,20,6,,-6.5,consensus,-0.5,0.5360216498374939,1658,1651,3,3,0,6.4039073187669295
2017,4,2017-09-23,regular,Florida,Kentucky,A,Y,28,27,1,,-3.0,consensus,-2.0,0.27284038066864014,1665,1522,1,0,-1,6.1595173090215845
2017,5,2017-09-30,regular,Florida,Vanderbilt,H,Y,38,24,14,,-9.0,consensus,5.0,0.9847544431686401,1660,1453,0,0,0,5.372213466325633
2017,6,2017-10-07,regular,Florida,LSU,H,Y,16,17,-1,,1.5,consensus,0.5,0.10540690273046494,1671,1739,0,0,0,5.1723694397788575
2017,7,2017-10-14,regular,Florida,Texas A&M,H,Y,17,19,-2,,-3.5,consensus,-5.5,0.30420467257499695,1673,1700,2,1,-1,6.2499756914598
2017,9,2017-10-28,regular,Florida,Georgia,N,Y,7,42,-35,,13.5,consensus,-21.5,0.005346240475773811,1672,1896,2,1,-1,2.1962300470942298
2017,10,2017-11-04,regular,Florida,Missouri,A,Y,16,45,-29,,1.5,consensus,-27.5,0.053964436054229736,1608,1504,2,1,-1,2.2672238517238106
2017,11,2017-11-11,regular,Florida,South Carolina,A,Y,20,28,-8,,4.5,consensus,-3.5,0.03856915235519409,1518,1578,3,4,1,3.2804412748670644
2017,12,2017-11-18,regular,Florida,UAB,H,N,36,7,29,,-10.5,consensus,18.5,0.984647274017334,1510,1483,0,4,4,1.9401725360645765
2017,13,2017-11-25,regular,Florida,Florida State,H,N,22,38,-16,,4.5,consensus,-11.5,0.30868300795555115,1584,1586,4,1,-3,3.984237049850935
2017,1,2017-09-02,regular,Georgia,App State,H,N,31,10,21,,-12.5,consensus,8.5,0.9903686046600342,1605,1587,2,0,-2,2.7115580240274646
2017,2,2017-09-09,regular,Georgia,Notre Dame,A,N,20,19,1,,5.5,consensus,6.5,0.6110765635967255,1653,1742,2,2,0,6.852056663565743
2017,3,2017-09-16,regular,Georgia,Samford,H,N,42,14,28,,-33.5,consensus,-5.5,0.9942452311515808,,,1,1,0,2.8603397543377467
2017,4,2017-09-23,regular,Georgia,Mississippi State,H,Y,31,3,28,,-2.5,consensus,25.5,0.9952357411384583,1659,1818,1,2,1,1.9058764400549462
2017,5,2017-09-30,regular,Georgia,Tennessee,A,Y,41,0,41,,-10.0,consensus,31.0,1,1753,1636,1,4,3,2.7191175383601545
2017,6,2017-10-07,regular,Georgia,Vanderbilt,A,Y,45,14,31,,-17.0,consensus,14.0,0.9858478885143995,1860,1442,1,0,-1,2.5555433150072315
2017,7,2017-10-14,regular,Georgia,Missouri,H,Y,53,28,25,,-29.0,consensus,-4.0,0.9811912775039673,1897,1264,1,1,0,5.054191065163621
2017,9,2017-10-28,regular,Georgia,Florida,N,Y,42,7,35,,-13.5,consensus,21.5,0.9946537595242262,1896,1672,1,2,1,2.1962300470942298
2017,10,2017-11-04,regular,Georgia,South Carolina,H,Y,24,10,14,,-23.5,consensus,-9.5,0.9901218414306641,1960,1575,1,2,1,3.2865121615622472
2017,11,2017-11-11,regular,Georgia,Auburn,A,Y,17,40,-23,,-2.5,consensus,-25.5,0.008547646139511866,1957,1988,1,0,-1,3.5179966797
2017,12,2017-11-18,regular,Georgia,Kentucky,H,Y,42,13,29,,-23.5,consensus,5.5,0.9884563088417053,1904,1490,1,1,0,3.757846813033012
2017,13,2017-11-25,regular,Georgia,Georgia Tech,A,N,38,7,31,,-11.5,consensus,19.5,1,1934,1636,0,1,1,3.0375214750995605
2017,14,2017-12-02,regular,Georgia,Auburn,N,Y,28,7,21,,-1.5,consensus,19.5,0.9895972004160285,1984,2071,0,2,2,4.0378626963623105
2017,1,2018-01-01,postseason,Georgia,Oklahoma,N,N,54,48,6,,-2.5,consensus,3.5,0.7066808640956879,2040,2070,1,1,0,9.040718661843517
2017,1,2018-01-09,postseason,Georgia,Alabama,N,Y,23,26,-3,,3.5,consensus,0.5,0.288364052772522,2047,2236,2,1,-1,6.360967024889248
2017,1,2017-09-02,regular,Kentucky,Southern Miss,A,N,24,17,7,,-10.0,consensus,-3.0,0.9288345724344254,1491,1434,1,3,2,5.654372201010301
2017,2,2017-09-09,regular,Kentucky,Eastern Kentucky,H,N,27,16,11,,-34.5,consensus,-23.5,0.9326273798942566,,,0,2,2,5.169407729029281
2017,3,2017-09-16,regular,Kentucky,South Carolina,A,Y,23,13,10,,6.0,consensus,16.0,0.2547953724861145,1500,1517,2,2,0,4.18398895121036
2017,4,2017-09-23,regular,Kentucky,Florida,H,Y,27,28,-1,,3.0,consensus,2.0,0.7271596193313599,1522,1665,0,1,1,6.1595173090215845
2017,5,2017-09-30,regular,Kentucky,Eastern Michigan,H,N,24,20,4,,-14.0,consensus,-10.0,1,1527,1320,1,3,2,6.916837154284091
2017,6,2017-10-07,regular,Kentucky,Missouri,H,Y,40,34,6,,-8.5,consensus,-2.5,0.29075732827186584,1524,1259,1,2,1,6.5647528447182735
2017,8,2017-10-21,regular,Kentucky,Mississippi State,A,Y,7,45,-38,,14.0,consensus,-24.0,0.0605778694152832,1519,1673,2,0,-2,2.6866482585662297
2017,9,2017-10-28,regular,Kentucky,Tennessee,H,Y,29,26,3,,-4.0,consensus,-1.0,0.2890571653842926,1431,1500,4,0,-4,5.479992731598951
2017,10,2017-11-04,regular,Kentucky,Ole Miss,H,Y,34,37,-3,,-3.5,consensus,-6.5,0.30955668439083894,1433,1483,0,0,0,8.32406534229999
2017,11,2017-11-11,regular,Kentucky,Vanderbilt,A,Y,44,21,23,,2.5,consensus,25.5,0.979599617421627,1432,1412,1,4,3,4.472507709359479
2017,12,2017-11-18,regular,Kentucky,Georgia,A,Y,13,42,-29,,23.5,consensus,-5.5,0.011543691158294678,1490,1904,1,1,0,3.757846813033012
2017,13,2017-11-25,regular,Kentucky,Louisville,H,N,17,44,-27,,10.0,consensus,-17.0,0.035290446132421494,1460,1776,0,0,0,2.7155605808098024
2017,1,2017-12-29,postseason,Kentucky,Northwestern,N,N,23,24,-1,,7.5,consensus,6.5,0.15187007188796997,1424,1792,2,0,-2,6.271193321712474
2017,1,2017-09-03,regular,LSU,BYU,N,N,27,0,27,,-14.5,consensus,12.5,0.9846886992454529,1815,1653,0,1,1,2.1881644207946955
2017,2,2017-09-09,regular,LSU,Chattanooga,H,N,45,10,35,,-36.5,consensus,-1.5,0.9941574335098267,,,0,2,2,2.7626333626189417
2017,3,2017-09-16,regular,LSU,Mississippi State,A,Y,7,37,-30,,-7.5,consensus,-37.5,0.007871389389038086,1874,1717,0,0,0,3.2387255440911744
2017,4,2017-09-23,regular,LSU,Syracuse,H,N,35,26,9,,-21.5,consensus,-12.5,0.970249593257904,1773,1399,1,1,0,4.34307118233742
2017,5,2017-09-30,regular,LSU,Troy,H,N,21,24,-3,,-20.5,consensus,-23.5,0.19395920634269714,1764,1448,4,2,-2,4.974256145599256
2017,6,2017-10-07,regular,LSU,Florida,A,Y,17,16,1,,-1.5,consensus,-0.5,0.8945930972695351,1739,1671,0,0,0,5.1723694397788575
2017,7,2017-10-14,regular,LSU,Auburn,H,Y,27,23,4,,6.5,consensus,10.5,0.7310717105865479,1737,1961,1,0,-1,4.605525609220594
2017,8,2017-10-21,regular,LSU,Ole Miss,A,Y,40,24,16,,-6.5,consensus,9.5,0.9790970347821712,1747,1501,0,3,3,4.846837912079389
2017,10,2017-11-05,regular,LSU,Alabama,A,Y,10,24,-14,,20.5,consensus,6.5,0,1761,2279,1,0,-1,2.947749888894053
2017,11,2017-11-11,regular,LSU,Arkansas,H,Y,33,10,23,,-19.0,consensus,4.0,0.9955881834030151,1773,1436,0,1,1,3.7775405726780056
2017,12,2017-11-19,regular,LSU,Tennessee,A,Y,30,10,20,,-17.0,consensus,3.0,0.9345550984144211,1795,1435,0,2,2,3.6971793003291125
2017,13,2017-11-26,regular,LSU,Texas A&M,H,Y,45,21,24,,-11.0,consensus,13.0,0.9635300636291504,1808,1714,1,4,3,3.748535859293039
2017,1,2018-01-01,postseason,LSU,Notre Dame,N,N,17,21,-4,,-2.0,teamrankings,-6.0,0.6690328121185303,1857,1832,0,2,2,6.341412210097982
2017,1,2017-09-02,regular,Mississippi State,Charleston Southern,H,N,49,0,49,,-23.0,consensus,26.0,0.9999966918611195,,,0,0,0,0.3564314274
2017,2,2017-09-09,regular,Mississippi State,Louisiana Tech,A,N,57,21,36,,-10.5,consensus,25.5,0.9903322104364634,1612,1603,1,3,2,3.787583857495478
2017,3,2017-09-16,regular,Mississippi State,LSU,H,Y,37,7,30,,7.5,consensus,37.5,0.9921286106109619,1717,1874,0,0,0,3.2387255440911744
2017,4,2017-09-23,regular,Mississippi State,Georgia,A,Y,3,31,-28,,2.5,consensus,-25.5,0.004764258861541748,1818,1659,2,1,-1,1.9058764400549462
2017,5,2017-09-30,regular,Mississippi State,Auburn,A,Y,10,49,-39,,7.5,consensus,-31.5,0.0035200119018554688,1724,1866,2,2,0,2.540880124243056
2017,7,2017-10-14,regular,Mississippi State,BYU,H,N,35,10,25,,-23.0,consensus,2.0,0.974769115447998,1631,1441,3,2,-1,2.1979027836512195
2017,8,2017-10-21,regular,Mississippi State,Kentucky,H,Y,45,7,38,,-14.0,consensus,24.0,0.9394221305847168,1673,1519,0,2,2,2.6866482585662297
2017,9,2017-10-28,regular,Mississippi State,Texas A&M,A,Y,35,14,21,,-3.5,consensus,17.5,1,1761,1701,1,3,2,4.014933122538753
2017,10,2017-11-04,regular,Mississippi State,Massachusetts,H,N,34,23,11,,-34.0,consensus,-23.0,0.5989431738853455,1808,1339,3,1,-2,5.007526781800525
2017,11,2017-11-12,regular,Mississippi State,Alabama,H,Y,24,31,-7,,14.5,consensus,7.5,0.014349927082593803,1795,2267,0,0,0,6.5694824907
2017,12,2017-11-18,regular,Mississippi State,Arkansas,A,Y,28,21,7,,-14.0,consensus,-7.0,0.945943895727396,1815,1414,2,1,-1,4.999744804255814
2017,13,2017-11-24,regular,Mississippi State,Ole Miss,H,Y,28,31,-3,,-14.0,consensus,-17.0,0.5877600908279419,1800,1528,5,2,-3,6.5560348881510295
2017,1,2017-12-30,postseason,Mississippi State,Louisville,N,N,31,27,4,,6.5,consensus,10.5,0.9783508777618408,1778,1812,3,4,1,7.446968521997366
2017,1,2017-09-02,regular,Missouri,Missouri State,H,N,72,43,29,,-35.5,consensus,-6.5,0.9417683482170105,,,2,2,0,5.142437386658147
2017,2,2017-09-09,regular,Missouri,South Carolina,H,Y,13,31,-18,,-2.5,consensus,-20.5,0,1436,1477,3,0,-3,4.254232591442679
2017,3,2017-09-16,regular,Missouri,Purdue,H,N,3,35,-32,,-5.5,consensus,-37.5,0,1396,1370,3,1,-2,2.5383114313619317
2017,4,2017-09-23,regular,Missouri,Auburn,H,Y,14,51,-37,,18.5,consensus,-18.5,0.00273160170763731,1301,1824,4,0,-4,2.4791671894108003
2017,6,2017-10-07,regular,Missouri,Kentucky,A,Y,34,40,-6,,8.5,consensus,2.5,0.7092426717281342,1259,1524,2,1,-1,6.5647528447182735
2017,7,2017-10-14,regular,Missouri,Georgia,A,Y,28,53,-25,,29.0,consensus,4.0,0.018808722496032715,1264,1897,1,1,0,5.054191065163621
2017,8,2017-10-21,regular,Missouri,Idaho,H,N,68,21,47,,-14.0,consensus,33.0,0.9665454626083374,1265,1321,1,1,0,2.821059855496351
2017,9,2017-10-28,regular,Missouri,UConn,A,N,52,12,40,,-13.5,consensus,26.5,0.9815784133970737,1418,1171,1,1,0,3.264736445302259
2017,10,2017-11-04,regular,Missouri,Florida,H,Y,45,16,29,,-1.5,consensus,27.5,0.9460355639457703,1504,1608,1,2,1,2.2672238517238106
2017,11,2017-11-12,regular,Missouri,Tennessee,H,Y,50,17,33,,-13.0,consensus,20.0,1,1594,1516,1,4,3,3.763192315370395
2017,12,2017-11-19,regular,Missouri,Vanderbilt,A,Y,45,17,28,,-8.5,consensus,19.5,1,1675,1354,0,3,3,3.0902947257704296
2017,13,2017-11-24,regular,Missouri,Arkansas,A,Y,48,45,3,,-9.5,consensus,-6.5,0.6337570548057556,1714,1429,2,1,-1,9.476946145814992
2017,1,2017-12-28,postseason,Missouri,Texas,N,N,16,33,-17,,-3.0,teamrankings,-20.0,0.3169509470462799,1702,1701,4,0,-4,4.62767245378809
2017,1,2017-09-02,regular,Oklahoma,UTEP,H,N,56,7,49,,-43.5,consensus,5.5,0.9952635765075684,1865,1228,0,1,1,2.8877157396112505
2017,2,2017-09-09,regular,Oklahoma,Ohio State,A,N,31,16,15,,7.5,consensus,22.5,0.8233071565628052,1928,1990,2,1,-1,5.555943292932717
2017,3,2017-09-16,regular,Oklahoma,Tulane,H,N,56,14,42,,-33.0,consensus,9.0,0.9906283020973206,1969,1319,2,2,0,4.118203401614564
2017,4,2017-09-23,regular,Oklahoma,Baylor,A,Y,49,41,8,,-28.5,consensus,-20.5,0.826229140162468,2010,1501,1,1,0,5.67573685636528
2017,6,2017-10-07,regular,Oklahoma,Iowa State,H,Y,31,38,-7,,-30.5,consensus,-37.5,0.7207822203636169,1989,1552,1,0,-1,4.840685070605001
2017,7,2017-10-14,regular,Oklahoma,Texas,N,Y,29,24,5,,-9.0,consensus,-4.0,1,1937,1669,1,0,-1,6.320610628456648
2017,8,2017-10-21,regular,Oklahoma,Kansas State,A,Y,42,35,7,,-15.0,consensus,-8.0,0.6871680617332458,1926,1676,2,2,0,6.1890537332953794
2017,9,2017-10-29,regular,Oklahoma,Texas Tech,H,Y,49,27,22,,-20.5,consensus,1.5,0.827414333820343,1921,1537,1,1,0,5.160093344548836
2017,10,2017-11-04,regular,Oklahoma,Oklahoma State,A,Y,62,52,10,,1.5,consensus,11.5,0.9538999423384666,1936,1938,2,3,1,10.15069425093366
2017,11,2017-11-12,regular,Oklahoma,TCU,H,Y,38,20,18,,-6.0,consensus,12.0,0.9865292906761169,1957,1847,0,0,0,3.256449936345325
2017,12,2017-11-18,regular,Oklahoma,Kansas,A,Y,41,3,38,,-39.5,consensus,-1.5,0.991006170399487,1987,996,0,2,2,3.214275648246304
2017,13,2017-11-25,regular,Oklahoma,West Virginia,H,Y,59,31,28,,-23.0,consensus,5.0,0.9661406874656677,1983,1667,0,2,2,2.414466660241996
2017,14,2017-12-02,regular,Oklahoma,TCU,N,Y,41,17,24,,-7.5,consensus,16.5,0.9826481342315674,2020,1860,0,2,2,3.476371090205871
2017,1,2018-01-01,postseason,Oklahoma,Georgia,N,N,48,54,-6,,2.5,consensus,-3.5,0.29331913590431213,2070,2040,1,1,0,9.040718661843517
2017,1,2017-09-02,regular,Ole Miss,South Alabama,H,N,47,27,20,,-22.0,consensus,-2.0,0.9954544901847839,1567,1330,1,0,-1,2.7717759984675614
2017,2,2017-09-09,regular,Ole Miss,UT Martin,H,N,45,23,22,,-33.5,consensus,-11.5,0.9241253733634949,,,1,1,0,4.853999857546952
2017,3,2017-09-17,regular,Ole Miss,California,A,N,16,27,-11,,-7.0,consensus,-18.0,0.1539023518562317,1590,1540,3,2,-1,6.895915434009806
2017,5,2017-10-01,regular,Ole Miss,Alabama,A,Y,3,66,-63,,30.0,consensus,-33.0,0.006213665008544922,1566,2173,2,0,-2,2.064876248437154
2017,6,2017-10-07,regular,Ole Miss,Auburn,A,Y,23,44,-21,,21.5,consensus,0.5,0.006879448890686035,1455,1959,0,0,0,2.6288285763976713
2017,7,2017-10-14,regular,Ole Miss,Vanderbilt,H,Y,57,35,22,,-3.5,consensus,18.5,0.9956009984016418,1453,1405,0,2,2,4.635411078921497
2017,8,2017-10-21,regular,Ole Miss,LSU,H,Y,24,40,-16,,6.5,consensus,-9.5,0.02090296521782875,1501,1747,3,0,-3,4.846837912079389
2017,9,2017-10-28,regular,Ole Miss,Arkansas,H,Y,37,38,-1,,-2.5,consensus,-3.5,0.43242159485816956,1487,1439,3,2,-1,4.8516895233481705
2017,10,2017-11-04,regular,Ole Miss,Kentucky,A,Y,37,34,3,,3.5,consensus,6.5,0.6904433156091611,1483,1433,0,0,0,8.32406534229999
2017,11,2017-11-11,regular,Ole Miss,Louisiana,H,N,50,22,28,,-22.5,consensus,5.5,0.8296347856521606,1484,1222,1,0,-1,1.9904071826588756
2017,12,2017-11-19,regular,Ole Miss,Texas A&M,H,Y,24,31,-7,,3.0,consensus,-4.0,0.35173800587654114,1527,1715,2,1,-1,7.023572483460103
2017,13,2017-11-24,regular,Ole Miss,Mississippi State,A,Y,31,28,3,,14.0,consensus,17.0,0.4122399091720581,1528,1800,2,5,3,6.5560348881510295
2017,1,2017-09-02,regular,South Carolina,NC State,N,N,35,28,7,,-7.5,consensus,-0.5,0.5870497822761536,1452,1583,1,2,1,5.388003258206373
2017,2,2017-09-09,regular,South Carolina,Missouri,A,Y,31,13,18,,2.5,consensus,20.5,1,1477,1436,0,3,3,4.254232591442679
2017,3,2017-09-16,regular,South Carolina,Kentucky,H,Y,13,23,-10,,-6.0,consensus,-16.0,0.7452046275138855,1517,1500,2,2,0,4.18398895121036
2017,4,2017-09-23,regular,South Carolina,Louisiana Tech,H,N,17,16,1,,-9.0,consensus,-8.0,0.46758580207824707,1495,1512,2,1,-1,5.488486301813379
2017,5,2017-09-30,regular,South Carolina,Texas A&M,A,Y,17,24,-7,,8.0,consensus,1.0,0,1496,1672,1,1,0,5.9232023589807365
2017,6,2017-10-07,regular,South Carolina,Arkansas,H,Y,48,22,26,,3.5,consensus,29.5,0.9971402287483215,1496,1547,0,4,4,3.662928591225587
2017,7,2017-10-14,regular,South Carolina,Tennessee,A,Y,15,9,6,,2.5,consensus,8.5,0.5425038933753967,1569,1529,0,0,0,4.028294729401595
2017,9,2017-10-28,regular,South Carolina,Vanderbilt,H,Y,34,27,7,,-7.0,consensus,0.0,0.9398542046546936,1577,1357,0,1,1,4.489254367821862
2017,10,2017-11-04,regular,South Carolina,Georgia,A,Y,10,24,-14,,23.5,consensus,9.5,0.009878158569335938,1575,1960,2,1,-1,3.2865121615622472
2017,11,2017-11-11,regular,South Carolina,Florida,H,Y,28,20,8,,-4.5,consensus,3.5,0.9614308476448059,1578,1518,4,3,-1,3.2804412748670644
2017,12,2017-11-18,regular,South Carolina,Wofford,H,N,31,10,21,,-24.0,consensus,-3.0,0.9955255389213562,,,0,3,3,3.1563550451108244
2017,13,2017-11-26,regular,South Carolina,Clemson,H,N,10,34,-24,,13.5,consensus,-10.5,0.04471409693360329,1586,2044,2,2,0,2.869538749821077
2017,1,2018-01-01,postseason,South Carolina,Michigan,N,N,26,19,7,,9.0,teamrankings,16.0,0.7511904239654541,1572,1838,3,5,2,5.550947670883063
2017,1,2017-09-05,regular,Tennessee,Georgia Tech,N,N,42,41,1,,-4.0,consensus,-3.0,0.20676153898239136,1653,1589,0,2,2,7.986290515274674
2017,2,2017-09-09,regular,Tennessee,Indiana State,H,N,42,7,35,,-37.5,consensus,-2.5,0.9945259690284729,,,2,0,-2,1.8129289043400054
2017,3,2017-09-16,regular,Tennessee,Florida,A,Y,20,26,-6,,6.5,consensus,0.5,0.4639783501625061,1651,1658,3,3,0,6.4039073187669295
2017,4,2017-09-23,regular,Tennessee,Massachusetts,H,N,17,13,4,,-28.0,consensus,-24.0,1,1644,1231,1,0,-1,4.813011847923696
2017,5,2017-09-30,regular,Tennessee,Georgia,H,Y,0,41,-41,,10.0,consensus,-31.0,0,1636,1753,4,1,-3,2.7191175383601545
2017,7,2017-10-14,regular,Tennessee,South Carolina,H,Y,9,15,-6,,-2.5,consensus,-8.5,0.45749610662460327,1529,1569,0,0,0,4.028294729401595
2017,8,2017-10-21,regular,Tennessee,Alabama,A,Y,7,45,-38,,36.5,consensus,-1.5,0.0475543737411499,1521,2258,1,2,1,1.9270911951340555
2017,9,2017-10-28,regular,Tennessee,Kentucky,A,Y,26,29,-3,,4.0,consensus,1.0,0.7109428346157074,1500,1431,0,4,4,5.479992731598951
2017,10,2017-11-04,regular,Tennessee,Southern Miss,H,N,24,10,14,,-7.0,consensus,7.0,0.9831001162528992,1498,1373,0,2,2,3.32771373099556
2017,11,2017-11-12,regular,Tennessee,Missouri,A,Y,17,50,-33,,13.0,consensus,-20.0,0,1516,1594,4,1,-3,3.763192315370395
2017,12,2017-11-19,regular,Tennessee,LSU,H,Y,10,30,-20,,17.0,consensus,-3.0,0.06544490158557892,1435,1795,2,0,-2,3.6971793003291125
2017,13,2017-11-25,regular,Tennessee,Vanderbilt,H,Y,24,42,-18,,-2.5,consensus,-20.5,0.022430427372455597,1422,1315,1,0,-1,4.518283187620601
2017,1,2017-09-02,regular,Texas,Maryland,H,N,41,51,-10,,-18.5,consensus,-28.5,0.24639786779880524,1540,1369,2,1,-1,5.598966504531054
2017,2,2017-09-09,regular,Texas,San José State,H,N,56,0,56,,-26.5,consensus,29.5,0.9906837940216064,1503,1254,0,2,2,2.204156111503253
2017,3,2017-09-17,regular,Texas,USC,A,N,24,27,-3,,17.0,consensus,14.0,0.2766292095184326,1642,1866,4,2,-2,9.180236767926703
2017,5,2017-09-29,regular,Texas,Iowa State,A,Y,17,7,10,,-5.0,consensus,5.0,0.967019684612751,1644,1566,2,3,1,3.8121449191571832
2017,6,2017-10-07,regular,Texas,Kansas State,H,Y,40,34,6,,-5.5,consensus,0.5,0.3393630087375641,1658,1733,1,1,0,10.566617968768236
2017,7,2017-10-14,regular,Texas,Oklahoma,N,Y,24,29,-5,,9.0,consensus,4.0,0,1669,1937,0,1,1,6.320610628456648
2017,8,2017-10-21,regular,Texas,Oklahoma State,H,Y,10,13,-3,,7.0,consensus,4.0,0.0417352169752121,1680,1946,1,1,0,7.775895236179207
2017,9,2017-10-28,regular,Texas,Baylor,A,Y,38,7,31,,-10.0,consensus,21.0,0.9470805823802948,1691,1445,1,3,2,3.7104291246983565
2017,10,2017-11-04,regular,Texas,TCU,A,Y,7,24,-17,,7.5,consensus,-9.5,0.015702366828918457,1747,1816,0,0,0,2.988971752951061
2017,11,2017-11-11,regular,Texas,Kansas,H,Y,42,27,15,,-32.0,consensus,-17.0,0.9719424843788147,1716,970,2,4,2,2.6537855578068132
2017,12,2017-11-18,regular,Texas,West Virginia,A,Y,28,14,14,,3.0,consensus,17.0,0.8823768272995949,1690,1700,1,2,1,4.304352034442634
2017,13,2017-11-25,regular,Texas,Texas Tech,H,Y,23,27,-4,,-7.5,consensus,-11.5,0.5077585577964783,1723,1503,4,2,-2,7.145772002897201
2017,1,2017-12-28,postseason,Texas,Missouri,N,N,33,16,17,,3.0,teamrankings,20.0,0.6830490529537201,1701,1702,0,4,4,4.62767245378809
2017,1,2017-09-03,regular,Texas A&M,UCLA,A,N,44,45,-1,,6.5,consensus,5.5,0.6829643845558167,1651,1521,0,3,3,5.356221734552999
2017,2,2017-09-09,regular,Texas A&M,Nicholls,H,N,24,14,10,,-36.5,consensus,-26.5,0.8109703063964844,,,0,2,2,3.969300042914958
2017,3,2017-09-16,regular,Texas A&M,Louisiana,H,N,45,21,24,,-24.0,consensus,0.0,0.9995258450508118,1647,1337,2,5,3,6.170449257562531
2017,4,2017-09-23,regular,Texas A&M,Arkansas,N,Y,50,43,7,,2.5,consensus,9.5,0.5807818174362183,1674,1529,1,1,0,9.087713577198237
2017,5,2017-09-30,regular,Texas A&M,South Carolina,H,Y,24,17,7,,-8.0,consensus,-1.0,1,1672,1496,1,1,0,5.9232023589807365
2017,6,2017-10-07,regular,Texas A&M,Alabama,H,Y,19,27,-8,,26.5,consensus,18.5,0.02727382816374302,1672,2284,3,1,-2,4.523908204111365
2017,7,2017-10-14,regular,Texas A&M,Florida,A,Y,19,17,2,,3.5,consensus,5.5,0.695795327425003,1700,1673,1,2,1,6.2499756914598
2017,9,2017-10-28,regular,Texas A&M,Mississippi State,H,Y,14,35,-21,,3.5,consensus,-17.5,0,1701,1761,3,1,-2,4.014933122538753
2017,10,2017-11-04,regular,Texas A&M,Auburn,H,Y,27,42,-15,,15.0,consensus,0.0,0.041814882308244705,1654,1984,0,0,0,5.473508120036067
2017,11,2017-11-12,regular,Texas A&M,New Mexico,H,N,55,14,41,,-18.5,consensus,22.5,0.9014801979064941,1650,1235,0,1,1,2.002302553715046
2017,12,2017-11-19,regular,Texas A&M,Ole Miss,A,Y,31,24,7,,-3.0,consensus,4.0,0.6482619941234589,1715,1527,1,2,1,7.023572483460103
2017,13,2017-11-26,regular,Texas A&M,LSU,A,Y,21,45,-24,,11.0,consensus,-13.0,0.03646993637084961,1714,1808,4,1,-3,3.748535859293039
2017,1,2017-12-29,postseason,Texas A&M,Wake Forest,N,N,52,55,-3,,3.5,teamrankings,0.5,0.4118739664554596,1665,1635,3,2,-1,8.657792089333961
2017,1,2017-09-03,regular,Vanderbilt,Middle Tennessee,A,N,28,6,22,,-2.5,consensus,19.5,1,1507,1367,0,1,1,2.6155082456942944
2017,2,2017-09-09,regular,Vanderbilt,Alabama A&M,H,N,42,0,42,,-48.5,consensus,-6.5,0.9934393763542175,,,0,2,2,1.6586394154143476
2017,3,2017-09-16,regular,Vanderbilt,Kansas State,H,N,14,7,7,,5.0,consensus,12.0,0.95794677734375,1548,1745,1,2,1,4.50606151357951
2017,4,2017-09-23,regular,Vanderbilt,Alabama,H,Y,0,59,-59,,20.0,consensus,-39.0,0,1569,2057,2,0,-2,2.7324317281294626
2017,5,2017-09-30,regular,Vanderbilt,Florida,A,Y,24,38,-14,,9.0,consensus,-5.0,0.015245556831359863,1453,1660,0,0,0,5.372213466325633
2017,6,2017-10-07,regular,Vanderbilt,Georgia,H,Y,14,45,-31,,17.0,consensus,-14.0,0.014152111485600471,1442,1860,0,1,1,2.5555433150072315
2017,7,2017-10-14,regular,Vanderbilt,Ole Miss,A,Y,35,57,-22,,3.5,consensus,-18.5,0.004399001598358154,1405,1453,2,0,-2,4.635411078921497
2017,9,2017-10-28,regular,Vanderbilt,South Carolina,A,Y,27,34,-7,,7.0,consensus,0.0,0.060145795345306396,1357,1577,1,0,-1,4.489254367821862
2017,10,2017-11-04,regular,Vanderbilt,Western Kentucky,H,N,31,17,14,,-13.0,consensus,1.0,1,1359,1626,1,1,0,4.421035044239333
2017,11,2017-11-11,regular,Vanderbilt,Kentucky,H,Y,21,44,-23,,-2.5,consensus,-25.5,0.020400382578372955,1412,1432,4,1,-3,4.472507709359479
2017,12,2017-11-19,regular,Vanderbilt,Missouri,H,Y,17,45,-28,,8.5,consensus,-19.5,0,1354,1675,3,0,-3,3.0902947257704296
2017,13,2017-11-25,regular,Vanderbilt,Tennessee,A,Y,42,24,18,,2.5,consensus,20.5,0.9775695726275444,1315,1422,0,1,1,4.518283187620601
2018,1,2018-09-02,regular,Alabama,Louisville,N,N,51,14,37,,-24.0,consensus,13.0,0.9957888722419739,1986,1701,1,2,1,2.4446060609712026
2018,2,2018-09-08,regular,Alabama,Arkansas State,H,N,57,7,50,,-37.0,consensus,13.0,0.9920759201049805,2062,1564,1,1,0,2.446739114346963
2018,3,2018-09-15,regular,Alabama,Ole Miss,A,Y,62,7,55,,-22.5,consensus,32.5,0.9957679742947221,2145,1574,2,3,1,3.006573282605064
2018,4,2018-09-22,regular,Alabama,Texas A&M,H,Y,45,23,22,,-24.5,consensus,-2.5,0.991909384727478,2237,1689,0,2,2,3.640714855598356
2018,5,2018-09-29,regular,Alabama,Louisiana,H,N,56,14,42,,-49.0,consensus,-7.0,0.9941574335098267,2237,1168,0,2,2,1.7522721031716273
2018,6,2018-10-06,regular,Alabama,Arkansas,A,Y,65,31,34,,-35.0,consensus,-1.0,0.9676344692707062,2235,1345,0,3,3,3.081120889803216
2018,7,2018-10-13,regular,Alabama,Missouri,H,Y,39,10,29,,-28.5,consensus,0.5,0.9940707683563232,2231,1661,1,3,2,2.8815695272674704
2018,8,2018-10-20,regular,Alabama,Tennessee,A,Y,58,21,37,,-29.0,consensus,8.0,0.9577746391296387,2245,1394,1,1,0,2.3829866979455345
2018,10,2018-11-04,regular,Alabama,LSU,A,Y,29,0,29,,-14.0,consensus,15.0,0.9993801843374968,2252,1899,1,1,0,3.994863197215573
2018,11,2018-11-10,regular,Alabama,Mississippi State,H,Y,24,0,24,,-22.5,consensus,1.5,0.8001093864440918,2290,1841,2,1,-1,2.0739676202786637
2018,12,2018-11-17,regular,Alabama,The Citadel,H,N,50,17,33,,-54.5,consensus,-21.5,0.9694820046424866,,,2,1,-1,3.288155509893982
2018,13,2018-11-24,regular,Alabama,Auburn,H,Y,52,21,31,,-26.5,consensus,4.5,0.9884856343269348,2304,1857,1,1,0,3.6707998036059655
2018,14,2018-12-01,regular,Alabama,Georgia,N,Y,35,28,7,,-12.0,consensus,-5.0,0.39789581298828125,2336,2023,2,0,-2,5.720554617065993
2018,1,2018-12-30,postseason,Alabama,Oklahoma,N,N,45,34,11,,-14.5,teamrankings,-3.5,1,2324,2026,0,0,0,2.3331908806887616
2018,1,2019-01-08,postseason,Alabama,Clemson,N,N,16,44,-28,,-5.5,teamrankings,-33.5,0.11167145520448685,2327,2318,2,0,-2,4.557397801845851
2018,1,2018-09-01,regular,Arkansas,Eastern Illinois,H,N,55,20,35,,-35.0,consensus,0.0,0.9984914064407349,,,0,5,5,2.8730428079819363
2018,2,2018-09-08,regular,Arkansas,Colorado State,A,N,27,34,-7,,-14.0,consensus,-21.0,0.3070606589317322,1461,1401,2,2,0,6.31777838606841
2018,3,2018-09-15,regular,Arkansas,North Texas,H,N,17,44,-27,,-5.5,consensus,-32.5,0.23758813738822937,1448,1397,6,1,-5,3.495711926457719
2018,4,2018-09-22,regular,Arkansas,Auburn,A,Y,3,34,-31,,30.0,consensus,-1.0,0.033071160316467285,1368,1836,2,0,-2,2.725874152313384
2018,5,2018-09-29,regular,Arkansas,Texas A&M,N,Y,17,24,-7,,20.5,consensus,13.5,0.10331469774246216,1338,1689,1,2,1,3.193082573928487
2018,6,2018-10-06,regular,Arkansas,Alabama,H,Y,31,65,-34,,35.0,consensus,1.0,0.03236553072929382,1345,2235,3,0,-3,3.081120889803216
2018,7,2018-10-13,regular,Arkansas,Ole Miss,H,Y,33,37,-4,,6.5,consensus,2.5,0.1936817616224289,1349,1556,1,1,0,4.914812571407719
2018,8,2018-10-20,regular,Arkansas,Tulsa,H,N,23,0,23,,-6.0,consensus,17.0,0.9363250136375427,1356,1401,2,2,0,3.8296181805893657
2018,9,2018-10-27,regular,Arkansas,Vanderbilt,H,Y,31,45,-14,,-1.0,consensus,-15.0,0.04621877521276474,1418,1477,2,0,-2,6.197393105512968
2018,11,2018-11-11,regular,Arkansas,LSU,H,Y,17,24,-7,,12.5,consensus,5.5,0,1392,1861,2,1,-1,4.077951701884514
2018,12,2018-11-17,regular,Arkansas,Mississippi State,A,Y,6,52,-46,,23.0,consensus,-23.0,0.005372881889343262,1412,1827,3,1,-2,2.5526571662539044
2018,13,2018-11-23,regular,Arkansas,Missouri,A,Y,0,38,-38,,24.0,consensus,-14.0,0.00839245319366455,1331,1828,2,1,-1,2.090164247017763
2018,1,2018-09-01,regular,Auburn,Washington,N,N,21,16,5,,-1.0,consensus,4.0,0.9835425019264221,1829,1839,0,2,2,5.410320890983199
2018,2,2018-09-08,regular,Auburn,Alabama State,H,N,63,9,54,,-62.0,consensus,-8.0,0.9940950274467468,,,4,4,0,2.3992635899336805
2018,3,2018-09-15,regular,Auburn,LSU,H,Y,21,22,-1,,-10.0,consensus,-11.0,0.5288432240486145,1840,1774,2,0,-2,5.867177029831846
2018,4,2018-09-22,regular,Auburn,Arkansas,H,Y,34,3,31,,-30.0,consensus,1.0,0.9669288396835327,1836,1368,0,2,2,2.725874152313384
2018,5,2018-09-29,regular,Auburn,Southern Miss,H,N,24,13,11,,-27.0,consensus,-16.0,0.9890044331550598,1866,1428,1,3,2,3.605326219174868
2018,6,2018-10-06,regular,Auburn,Mississippi State,A,Y,9,23,-14,,-3.0,consensus,-17.0,0.06126469373703003,1855,1704,2,1,-1,3.204479248437466
2018,7,2018-10-13,regular,Auburn,Tennessee,H,Y,24,30,-6,,-15.5,consensus,-21.5,0.03870374336838722,1813,1343,3,0,-3,5.230226362349737
2018,8,2018-10-20,regular,Auburn,Ole Miss,A,Y,31,16,15,,-4.5,consensus,10.5,0.9537409245967865,1762,1549,0,0,0,4.369783564623725
2018,10,2018-11-03,regular,Auburn,Texas A&M,H,Y,28,24,4,,-3.5,consensus,0.5,0.8407860994338989,1776,1660,0,2,2,7.216647998787933
2018,11,2018-11-11,regular,Auburn,Georgia,A,Y,10,27,-17,,13.0,consensus,-4.0,0.020911335945129395,1776,1960,0,1,1,3.6454995424067373
2018,12,2018-11-17,regular,Auburn,Liberty,H,N,53,0,53,,-29.5,consensus,23.5,0.991677463054657,1756,1319,0,4,4,2.0683972295309228
2018,13,2018-11-24,regular,Auburn,Alabama,A,Y,21,52,-31,,26.5,consensus,-4.5,0.011514365673065186,1857,2304,1,1,0,3.6707998036059655
2018,1,2018-12-28,postseason,Auburn,Purdue,N,N,63,14,49,,-3.5,consensus,45.5,0.9930822253227234,1825,1644,0,2,2,2.263983960284367
2018,1,2018-09-01,regular,Florida,Charleston Southern,H,N,53,6,47,,-43.0,consensus,4.0,0.9915659427642822,,,0,3,3,2.0139042324210377
2018,2,2018-09-08,regular,Florida,Kentucky,H,Y,16,27,-11,,-13.5,consensus,-24.5,0.24124597012996674,1531,1482,2,2,0,5.968477096178389
2018,3,2018-09-15,regular,Florida,Colorado State,H,N,48,10,38,,-21.0,consensus,17.0,1,1503,1414,1,3,2,2.468894549268667
2018,4,2018-09-22,regular,Florida,Tennessee,A,Y,47,21,26,,-3.5,consensus,22.5,0.9929377594962716,1600,1392,1,6,5,2.986989118057333
2018,5,2018-09-29,regular,Florida,Mississippi State,A,Y,13,6,7,,6.5,consensus,13.5,0.9543555863201618,1646,1723,1,0,-1,4.771936122499497
2018,6,2018-10-06,regular,Florida,LSU,H,Y,27,19,8,,1.0,consensus,9.0,0.9032779335975647,1665,1834,1,3,2,7.037610160204054
2018,7,2018-10-13,regular,Florida,Vanderbilt,A,Y,37,27,10,,-9.5,consensus,0.5,0.8998246267437935,1688,1482,3,1,-2,5.337439312721418
2018,9,2018-10-27,regular,Florida,Georgia,N,Y,17,36,-19,,7.0,consensus,-12.0,0.003482520580291748,1691,1922,3,0,-3,4.261493139926311
2018,10,2018-11-03,regular,Florida,Missouri,H,Y,17,38,-21,,-6.0,consensus,-27.0,0.005677307024598122,1663,1734,0,0,0,3.1536923721803576
2018,11,2018-11-10,regular,Florida,South Carolina,H,Y,35,31,4,,-6.5,consensus,-2.5,0.8964697122573853,1617,1619,1,1,0,6.0331861580353445
2018,12,2018-11-17,regular,Florida,Idaho,H,N,63,10,53,,-43.0,consensus,10.0,0.9878853559494019,,,1,2,1,1.8978556876555965
2018,13,2018-11-24,regular,Florida,Florida State,A,N,41,14,27,,-8.0,consensus,19.0,0.9995540548115969,1620,1468,0,3,3,4.052611184051934
2018,1,2018-12-29,postseason,Florida,Michigan,N,N,41,15,26,,6.0,consensus,32.0,0.9735669624060392,1675,1966,0,2,2,4.430935231290759
2018,1,2018-09-01,regular,Georgia,Austin Peay,H,N,45,0,45,,-48.0,consensus,-3.0,0.9909833669662476,,,1,1,0,1.7512688632198408
2018,2,2018-09-08,regular,Georgia,South Carolina,A,Y,41,17,24,,-9.0,consensus,15.0,0.9872788256034255,1869,1634,1,2,1,3.799845726112418
2018,3,2018-09-15,regular,Georgia,Middle Tennessee,H,N,49,7,42,,-34.0,consensus,8.0,1,1906,1347,0,2,2,2.5319187577853532
2018,4,2018-09-22,regular,Georgia,Missouri,A,Y,43,29,14,,-15.0,consensus,-1.0,1,1957,1667,1,3,2,5.029969505878582
2018,5,2018-09-29,regular,Georgia,Tennessee,H,Y,38,12,26,,-30.0,consensus,-4.0,0.987262487411499,1962,1346,0,1,1,2.186335478067375
2018,6,2018-10-06,regular,Georgia,Vanderbilt,H,Y,41,13,28,,-26.5,consensus,1.5,0.9589406251907349,1965,1505,0,0,0,2.898454616648524
2018,7,2018-10-13,regular,Georgia,LSU,A,Y,16,36,-20,,-7.0,consensus,-27.0,0.027377724647521973,1988,1811,4,0,-4,2.8621747271016487
2018,9,2018-10-27,regular,Georgia,Florida,N,Y,36,17,19,,-7.0,consensus,12.0,0.9965174794197083,1922,1691,0,3,3,4.261493139926311
2018,10,2018-11-03,regular,Georgia,Kentucky,A,Y,34,17,17,,-9.5,consensus,7.5,0.9898581383749843,1950,1635,2,2,0,3.4631058904859073
2018,11,2018-11-11,regular,Georgia,Auburn,H,Y,27,10,17,,-13.0,consensus,4.0,0.9790886640548706,1960,1776,1,0,-1,3.6454995424067373
2018,12,2018-11-17,regular,Georgia,Massachusetts,H,N,66,27,39,,-41.5,consensus,-2.5,0.9930196404457092,1980,1156,1,1,0,2.1107866877745876
2018,13,2018-11-24,regular,Georgia,Georgia Tech,H,N,45,21,24,,-17.0,consensus,7.0,0.9966092705726624,1995,1701,1,0,-1,2.151387549049676
2018,14,2018-12-01,regular,Georgia,Alabama,N,Y,28,35,-7,,12.0,consensus,5.0,0.6021041870117188,2023,2336,0,2,2,5.720554617065993
2018,1,2019-01-02,postseason,Georgia,Texas,N,N,21,28,-7,,-13.0,consensus,-20.0,0.021171152591705322,2035,1742,2,0,-2,3.7309997812840456
2018,1,2018-09-01,regular,Kentucky,Central Michigan,H,N,35,20,15,,-17.5,teamrankings,-2.5,0.952996015548706,1453,1424,4,0,-4,4.593278206821665
2018,2,2018-09-08,regular,Kentucky,Florida,A,Y,27,16,11,,13.5,consensus,24.5,0.7587540298700333,1482,1531,2,2,0,5.968477096178389
2018,3,2018-09-15,regular,Kentucky,Murray State,H,N,48,10,38,,-41.0,consensus,-3.0,0.9938316345214844,,,0,1,1,2.137896427175407
2018,4,2018-09-22,regular,Kentucky,Mississippi State,H,Y,28,7,21,,10.0,consensus,31.0,0.9888952374458313,1510,1808,1,1,0,4.045906308034752
2018,5,2018-09-29,regular,Kentucky,South Carolina,H,Y,24,10,14,,1.0,consensus,15.0,1,1595,1653,1,4,3,2.8548743260605742
2018,6,2018-10-06,regular,Kentucky,Texas A&M,A,Y,14,20,-6,,5.5,consensus,-0.5,0.09916281700134277,1628,1682,0,2,2,6.267440160175282
2018,8,2018-10-20,regular,Kentucky,Vanderbilt,H,Y,14,7,7,,-10.5,consensus,-3.5,0.6354421973228455,1623,1479,2,2,0,4.1821814184907256
2018,9,2018-10-27,regular,Kentucky,Missouri,A,Y,15,14,1,,7.5,consensus,8.5,0.5030962228775024,1625,1744,1,0,-1,4.151136468759764
2018,10,2018-11-03,regular,Kentucky,Georgia,H,Y,17,34,-17,,9.5,consensus,-7.5,0.010141861625015736,1635,1950,2,2,0,3.4631058904859073
2018,11,2018-11-10,regular,Kentucky,Tennessee,A,Y,7,24,-17,,-5.0,consensus,-22.0,0.12397164106369019,1625,1392,3,2,-1,2.804869812811693
2018,12,2018-11-17,regular,Kentucky,Middle Tennessee,H,N,34,23,11,,-16.0,consensus,-5.0,0.9502295255661011,1564,1448,0,2,2,2.6677365753114697
2018,13,2018-11-25,regular,Kentucky,Louisville,A,N,56,10,46,,-17.0,consensus,29.0,0.9248447641730309,1575,1168,2,0,-2,2.2905517419549772
2018,1,2019-01-01,postseason,Kentucky,Penn State,N,N,27,24,3,,6.5,consensus,9.5,0.7383899986743927,1659,1929,0,1,1,6.172949745802588
2018,1,2018-09-02,regular,LSU,Miami,N,N,33,17,16,,3.0,consensus,19.0,1,1736,1696,0,2,2,2.962526111425746
2018,2,2018-09-08,regular,LSU,SE Louisiana,H,N,31,0,31,,-42.0,consensus,-11.0,0.9909650087356567,,,0,3,3,2.5651999857714287
2018,3,2018-09-15,regular,LSU,Auburn,A,Y,22,21,1,,10.0,consensus,11.0,0.4711567759513855,1774,1840,0,2,2,5.867177029831846
2018,4,2018-09-22,regular,LSU,Louisiana Tech,H,N,38,21,17,,-19.5,consensus,-2.5,0.9972141981124878,1778,1525,1,2,1,3.1818363789640363
2018,5,2018-09-30,regular,LSU,Ole Miss,H,Y,45,16,29,,-11.0,consensus,18.0,0.9858949780464172,1792,1493,2,1,-1,2.5144192406228734
2018,6,2018-10-06,regular,LSU,Florida,A,Y,19,27,-8,,-1.0,consensus,-9.0,0.0967220664024353,1834,1665,3,1,-2,7.037610160204054
2018,7,2018-10-13,regular,LSU,Georgia,H,Y,36,16,20,,7.0,consensus,27.0,0.972622275352478,1811,1988,0,4,4,2.8621747271016487
2018,8,2018-10-20,regular,LSU,Mississippi State,H,Y,19,3,16,,-5.5,consensus,10.5,0.9921081066131592,1877,1746,1,4,3,3.1306066843892633
2018,10,2018-11-04,regular,LSU,Alabama,H,Y,0,29,-29,,14.0,consensus,-15.0,0.0006198156625032425,1899,2252,1,1,0,3.994863197215573
2018,11,2018-11-11,regular,LSU,Arkansas,A,Y,24,17,7,,-12.5,consensus,-5.5,1,1861,1392,1,2,1,4.077951701884514
2018,12,2018-11-18,regular,LSU,Rice,H,N,42,10,32,,-42.0,consensus,-10.0,0.9868530631065369,1841,981,1,0,-1,2.1903288155601555
2018,13,2018-11-25,regular,LSU,Texas A&M,A,Y,72,74,-2,,3.0,consensus,1.0,0.4295215606689453,1836,1722,1,1,0,15.34827486796661
2018,1,2019-01-01,postseason,LSU,UCF,N,N,40,32,8,,-7.5,teamrankings,0.5,0.9928782032802701,1834,1925,2,2,0,5.678381529437647
2018,1,2018-09-01,regular,Mississippi State,Stephen F. Austin,H,N,63,6,57,,-47.5,consensus,9.5,0.9917270541191101,,,0,1,1,2.3877154344275224
2018,2,2018-09-08,regular,Mississippi State,Kansas State,A,N,31,10,21,,-7.0,consensus,14.0,0.9234518781304359,1692,1629,1,1,0,3.850667270474376
2018,3,2018-09-15,regular,Mississippi State,Louisiana,H,N,56,10,46,,-34.0,consensus,12.0,0.9775102734565735,1739,1231,1,1,0,2.624440113401652
2018,4,2018-09-22,regular,Mississippi State,Kentucky,A,Y,7,28,-21,,-10.0,consensus,-31.0,0.011104762554168701,1808,1510,1,1,0,4.045906308034752
2018,5,2018-09-29,regular,Mississippi State,Florida,H,Y,6,13,-7,,-6.5,consensus,-13.5,0.04564441367983818,1723,1646,0,1,1,4.771936122499497
2018,6,2018-10-06,regular,Mississippi State,Auburn,H,Y,23,9,14,,3.0,consensus,17.0,0.93873530626297,1704,1855,1,2,1,3.204479248437466
2018,8,2018-10-20,regular,Mississippi State,LSU,A,Y,3,19,-16,,5.5,consensus,-10.5,0.00789189338684082,1746,1877,4,1,-3,3.1306066843892633
2018,9,2018-10-27,regular,Mississippi State,Texas A&M,H,Y,28,13,15,,-1.0,consensus,14.0,0.933928370475769,1724,1688,0,1,1,4.296997624989869
2018,10,2018-11-03,regular,Mississippi State,Louisiana Tech,H,N,45,3,42,,-23.5,consensus,18.5,0.9873601198196411,1752,1500,0,1,1,1.8759739831484084
2018,11,2018-11-10,regular,Mississippi State,Alabama,A,Y,0,24,-24,,22.5,consensus,-1.5,0.1998906135559082,1841,2290,1,2,1,2.0739676202786637
2018,12,2018-11-17,regular,Mississippi State,Arkansas,H,Y,52,6,46,,-23.0,consensus,23.0,0.9946271181106567,1827,1412,1,3,2,2.5526571662539044
2018,13,2018-11-23,regular,Mississippi State,Ole Miss,A,Y,35,3,32,,-12.5,consensus,19.5,1,1908,1506,0,3,3,2.862315207296773
2018,1,2019-01-01,postseason,Mississippi State,Iowa,N,N,22,27,-5,,-7.0,consensus,-12.0,0.3881233334541321,1949,1926,3,2,-1,6.7175660975242035
2018,1,2018-09-01,regular,Missouri,UT Martin,H,N,51,14,37,,-35.0,consensus,2.0,0.9956033229827881,,,0,1,1,2.1479604096341816
2018,2,2018-09-08,regular,Missouri,Wyoming,H,N,40,13,27,,-19.5,consensus,7.5,0.9957221150398254,1612,1513,1,1,0,3.127316007908335
2018,3,2018-09-15,regular,Missouri,Purdue,A,N,40,37,3,,-5.5,consensus,-2.5,0.6251383423805237,1670,1550,1,1,0,7.465690715365356
2018,4,2018-09-22,regular,Missouri,Georgia,H,Y,29,43,-14,,15.0,consensus,1.0,0,1667,1957,3,1,-2,5.029969505878582
2018,6,2018-10-06,regular,Missouri,South Carolina,A,Y,35,37,-2,,-1.0,consensus,-3.0,0.31211912631988525,1662,1620,2,1,-1,8.10747751793964
2018,7,2018-10-13,regular,Missouri,Alabama,A,Y,10,39,-29,,28.5,consensus,-0.5,0.005929231643676758,1661,2231,3,1,-2,2.8815695272674704
2018,8,2018-10-20,regular,Missouri,Memphis,H,N,65,33,32,,-9.5,consensus,22.5,0.9858038425445557,1647,1715,0,2,2,2.7358207671118864
2018,9,2018-10-27,regular,Missouri,Kentucky,H,Y,14,15,-1,,-7.5,consensus,-8.5,0.49690377712249756,1744,1625,0,1,1,4.151136468759764
2018,10,2018-11-03,regular,Missouri,Florida,A,Y,38,17,21,,6.0,consensus,27.0,0.9943226929754019,1734,1663,0,0,0,3.1536923721803576
2018,11,2018-11-10,regular,Missouri,Vanderbilt,H,Y,33,28,5,,-14.5,consensus,-9.5,0.46630650758743286,1780,1503,2,0,-2,6.3336103187733315
2018,12,2018-11-17,regular,Missouri,Tennessee,A,Y,50,17,33,,-6.0,consensus,27.0,1,1774,1453,1,3,2,4.652673411754495
2018,13,2018-11-23,regular,Missouri,Arkansas,H,Y,38,0,38,,-24.0,consensus,14.0,0.9916075468063354,1828,1331,1,2,1,2.090164247017763
2018,1,2018-12-31,postseason,Missouri,Oklahoma State,N,N,33,38,-5,,-8.5,consensus,-13.5,0.7343654036521912,1874,1682,1,2,1,6.763611274576631
2018,1,2018-09-01,regular,Oklahoma,Florida Atlantic,H,N,63,14,49,,-19.0,consensus,30.0,0.9918249249458313,1875,1642,0,1,1,2.281099113305588
2018,2,2018-09-08,regular,Oklahoma,UCLA,H,N,49,21,28,,-31.0,consensus,-3.0,0.990482747554779,1991,1437,1,0,-1,3.1298064874287745
2018,3,2018-09-15,regular,Oklahoma,Iowa State,A,Y,37,27,10,,-18.5,consensus,-8.5,0.9749565981328487,2004,1636,1,1,0,5.566245795595027
2018,4,2018-09-22,regular,Oklahoma,Army,H,N,28,21,7,,-29.5,consensus,-22.5,0.8705296516418457,1995,1549,1,1,0,5.644287834013989
2018,5,2018-09-29,regular,Oklahoma,Baylor,H,Y,66,33,33,,-22.5,consensus,10.5,0.998824417591095,1982,1487,0,1,1,3.0734100574565293
2018,6,2018-10-06,regular,Oklahoma,Texas,N,Y,45,48,-3,,-7.0,consensus,-10.0,0.6007217168807983,2014,1722,2,0,-2,6.18318289312803
2018,8,2018-10-20,regular,Oklahoma,TCU,A,Y,52,27,25,,-8.0,consensus,17.0,0.9964500442147255,1999,1704,0,1,1,4.7585025985132985
2018,9,2018-10-27,regular,Oklahoma,Kansas State,H,Y,51,14,37,,-24.0,consensus,13.0,0.9997994171012204,2032,1603,0,1,1,0.355190670299999
2018,10,2018-11-04,regular,Oklahoma,Texas Tech,A,Y,51,46,5,,-14.0,consensus,-9.0,0.36909711360931396,2083,1669,2,0,-2,8.13032925050764
2018,11,2018-11-10,regular,Oklahoma,Oklahoma State,H,Y,48,47,1,,-22.0,consensus,-21.0,0.7547606229782104,2065,1679,0,1,1,8.235406365586295
2018,12,2018-11-18,regular,Oklahoma,Kansas,H,Y,55,40,15,,-35.0,consensus,-20.0,0.9031640887260437,2053,1278,2,0,-2,5.09465238208706
2018,13,2018-11-24,regular,Oklahoma,West Virginia,A,Y,59,56,3,,-3.0,consensus,0.0,0.896062970161438,2025,1849,2,2,0,9.100828655085241
2018,14,2018-12-01,regular,Oklahoma,Texas,N,Y,39,27,12,,-9.5,consensus,2.5,0.6256198287010193,2019,1749,1,1,0,5.516692571656254
2018,1,2018-12-30,postseason,Oklahoma,Alabama,N,N,34,45,-11,,14.5,teamrankings,3.5,0,2026,2324,0,0,0,2.3331908806887616
2018,1,2018-09-01,regular,Ole Miss,Texas Tech,N,N,47,27,20,,-1.5,consensus,18.5,0.993209975771606,1533,1518,1,0,-1,4.735799312949499
2018,2,2018-09-08,regular,Ole Miss,Southern Illinois,H,N,76,41,35,,-28.0,consensus,7.0,0.9712026119232178,,,0,3,3,8.202122911029685
2018,3,2018-09-15,regular,Ole Miss,Alabama,H,Y,7,62,-55,,22.5,consensus,-32.5,0.00423202570527792,1574,2145,3,2,-1,3.006573282605064
2018,4,2018-09-22,regular,Ole Miss,Kent State,H,N,38,17,21,,-28.5,consensus,-7.5,0.9919432401657104,1482,1083,1,2,1,5.706885234485553
2018,5,2018-09-30,regular,Ole Miss,LSU,A,Y,16,45,-29,,11.0,consensus,-18.0,0.014105021953582764,1493,1792,1,2,1,2.5144192406228734
2018,6,2018-10-06,regular,Ole Miss,UL Monroe,H,N,70,21,49,,-23.0,consensus,26.0,0.9957903623580933,1451,1142,0,2,2,2.676499335290187
2018,7,2018-10-13,regular,Ole Miss,Arkansas,A,Y,37,33,4,,-6.5,consensus,-2.5,0.8063182383775711,1556,1349,1,1,0,4.914812571407719
2018,8,2018-10-20,regular,Ole Miss,Auburn,H,Y,16,31,-15,,4.5,consensus,-10.5,0.0462590754032135,1549,1762,0,0,0,4.369783564623725
2018,10,2018-11-03,regular,Ole Miss,South Carolina,H,Y,44,48,-4,,-2.0,consensus,-6.0,0.2809428870677948,1535,1618,1,0,-1,8.420920140848548
2018,11,2018-11-10,regular,Ole Miss,Texas A&M,A,Y,24,38,-14,,13.0,consensus,-1.0,0.04129976034164429,1534,1660,1,2,1,6.6366911712180965
2018,12,2018-11-18,regular,Ole Miss,Vanderbilt,A,Y,29,36,-7,,3.0,consensus,-4.0,0.597305566072464,1516,1509,2,1,-1,8.665987797932916
2018,13,2018-11-23,regular,Ole Miss,Mississippi State,H,Y,3,35,-32,,12.5,consensus,-19.5,0,1506,1908,3,0,-3,2.862315207296773
2018,1,2018-09-01,regular,South Carolina,Coastal Carolina,H,N,49,15,34,,-30.5,consensus,3.5,0.9913873672485352,1572,1315,0,1,1,1.6552738040632615
2018,2,2018-09-08,regular,South Carolina,Georgia,H,Y,17,41,-24,,9.0,consensus,-15.0,0.012721174396574497,1634,1869,2,1,-1,3.799845726112418
2018,4,2018-09-22,regular,South Carolina,Vanderbilt,A,Y,37,14,23,,-1.5,consensus,21.5,0.8785439431667328,1597,1561,3,2,-1,4.710025414629607
2018,5,2018-09-29,regular,South Carolina,Kentucky,A,Y,10,24,-14,,-1.0,consensus,-15.0,0,1653,1595,4,1,-3,2.8548743260605742
2018,6,2018-10-06,regular,South Carolina,Missouri,H,Y,37,35,2,,1.0,consensus,3.0,0.6878808736801147,1620,1662,1,2,1,8.10747751793964
2018,7,2018-10-13,regular,South Carolina,Texas A&M,H,Y,23,26,-3,,2.5,consensus,-0.5,0.03742802515625954,1621,1687,2,0,-2,5.752837661385756
2018,9,2018-10-27,regular,South Carolina,Tennessee,H,Y,27,24,3,,-10.0,consensus,-7.0,0.7591733336448669,1620,1387,1,0,-1,5.537890990665514
2018,10,2018-11-03,regular,South Carolina,Ole Miss,A,Y,48,44,4,,2.0,consensus,6.0,0.7190571129322052,1618,1535,0,1,1,8.420920140848548
2018,11,2018-11-10,regular,South Carolina,Florida,A,Y,31,35,-4,,6.5,consensus,2.5,0.10353028774261475,1619,1617,1,1,0,6.0331861580353445
2018,12,2018-11-18,regular,South Carolina,Chattanooga,H,N,49,9,40,,-31.0,consensus,9.0,0.9896581172943115,,,0,2,2,1.9619065909659406
2018,13,2018-11-25,regular,South Carolina,Clemson,A,N,35,56,-21,,26.0,consensus,5.0,0.05790388584136963,1616,2282,1,1,0,3.825382313214231
2018,14,2018-12-01,regular,South Carolina,Akron,H,N,28,3,25,,-29.0,consensus,-4.0,1,1627,1156,4,3,-1,2.539976592555759
2018,1,2018-12-29,postseason,South Carolina,Virginia,N,N,0,28,-28,,-5.5,consensus,-33.5,0.009398460388183594,1641,1560,2,1,-1,2.676462859435329
2018,1,2018-09-01,regular,Tennessee,West Virginia,N,N,14,40,-26,,10.0,consensus,-16.0,0.07564012706279755,1411,1568,0,1,1,3.445538563088632
2018,2,2018-09-08,regular,Tennessee,East Tennessee State,H,N,59,3,56,,-37.0,consensus,19.0,0.9975993037223816,,,0,3,3,1.9283130120729992
2018,3,2018-09-15,regular,Tennessee,UTEP,H,N,24,0,24,,-33.5,consensus,-9.5,0.9999811490020094,1367,1040,2,0,-2,0.608792589699999
2018,4,2018-09-22,regular,Tennessee,Florida,H,Y,21,47,-26,,3.5,consensus,-22.5,0.00706224050372839,1392,1600,6,1,-5,2.986989118057333
2018,5,2018-09-29,regular,Tennessee,Georgia,A,Y,12,38,-26,,30.0,consensus,4.0,0.012737512588500977,1346,1962,1,0,-1,2.186335478067375
2018,7,2018-10-13,regular,Tennessee,Auburn,A,Y,30,24,6,,15.5,consensus,21.5,0.9612962566316128,1343,1813,0,3,3,5.230226362349737
2018,8,2018-10-20,regular,Tennessee,Alabama,H,Y,21,58,-37,,29.0,consensus,-8.0,0.04222536087036133,1394,2245,1,1,0,2.3829866979455345
2018,9,2018-10-27,regular,Tennessee,South Carolina,A,Y,24,27,-3,,10.0,consensus,7.0,0.24082666635513306,1387,1620,0,1,1,5.537890990665514
2018,10,2018-11-03,regular,Tennessee,Charlotte,H,N,14,3,11,,-21.0,consensus,-10.0,0.9355926513671875,1389,1157,0,1,1,2.4978927307150256
2018,11,2018-11-10,regular,Tennessee,Kentucky,H,Y,24,7,17,,5.0,consensus,22.0,0.8760283589363098,1392,1625,2,3,1,2.804869812811693
2018,12,2018-11-17,regular,Tennessee,Missouri,H,Y,17,50,-33,,6.0,consensus,-27.0,0,1453,1774,3,1,-2,4.652673411754495
2018,13,2018-11-24,regular,Tennessee,Vanderbilt,A,Y,13,38,-25,,3.0,consensus,-22.0,0.004933297634124756,1399,1519,1,0,-1,2.3628015424538718
2018,1,2018-09-01,regular,Texas,Maryland,N,N,29,34,-5,,-13.0,consensus,-18.0,0.15293002128601074,1657,1302,3,0,-3,6.4407613612438235
2018,2,2018-09-09,regular,Texas,Tulsa,H,N,28,21,7,,-22.0,consensus,-15.0,0.7935876846313477,1623,1439,1,2,1,2.8477338290946754
2018,3,2018-09-16,regular,Texas,USC,H,N,37,14,23,,-3.0,consensus,20.0,0.9546043276786804,1623,1707,1,1,0,5.168785179907521
2018,4,2018-09-22,regular,Texas,TCU,H,Y,31,16,15,,3.0,consensus,18.0,0.9825292825698853,1689,1751,0,4,4,5.388371100685851
2018,5,2018-09-29,regular,Texas,Kansas State,A,Y,19,14,5,,-8.5,consensus,-3.5,0.8534541383470889,1726,1533,0,0,0,2.5378066489
2018,6,2018-10-06,regular,Texas,Oklahoma,N,Y,48,45,3,,7.0,consensus,10.0,0.39927828311920166,1722,2014,0,2,2,6.18318289312803
2018,7,2018-10-13,regular,Texas,Baylor,H,Y,23,17,6,,-14.0,consensus,-8.0,0.6029515266418457,1737,1457,1,1,0,6.671178147920099
2018,9,2018-10-28,regular,Texas,Oklahoma State,A,Y,35,38,-3,,-2.5,consensus,-5.5,0.14881409412633884,1731,1692,0,0,0,6.14238739729999
2018,10,2018-11-03,regular,Texas,West Virginia,H,Y,41,42,-1,,1.0,consensus,0.0,0.6221387386322021,1730,1767,0,0,0,8.498969024061058
2018,11,2018-11-11,regular,Texas,Texas Tech,A,Y,41,34,7,,-2.0,consensus,5.0,0.7512542009353638,1731,1687,0,3,3,5.461540747620615
2018,12,2018-11-18,regular,Texas,Iowa State,H,Y,24,10,14,,-2.0,consensus,12.0,0.9636144638061523,1741,1732,1,2,1,2.8101870863462897
2018,13,2018-11-23,regular,Texas,Kansas,A,Y,24,17,7,,-15.5,consensus,-8.5,0.6575949192047119,1768,1306,2,1,-1,3.648915837234153
2018,14,2018-12-01,regular,Texas,Oklahoma,N,Y,27,39,-12,,9.5,consensus,-2.5,0.3743801712989807,1749,2019,1,1,0,5.516692571656254
2018,1,2019-01-02,postseason,Texas,Georgia,N,N,28,21,7,,13.0,consensus,20.0,0.9788288474082947,1742,2035,0,2,2,3.7309997812840456
2018,1,2018-08-31,regular,Texas A&M,Northwestern State,H,N,59,7,52,,-47.0,consensus,5.0,0.9929120540618896,,,1,0,-1,2.111174005398794
2018,2,2018-09-08,regular,Texas A&M,Clemson,H,N,26,28,-2,,12.5,consensus,10.5,0.7951983213424683,1609,1907,2,0,-2,6.062121197782111
2018,3,2018-09-15,regular,Texas A&M,UL Monroe,H,N,48,10,38,,-27.5,consensus,10.5,0.9190232753753662,1622,1297,0,1,1,2.520515084644193
2018,4,2018-09-22,regular,Texas A&M,Alabama,A,Y,23,45,-22,,24.5,consensus,2.5,0.008090615272521973,1689,2237,2,0,-2,3.640714855598356
2018,5,2018-09-29,regular,Texas A&M,Arkansas,N,Y,24,17,7,,-20.5,consensus,-13.5,0.8966853022575378,1689,1338,2,1,-1,3.193082573928487
2018,6,2018-10-06,regular,Texas A&M,Kentucky,H,Y,20,14,6,,-5.5,consensus,0.5,0.9008371829986572,1682,1628,2,0,-2,6.267440160175282
2018,7,2018-10-13,regular,Texas A&M,South Carolina,A,Y,26,23,3,,-2.5,consensus,0.5,0.9625719748437405,1687,1621,0,2,2,5.752837661385756
2018,9,2018-10-27,regular,Texas A&M,Mississippi State,A,Y,13,28,-15,,1.0,consensus,-14.0,0.06607162952423096,1688,1724,1,0,-1,4.296997624989869
2018,10,2018-11-03,regular,Texas A&M,Auburn,A,Y,24,28,-4,,3.5,consensus,-0.5,0.15921390056610107,1660,1776,2,0,-2,7.216647998787933
2018,11,2018-11-10,regular,Texas A&M,Ole Miss,H,Y,38,24,14,,-13.0,consensus,1.0,0.9587002396583557,1660,1534,2,1,-1,6.6366911712180965
2018,12,2018-11-18,regular,Texas A&M,UAB,H,N,41,20,21,,-17.0,consensus,4.0,1,1678,1624,1,3,2,2.5012095796058857
2018,13,2018-11-25,regular,Texas A&M,LSU,H,Y,74,72,2,,-3.0,consensus,-1.0,0.5704784393310547,1722,1836,1,1,0,15.34827486796661
2018,1,2019-01-01,postseason,Texas A&M,NC State,N,N,52,13,39,,-7.0,consensus,32.0,0.9963744282722473,1724,1802,1,2,1,4.1063314106221185
2018,1,2018-09-01,regular,Vanderbilt,Middle Tennessee,H,N,35,7,28,,-3.0,consensus,25.0,0.996732234954834,1414,1421,0,2,2,2.9971349957830875
2018,2,2018-09-08,regular,Vanderbilt,Nevada,H,N,41,10,31,,-10.0,consensus,21.0,0.9791367650032043,1488,1391,2,4,2,2.9181926080194036
2018,3,2018-09-15,regular,Vanderbilt,Notre Dame,A,N,17,22,-5,,14.0,consensus,9.0,0.0991671085357666,1560,1707,3,0,-3,3.7064361377631325
2018,4,2018-09-22,regular,Vanderbilt,South Carolina,H,Y,14,37,-23,,1.5,consensus,-21.5,0.12145605683326721,1561,1597,2,3,1,4.710025414629607
2018,5,2018-09-29,regular,Vanderbilt,Tennessee State,H,N,31,27,4,,-28.0,consensus,-24.0,0.26440030336380005,,,2,0,-2,6.370938344503659
2018,6,2018-10-06,regular,Vanderbilt,Georgia,A,Y,13,41,-28,,26.5,consensus,-1.5,0.04105937480926514,1505,1965,0,0,0,2.898454616648524
2018,7,2018-10-13,regular,Vanderbilt,Florida,H,Y,27,37,-10,,9.5,consensus,-0.5,0.10017537325620651,1482,1688,1,3,2,5.337439312721418
2018,8,2018-10-20,regular,Vanderbilt,Kentucky,A,Y,7,14,-7,,10.5,consensus,3.5,0.36455780267715454,1479,1623,2,2,0,4.1821814184907256
2018,9,2018-10-27,regular,Vanderbilt,Arkansas,A,Y,45,31,14,,1.0,consensus,15.0,0.9537812247872353,1477,1418,0,2,2,6.197393105512968
2018,11,2018-11-10,regular,Vanderbilt,Missouri,A,Y,28,33,-5,,14.5,consensus,9.5,0.5336934924125671,1503,1780,0,2,2,6.3336103187733315
2018,12,2018-11-18,regular,Vanderbilt,Ole Miss,H,Y,36,29,7,,-3.0,consensus,4.0,0.402694433927536,1509,1516,1,2,1,8.665987797932916
2018,13,2018-11-24,regular,Vanderbilt,Tennessee,H,Y,38,13,25,,-3.0,consensus,22.0,0.9950667023658752,1519,1399,0,1,1,2.3628015424538718
2018,1,2018-12-28,postseason,Vanderbilt,Baylor,N,N,38,45,-7,,-4.0,consensus,-11.0,0.06511330604553223,1569,1416,1,1,0,7.458115927729834
2019,1,2019-08-31,regular,Alabama,Duke,N,N,42,3,39,,-34.5,consensus,4.5,1,2005,1526,1,3,2,2.8661591080532114
2019,2,2019-09-07,regular,Alabama,New Mexico State,H,N,62,10,52,,-55.5,consensus,-3.5,0.98759526014328,2064,1086,0,3,3,2.42316149952987
2019,3,2019-09-14,regular,Alabama,South Carolina,A,Y,47,23,24,,-26.5,consensus,-2.5,0.9578668288886547,2096,1517,0,2,2,4.287156961530976
2019,4,2019-09-21,regular,Alabama,Southern Miss,H,N,49,7,42,,-38.0,consensus,4.0,0.9903607964515686,2098,1455,1,2,1,1.7224733873499805
2019,5,2019-09-28,regular,Alabama,Ole Miss,H,Y,59,31,28,,-38.0,consensus,-10.0,0.9869932532310486,2140,1484,1,1,0,3.4967521286066288
2019,7,2019-10-12,regular,Alabama,Texas A&M,A,Y,47,28,19,,-17.0,consensus,2.0,0.9961356986314058,2144,1746,1,1,0,3.734207105331475
2019,8,2019-10-20,regular,Alabama,Tennessee,H,Y,35,13,22,,-35.0,consensus,-13.0,0.9812179803848267,2151,1373,1,2,1,3.175392257049013
2019,9,2019-10-26,regular,Alabama,Arkansas,H,Y,48,7,41,,-32.0,consensus,9.0,0.9919167160987854,2133,1319,0,4,4,2.1521526302764618
2019,11,2019-11-09,regular,Alabama,LSU,H,Y,41,46,-5,,-6.0,consensus,-11.0,0.026660535484552383,2154,2008,2,1,-1,5.827216449413
2019,12,2019-11-16,regular,Alabama,Mississippi State,A,Y,38,7,31,,-19.0,consensus,12.0,0.9942212263122201,2135,1651,0,1,1,2.8637485049064355
2019,13,2019-11-23,regular,Alabama,Western Carolina,H,N,66,3,63,,-58.5,consensus,4.5,1,,,1,5,4,2.1618969107699244
2019,14,2019-11-30,regular,Alabama,Auburn,A,Y,45,48,-3,,-3.5,consensus,-6.5,0.22833001613616943,2164,1938,2,1,-1,8.597189244410163
2019,1,2020-01-01,postseason,Alabama,Michigan,N,N,35,16,19,,-7.5,consensus,11.5,0.9271548986434937,2160,1984,0,2,2,5.575437243882907
2019,1,2019-08-31,regular,Arkansas,Portland State,H,N,20,13,7,,-29.5,consensus,-22.5,1,,,1,3,2,3.9081493493706203
2019,2,2019-09-07,regular,Arkansas,Ole Miss,A,Y,17,31,-14,,5.5,consensus,-8.5,0,1357,1478,1,2,1,3.5191951015720124
2019,3,2019-09-14,regular,Arkansas,Colorado State,H,N,55,34,21,,-10.0,consensus,11.0,0.8053719997406006,1339,1264,1,2,1,4.573416433789255
2019,4,2019-09-21,regular,Arkansas,San José State,H,N,24,31,-7,,-20.0,consensus,-27.0,0.10757003724575043,1381,1175,5,1,-4,6.411863253982853
2019,5,2019-09-28,regular,Arkansas,Texas A&M,N,Y,27,31,-4,,23.0,consensus,19.0,0.1735122948884964,1351,1763,1,2,1,7.224053915767055
2019,7,2019-10-12,regular,Arkansas,Kentucky,A,Y,20,24,-4,,4.0,consensus,0.0,0.04899054765701294,1368,1582,0,1,1,5.227305971920166
2019,8,2019-10-19,regular,Arkansas,Auburn,H,Y,10,51,-41,,19.5,consensus,-21.5,0,1371,1906,4,1,-3,2.99013827681008
2019,9,2019-10-26,regular,Arkansas,Alabama,A,Y,7,48,-41,,32.0,consensus,-9.0,0.0080832839012146,1319,2133,4,0,-4,2.1521526302764618
2019,10,2019-11-02,regular,Arkansas,Mississippi State,H,Y,24,54,-30,,7.0,consensus,-23.0,0,1298,1605,2,1,-1,2.7353863637459166
2019,11,2019-11-09,regular,Arkansas,Western Kentucky,H,N,19,45,-26,,-1.0,consensus,-27.0,0.04611809179186821,1252,1422,2,1,-1,3.3629320248166965
2019,13,2019-11-24,regular,Arkansas,LSU,A,Y,20,56,-36,,41.5,consensus,5.5,0.02554917335510254,1202,2036,0,1,1,2.923028906216836
2019,14,2019-11-29,regular,Arkansas,Missouri,H,Y,14,24,-10,,15.0,consensus,5.0,0.24928267300128937,1196,1653,0,1,1,6.325316170192355
2019,1,2019-08-31,regular,Auburn,Oregon,N,N,27,21,6,,-3.5,consensus,2.5,0.7323658466339111,1805,1593,2,1,-1,7.404218318055847
2019,2,2019-09-07,regular,Auburn,Tulane,H,N,24,6,18,,-16.5,consensus,1.5,1,1805,1527,2,1,-1,3.4439257782192634
2019,3,2019-09-14,regular,Auburn,Kent State,H,N,55,16,39,,-35.5,consensus,3.5,0.9998244505810991,1819,1152,0,0,0,0.6259572863
2019,4,2019-09-21,regular,Auburn,Texas A&M,A,Y,28,20,8,,4.0,consensus,12.0,0.9792783204466105,1850,1772,0,1,1,4.116984052974198
2019,5,2019-09-28,regular,Auburn,Mississippi State,H,Y,56,23,33,,-7.5,consensus,25.5,0.9892497062683105,1859,1795,3,2,-1,2.417645476839833
2019,6,2019-10-05,regular,Auburn,Florida,A,Y,13,24,-11,,-2.5,consensus,-13.5,0.18864178657531738,1942,1747,4,4,0,5.078793276887071
2019,8,2019-10-19,regular,Auburn,Arkansas,A,Y,51,10,41,,-19.5,consensus,21.5,1,1906,1371,1,4,3,2.99013827681008
2019,9,2019-10-26,regular,Auburn,LSU,A,Y,20,23,-3,,11.5,consensus,8.5,0.1308167576789856,1958,2008,1,2,1,6.820851110104222
2019,10,2019-11-02,regular,Auburn,Ole Miss,H,Y,20,14,6,,-17.5,consensus,-11.5,0.8857839703559875,1958,1544,1,0,-1,4.872795511403513
2019,12,2019-11-16,regular,Auburn,Georgia,H,Y,14,21,-7,,3.0,consensus,-4.0,0.1433824747800827,1946,2012,1,0,-1,4.716768854717882
2019,13,2019-11-23,regular,Auburn,Samford,H,N,52,0,52,,-45.5,consensus,6.5,0.9938032031059265,,,0,4,4,2.065782500265221
2019,14,2019-11-30,regular,Auburn,Alabama,H,Y,48,45,3,,3.5,consensus,6.5,0.7716699838638306,1938,2164,1,2,1,8.597189244410163
2019,1,2020-01-01,postseason,Auburn,Minnesota,N,N,24,31,-7,,-7.0,consensus,-14.0,0.1851797103881836,1942,1786,1,1,0,6.215756159729265
2019,1,2019-08-24,regular,Florida,Miami,N,N,24,20,4,,-7.0,consensus,-3.0,0.887974202632904,1683,1611,4,1,-3,7.006734472961002
2019,2,2019-09-07,regular,Florida,UT Martin,H,N,45,0,45,,-44.5,consensus,0.5,0.9906398057937622,,,0,1,1,2.3047414596671794
2019,3,2019-09-14,regular,Florida,Kentucky,A,Y,29,21,8,,-9.5,consensus,-1.5,0.9040361568331718,1688,1668,2,4,2,5.982154821200326
2019,4,2019-09-21,regular,Florida,Tennessee,H,Y,34,3,31,,-13.5,consensus,17.5,0.9857720136642456,1702,1376,3,4,1,2.527748071377734
2019,5,2019-09-28,regular,Florida,Towson,H,N,38,0,38,,-37.0,consensus,1.0,0.9883917570114136,,,0,3,3,2.0347973259241257
2019,6,2019-10-05,regular,Florida,Auburn,H,Y,24,13,11,,2.5,consensus,13.5,0.8113582134246826,1747,1942,4,4,0,5.078793276887071
2019,7,2019-10-13,regular,Florida,LSU,A,Y,28,42,-14,,14.0,consensus,0.0,0.05927538871765137,1783,1970,1,0,-1,5.794544147168479
2019,8,2019-10-19,regular,Florida,South Carolina,A,Y,38,27,11,,-3.5,consensus,7.5,0.9297359809279442,1770,1582,1,1,0,6.953542220886306
2019,10,2019-11-02,regular,Florida,Georgia,N,Y,17,24,-7,,6.5,consensus,-0.5,0.0005227928049862385,1777,1974,0,0,0,4.15504031687585
2019,11,2019-11-09,regular,Florida,Vanderbilt,H,Y,56,0,56,,-27.0,consensus,29.0,0.934946596622467,1782,1313,2,3,1,2.362995799021514
2019,12,2019-11-16,regular,Florida,Missouri,A,Y,23,6,17,,-6.5,consensus,10.5,0.9508586451411247,1889,1689,0,1,1,4.075742222062528
2019,14,2019-12-01,regular,Florida,Florida State,H,N,40,17,23,,-17.0,consensus,6.0,0.9252719879150391,1910,1519,0,0,0,2.8825115701343473
2019,1,2019-12-31,postseason,Florida,Virginia,N,N,36,28,8,,-15.5,consensus,-7.5,0.7694476097822189,1926,1654,1,1,0,5.341488921104545
2019,1,2019-08-31,regular,Georgia,Vanderbilt,A,Y,30,6,24,,-23.5,consensus,0.5,1,1837,1534,1,1,0,2.963670042991555
2019,2,2019-09-07,regular,Georgia,Murray State,H,N,63,17,46,,-49.5,consensus,-3.5,0.9951655268669128,,,2,2,0,2.7936598484587885
2019,3,2019-09-14,regular,Georgia,Arkansas State,H,N,55,0,55,,-33.0,consensus,22.0,0.9858822226524353,1866,1545,0,1,1,1.9238608143053992
2019,4,2019-09-22,regular,Georgia,Notre Dame,H,N,23,17,6,,-16.0,consensus,-10.0,0.9919824600219727,1990,1857,1,2,1,5.969774703723662
2019,6,2019-10-05,regular,Georgia,Tennessee,A,Y,43,14,29,,-24.5,consensus,4.5,0.9940863689407706,1991,1331,0,2,2,4.968751390259134
2019,7,2019-10-12,regular,Georgia,South Carolina,H,Y,17,20,-3,,-21.0,consensus,-24.0,0.10321684926748276,1997,1547,4,0,-4,7.963367582302831
2019,8,2019-10-19,regular,Georgia,Kentucky,H,Y,21,0,21,,-24.0,consensus,-3.0,0.8760462999343872,1962,1579,0,1,1,3.523164588760377
2019,10,2019-11-02,regular,Georgia,Florida,N,Y,24,17,7,,-6.5,consensus,0.5,0.9994772071950138,1974,1777,0,0,0,4.15504031687585
2019,11,2019-11-10,regular,Georgia,Missouri,H,Y,27,0,27,,-18.5,consensus,8.5,1,1969,1732,0,1,1,2.5569775972459254
2019,12,2019-11-16,regular,Georgia,Auburn,A,Y,21,14,7,,-3.0,consensus,4.0,0.8566175252199173,2012,1946,0,1,1,4.716768854717882
2019,13,2019-11-23,regular,Georgia,Texas A&M,H,Y,19,13,6,,-12.0,consensus,-6.0,0.9717144966125488,2020,1811,0,1,1,3.7035625392656253
2019,14,2019-11-30,regular,Georgia,Georgia Tech,A,N,52,7,45,,-28.5,consensus,16.5,0.9722516406327486,2017,1306,3,1,-2,2.6458139000955483
2019,15,2019-12-07,regular,Georgia,LSU,N,Y,10,37,-27,,7.0,consensus,-20.0,0.014707684516906738,2061,2138,2,0,-2,2.203717504713043
2019,1,2020-01-02,postseason,Georgia,Baylor,N,N,26,14,12,,-3.5,consensus,8.5,0.9884172976016998,1992,1831,0,3,3,4.341522017451176
2019,1,2019-08-31,regular,Kentucky,Toledo,H,N,38,24,14,,-10.0,consensus,4.0,0.8925431370735168,1615,1533,2,2,0,5.495201102434559
2019,2,2019-09-07,regular,Kentucky,Eastern Michigan,H,N,38,17,21,,-15.5,consensus,5.5,0.9893767833709717,1636,1463,1,2,1,2.9419880000428056
2019,3,2019-09-14,regular,Kentucky,Florida,H,Y,21,29,-8,,9.5,consensus,1.5,0.09596384316682816,1668,1688,4,2,-2,5.982154821200326
2019,4,2019-09-21,regular,Kentucky,Mississippi State,A,Y,13,28,-15,,6.0,consensus,-9.0,0.004491090774536133,1654,1774,1,2,1,2.919868291134336
2019,5,2019-09-28,regular,Kentucky,South Carolina,A,Y,7,24,-17,,3.5,consensus,-13.5,0,1633,1496,2,1,-1,2.3041707763242014
2019,7,2019-10-12,regular,Kentucky,Arkansas,H,Y,24,20,4,,-4.0,consensus,0.0,0.9510094523429871,1582,1368,1,0,-1,5.227305971920166
2019,8,2019-10-19,regular,Kentucky,Georgia,A,Y,0,21,-21,,24.0,consensus,3.0,0.12395370006561279,1579,1962,1,0,-1,3.523164588760377
2019,9,2019-10-26,regular,Kentucky,Missouri,H,Y,29,7,22,,9.5,consensus,31.5,0.9709197878837585,1567,1814,2,2,0,2.422778508460594
2019,11,2019-11-10,regular,Kentucky,Tennessee,H,Y,13,17,-4,,-1.5,consensus,-5.5,0.28932854533195496,1649,1527,1,1,0,5.5448802293063535
2019,12,2019-11-16,regular,Kentucky,Vanderbilt,A,Y,38,14,24,,-9.5,consensus,14.5,0.996357207885012,1634,1206,1,1,0,3.456198434626047
2019,13,2019-11-23,regular,Kentucky,UT Martin,H,N,50,7,43,,-30.5,consensus,12.5,0.9892310500144958,,,2,3,1,1.8185418059687957
2019,14,2019-11-30,regular,Kentucky,Louisville,H,N,45,13,32,,-3.5,consensus,28.5,0.9778153300285339,1650,1417,0,2,2,2.672318167478833
2019,1,2019-12-31,postseason,Kentucky,Virginia Tech,N,N,37,30,7,,2.5,consensus,9.5,0.5769026279449463,1709,1699,2,0,-2,6.471270641077474
2019,1,2019-08-31,regular,LSU,Georgia Southern,H,N,55,3,52,,-27.0,consensus,25.0,0.9884186387062073,1733,1485,0,2,2,1.626761449069767
2019,2,2019-09-07,regular,LSU,Texas,A,N,45,38,7,,-6.5,consensus,0.5,0.8190215229988098,1857,1734,1,0,-1,6.456879398814792
2019,3,2019-09-14,regular,LSU,Northwestern State,H,N,65,14,51,,-51.5,consensus,-0.5,0.992433488368988,,,1,0,-1,3.6507605102331757
2019,4,2019-09-21,regular,LSU,Vanderbilt,A,Y,66,38,28,,-24.0,consensus,4.0,0.9846222111955285,1861,1465,2,2,0,3.499665967034867
2019,6,2019-10-05,regular,LSU,Utah State,H,N,42,6,36,,-27.5,consensus,8.5,0.9899235963821411,1892,1708,2,3,1,2.398193219746788
2019,7,2019-10-13,regular,LSU,Florida,H,Y,42,28,14,,-14.0,consensus,0.0,0.9407246112823486,1970,1783,0,1,1,5.794544147168479
2019,8,2019-10-19,regular,LSU,Mississippi State,A,Y,36,13,23,,-19.0,consensus,4.0,0.9598030298948288,1983,1664,0,3,3,3.39507377062528
2019,9,2019-10-26,regular,LSU,Auburn,H,Y,23,20,3,,-11.5,consensus,-8.5,0.8691832423210144,2008,1958,2,1,-1,6.820851110104222
2019,11,2019-11-09,regular,LSU,Alabama,A,Y,46,41,5,,6.0,consensus,11.0,0.9733394645154476,2008,2154,1,2,1,5.827216449413
2019,12,2019-11-17,regular,LSU,Ole Miss,A,Y,58,37,21,,-21.0,consensus,0.0,0.8304037600755692,2027,1596,2,1,-1,3.7701686228078124
2019,13,2019-11-24,regular,LSU,Arkansas,H,Y,56,20,36,,-41.5,consensus,-5.5,0.9744508266448975,2036,1202,1,0,-1,2.923028906216836
2019,14,2019-12-01,regular,LSU,Texas A&M,H,Y,50,7,43,,-17.5,consensus,25.5,0.9910911917686462,2042,1814,0,3,3,2.040612814946173
2019,15,2019-12-07,regular,LSU,Georgia,N,Y,37,10,27,,-7.0,consensus,20.0,0.9852923154830933,2138,2061,0,2,2,2.203717504713043
2019,1,2019-12-28,postseason,LSU,Oklahoma,N,N,63,28,35,,-12.5,consensus,22.5,0.988844096660614,2207,1984,0,1,1,2.4041829040583353
2019,1,2020-01-14,postseason,LSU,Clemson,N,N,42,25,17,,-4.5,consensus,12.5,0.9748143553733826,2285,2400,0,1,1,5.554848804012645
2019,1,2019-08-31,regular,Mississippi State,Louisiana,N,N,38,28,10,,-18.5,consensus,-8.5,0.9854422295466065,1791,1361,2,4,2,5.365965142371506
2019,2,2019-09-07,regular,Mississippi State,Southern Miss,H,N,38,15,23,,-16.5,consensus,6.5,0.9960546493530273,1774,1463,0,3,3,1.7691460894678601
2019,3,2019-09-14,regular,Mississippi State,Kansas State,H,N,24,31,-7,,-7.0,consensus,-14.0,0.08659802377223969,1798,1670,3,3,0,5.89152090538054
2019,4,2019-09-21,regular,Mississippi State,Kentucky,H,Y,28,13,15,,-6.0,consensus,9.0,0.9955089092254639,1774,1654,2,1,-1,2.919868291134336
2019,5,2019-09-28,regular,Mississippi State,Auburn,A,Y,23,56,-33,,7.5,consensus,-25.5,0.010750293731689453,1795,1859,2,3,1,2.417645476839833
2019,7,2019-10-12,regular,Mississippi State,Tennessee,A,Y,10,20,-10,,-5.0,consensus,-15.0,0.0520014762878418,1712,1325,3,2,-1,3.7807657081018764
2019,8,2019-10-19,regular,Mississippi State,LSU,H,Y,13,36,-23,,19.0,consensus,-4.0,0.040196970105171204,1664,1983,3,0,-3,3.39507377062528
2019,9,2019-10-26,regular,Mississippi State,Texas A&M,A,Y,30,49,-19,,11.0,consensus,-8.0,0.0026659369468688965,1639,1737,3,0,-3,2.5375005558433954
2019,10,2019-11-02,regular,Mississippi State,Arkansas,A,Y,54,24,30,,-7.0,consensus,23.0,1,1605,1298,1,2,1,2.7353863637459166
2019,12,2019-11-16,regular,Mississippi State,Alabama,H,Y,7,38,-31,,19.0,consensus,-12.0,0.005778773687779903,1651,2135,1,0,-1,2.8637485049064355
2019,13,2019-11-24,regular,Mississippi State,Abilene Christian,H,N,45,7,38,,-37.0,consensus,1.0,0.9866151809692383,,,0,2,2,2.5168133844257525
2019,14,2019-11-29,regular,Mississippi State,Ole Miss,H,Y,21,20,1,,1.5,consensus,2.5,0.3750979006290436,1622,1587,1,3,2,5.696007334799149
2019,1,2019-12-30,postseason,Mississippi State,Louisville,N,N,28,38,-10,,-4.5,consensus,-14.5,0.14989441633224487,1622,1358,2,1,-1,5.182249125022811
2019,1,2019-08-31,regular,Missouri,Wyoming,A,N,31,37,-6,,-17.0,consensus,-23.0,0.16348499059677124,1734,1493,3,0,-3,5.039488476111074
2019,2,2019-09-07,regular,Missouri,West Virginia,H,N,38,7,31,,-13.5,consensus,17.5,0.9925437569618225,1714,1690,0,3,3,2.436089534694414
2019,3,2019-09-14,regular,Missouri,Southeast Missouri State,H,N,50,0,50,,-34.0,consensus,16.0,0.9920511245727539,,,1,1,0,1.974827519789806
2019,4,2019-09-21,regular,Missouri,South Carolina,H,Y,34,14,20,,-9.5,consensus,10.5,0.9918347597122192,1795,1515,2,3,1,4.268904978366502
2019,6,2019-10-05,regular,Missouri,Troy,H,N,42,10,32,,-24.5,consensus,7.5,0.9922709465026855,1814,1528,0,3,3,2.6493643055479503
2019,7,2019-10-12,regular,Missouri,Ole Miss,H,Y,38,27,11,,-12.5,consensus,-1.5,0.761269211769104,1866,1538,2,1,-1,3.830276584612691
2019,8,2019-10-19,regular,Missouri,Vanderbilt,A,Y,14,21,-7,,-21.0,consensus,-28.0,0.3459603190422058,1862,1286,1,1,0,4.729821570659549
2019,9,2019-10-26,regular,Missouri,Kentucky,A,Y,7,29,-22,,-9.5,consensus,-31.5,0.029080212116241455,1814,1567,2,2,0,2.422778508460594
2019,11,2019-11-10,regular,Missouri,Georgia,A,Y,0,27,-27,,18.5,consensus,-8.5,0,1732,1969,1,0,-1,2.5569775972459254
2019,12,2019-11-16,regular,Missouri,Florida,H,Y,6,23,-17,,6.5,consensus,-10.5,0.049141354858875275,1689,1889,1,0,-1,4.075742222062528
2019,13,2019-11-24,regular,Missouri,Tennessee,H,Y,20,24,-4,,-2.5,consensus,-6.5,0.1920822262763977,1668,1542,0,1,1,6.540853269578838
2019,14,2019-11-29,regular,Missouri,Arkansas,A,Y,24,14,10,,-15.0,consensus,-5.0,0.7507173269987106,1653,1196,1,0,-1,6.325316170192355
2019,1,2019-09-01,regular,Oklahoma,Houston,H,N,49,31,18,,-21.5,consensus,-3.5,0.9940564632415771,1849,1460,2,0,-2,2.5461645715540744
2019,2,2019-09-07,regular,Oklahoma,South Dakota,H,N,70,14,56,,-46.5,consensus,9.5,1,,,0,3,3,2.3389896984658654
2019,3,2019-09-15,regular,Oklahoma,UCLA,A,N,48,14,34,,-23.5,consensus,10.5,0.9847905645146966,1854,1413,0,2,2,3.037999317301198
2019,5,2019-09-28,regular,Oklahoma,Texas Tech,H,Y,55,16,39,,-27.0,consensus,12.0,0.9935340881347656,1897,1567,1,1,0,2.468477998190584
2019,6,2019-10-05,regular,Oklahoma,Kansas,A,Y,45,20,25,,-32.5,consensus,-7.5,0.9979161384981126,1966,1376,1,0,-1,3.74645205551053
2019,7,2019-10-12,regular,Oklahoma,Texas,N,Y,34,27,7,,-11.0,consensus,-4.0,0.916580967605114,1969,1773,2,0,-2,5.8105455245614674
2019,8,2019-10-19,regular,Oklahoma,West Virginia,H,Y,52,14,38,,-32.0,consensus,6.0,0.9723909497261047,1964,1589,0,0,0,2.667334003155152
2019,9,2019-10-26,regular,Oklahoma,Kansas State,A,Y,41,48,-7,,-23.5,consensus,-30.5,0.2848047614097595,2025,1616,2,0,-2,4.9537387533238055
2019,11,2019-11-10,regular,Oklahoma,Iowa State,H,Y,42,41,1,,-14.5,consensus,-13.5,0.3660324215888977,1990,1816,2,0,-2,4.162112663034463
2019,12,2019-11-17,regular,Oklahoma,Baylor,A,Y,34,31,3,,-10.5,consensus,-7.5,0.7241857945919037,1985,1673,3,2,-1,4.606359978792677
2019,13,2019-11-24,regular,Oklahoma,TCU,H,Y,28,24,4,,-18.0,consensus,-14.0,0.8504981398582458,1972,1631,3,1,-2,3.765734406290105
2019,14,2019-12-01,regular,Oklahoma,Oklahoma State,A,Y,34,16,18,,-14.0,consensus,4.0,0.9870454724878073,1965,1660,0,2,2,4.059348509012075
2019,15,2019-12-07,regular,Oklahoma,Baylor,N,Y,30,23,7,,-9.5,consensus,-2.5,0.9328779578208923,1978,1837,2,0,-2,6.520222887986531
2019,1,2019-12-28,postseason,Oklahoma,LSU,N,N,28,63,-35,,12.5,consensus,-22.5,0.011155903339385986,1984,2207,1,0,-1,2.4041829040583353
2019,1,2019-08-31,regular,Ole Miss,Memphis,A,N,10,15,-5,,3.5,consensus,-1.5,0.1883813738822937,1477,1622,1,1,0,3.3643647317585557
2019,2,2019-09-07,regular,Ole Miss,Arkansas,H,Y,31,17,14,,-5.5,consensus,8.5,1,1478,1357,2,1,-1,3.5191951015720124
2019,3,2019-09-14,regular,Ole Miss,SE Louisiana,H,N,40,29,11,,-30.5,consensus,-19.5,0.9140912294387817,,,2,4,2,5.183768119907072
2019,4,2019-09-21,regular,Ole Miss,California,H,N,20,28,-8,,-3.0,consensus,-11.0,0.23432733118534088,1496,1535,0,1,1,5.1423838939516
2019,5,2019-09-28,regular,Ole Miss,Alabama,A,Y,31,59,-28,,38.0,consensus,10.0,0.013006746768951416,1484,2140,1,1,0,3.4967521286066288
2019,6,2019-10-05,regular,Ole Miss,Vanderbilt,H,Y,31,6,25,,-7.0,consensus,18.0,0.9794037938117981,1480,1436,0,0,0,3.347576737212517
2019,7,2019-10-12,regular,Ole Miss,Missouri,A,Y,27,38,-11,,12.5,consensus,1.5,0.238730788230896,1538,1866,1,2,1,3.830276584612691
2019,8,2019-10-19,regular,Ole Miss,Texas A&M,H,Y,17,24,-7,,6.0,consensus,-1.0,0.30337801575660706,1542,1739,2,2,0,6.394210924537428
2019,10,2019-11-02,regular,Ole Miss,Auburn,A,Y,14,20,-6,,17.5,consensus,11.5,0.11421602964401245,1544,1958,0,1,1,4.872795511403513
2019,11,2019-11-09,regular,Ole Miss,New Mexico State,H,N,41,3,38,,-28.5,consensus,9.5,0.9863040447235107,1556,1002,1,0,-1,2.113212934052806
2019,12,2019-11-17,regular,Ole Miss,LSU,H,Y,37,58,-21,,21.0,consensus,0.0,0.16959623992443085,1596,2027,1,2,1,3.7701686228078124
2019,14,2019-11-29,regular,Ole Miss,Mississippi State,A,Y,20,21,-1,,-1.5,consensus,-2.5,0.6249020993709564,1587,1622,3,1,-2,5.696007334799149
2019,1,2019-08-31,regular,South Carolina,North Carolina,N,N,20,24,-4,,-12.0,consensus,-16.0,0.14778649806976318,1532,1409,2,1,-1,6.683641897233108
2019,2,2019-09-07,regular,South Carolina,Charleston Southern,H,N,72,10,62,,-36.5,consensus,25.5,0.9907195568084717,,,2,3,1,1.9076182907747499
2019,3,2019-09-14,regular,South Carolina,Alabama,H,Y,23,47,-24,,26.5,consensus,2.5,0.04213317111134529,1517,2096,2,0,-2,4.287156961530976
2019,4,2019-09-21,regular,South Carolina,Missouri,A,Y,14,34,-20,,9.5,consensus,-10.5,0.008165240287780762,1515,1795,3,2,-1,4.268904978366502
2019,5,2019-09-28,regular,South Carolina,Kentucky,H,Y,24,7,17,,-3.5,consensus,13.5,1,1496,1633,1,2,1,2.3041707763242014
2019,7,2019-10-12,regular,South Carolina,Georgia,A,Y,20,17,3,,21.0,consensus,24.0,0.8967831507325172,1547,1997,0,4,4,7.963367582302831
2019,8,2019-10-19,regular,South Carolina,Florida,H,Y,27,38,-11,,3.5,consensus,-7.5,0.07026401907205582,1582,1770,1,1,0,6.953542220886306
2019,9,2019-10-26,regular,South Carolina,Tennessee,A,Y,21,41,-20,,-4.0,consensus,-24.0,0.0012530088424682617,1575,1391,0,0,0,6.014107952877111
2019,10,2019-11-02,regular,South Carolina,Vanderbilt,H,Y,24,7,17,,-15.0,consensus,2.0,1,1508,1334,1,2,1,3.626725863670305
2019,11,2019-11-10,regular,South Carolina,App State,H,N,15,20,-5,,-6.5,consensus,-11.5,0.21169595420360565,1529,1740,1,1,0,6.062939371320318
2019,12,2019-11-17,regular,South Carolina,Texas A&M,A,Y,6,30,-24,,10.5,consensus,-13.5,0.04574102163314819,1535,1777,0,1,1,2.498729033751747
2019,14,2019-11-30,regular,South Carolina,Clemson,H,N,3,38,-35,,27.5,consensus,-7.5,0.011241721920669079,1501,2332,1,0,-1,2.7325297108322304
2019,1,2019-08-31,regular,Tennessee,Georgia State,H,N,30,38,-8,,-24.5,consensus,-32.5,0,1399,1265,3,1,-2,7.185158463330575
2019,2,2019-09-07,regular,Tennessee,BYU,H,N,26,29,-3,,-3.5,consensus,-6.5,0.12586385011672974,1372,1520,1,0,-1,6.771271104316513
2019,3,2019-09-14,regular,Tennessee,Chattanooga,H,N,45,0,45,,-30.5,consensus,14.5,0.9930559992790222,,,0,5,5,1.8404441876252349
2019,4,2019-09-21,regular,Tennessee,Florida,A,Y,3,34,-31,,13.5,consensus,-17.5,0.014227986335754395,1376,1702,4,3,-1,2.527748071377734
2019,6,2019-10-05,regular,Tennessee,Georgia,H,Y,14,43,-29,,24.5,consensus,-4.5,0.005913631059229374,1331,1991,2,0,-2,4.968751390259134
2019,7,2019-10-12,regular,Tennessee,Mississippi State,H,Y,20,10,10,,5.0,consensus,15.0,0.9479985237121582,1325,1712,2,3,1,3.7807657081018764
2019,8,2019-10-20,regular,Tennessee,Alabama,A,Y,13,35,-22,,35.0,consensus,13.0,0.01878201961517334,1373,2151,2,1,-1,3.175392257049013
2019,9,2019-10-26,regular,Tennessee,South Carolina,H,Y,41,21,20,,4.0,consensus,24.0,0.9987469911575317,1391,1575,0,0,0,6.014107952877111
2019,10,2019-11-02,regular,Tennessee,UAB,H,N,30,7,23,,-13.5,consensus,9.5,0.998116135597229,1458,1565,1,4,3,2.5529729452963785
2019,11,2019-11-10,regular,Tennessee,Kentucky,A,Y,17,13,4,,1.5,consensus,5.5,0.710671454668045,1527,1649,1,1,0,5.5448802293063535
2019,13,2019-11-24,regular,Tennessee,Missouri,A,Y,24,20,4,,2.5,consensus,6.5,0.8079177737236023,1542,1668,1,0,-1,6.540853269578838
2019,14,2019-11-30,regular,Tennessee,Vanderbilt,H,Y,28,10,18,,-23.0,consensus,-5.0,0.9273202419281006,1557,1190,1,0,-1,2.6343264552206875
2019,1,2020-01-03,postseason,Tennessee,Indiana,N,N,23,22,1,,-3.5,consensus,-2.5,0.7146270871162415,1564,1612,2,1,-1,6.59741093472759
2019,1,2019-09-01,regular,Texas,Louisiana Tech,H,N,45,14,31,,-19.0,consensus,12.0,0.963735044002533,1681,1423,1,3,2,2.630048262045371
2019,2,2019-09-07,regular,Texas,LSU,H,N,38,45,-7,,6.5,consensus,-0.5,0.18097847700119019,1734,1857,0,1,1,6.456879398814792
2019,3,2019-09-15,regular,Texas,Rice,N,N,48,13,35,,-32.5,consensus,2.5,0.9943472235703786,1730,1192,0,0,0,0.229315235599999
2019,4,2019-09-21,regular,Texas,Oklahoma State,H,Y,36,30,6,,-7.0,consensus,-1.0,0.9857167601585388,1758,1655,3,2,-1,5.652106497269794
2019,6,2019-10-05,regular,Texas,West Virginia,A,Y,42,31,11,,-10.5,consensus,0.5,0.9812486469745636,1760,1645,1,4,3,6.489948667862041
2019,7,2019-10-12,regular,Texas,Oklahoma,N,Y,27,34,-7,,11.0,consensus,4.0,0.08341903239488602,1773,1969,0,2,2,5.8105455245614674
2019,8,2019-10-19,regular,Texas,Kansas,H,Y,50,48,2,,-21.0,consensus,-19.0,0.2180418074131012,1778,1373,2,0,-2,10.493328191033195
2019,9,2019-10-26,regular,Texas,TCU,A,Y,27,37,-10,,1.0,consensus,-9.0,0.00402754545211792,1773,1621,4,2,-2,6.716217898783807
2019,11,2019-11-09,regular,Texas,Kansas State,H,Y,27,24,3,,-7.0,consensus,-4.0,0.9550297856330872,1744,1695,1,1,0,5.2393560900879805
2019,12,2019-11-16,regular,Texas,Iowa State,A,Y,21,23,-2,,7.0,consensus,5.0,0.695434957742691,1744,1821,0,1,1,4.979121754048445
2019,13,2019-11-23,regular,Texas,Baylor,A,Y,10,24,-14,,4.0,consensus,-10.0,0.1577478051185608,1744,1686,1,1,0,3.562302399141363
2019,14,2019-11-29,regular,Texas,Texas Tech,H,Y,49,24,25,,-8.0,consensus,17.0,0.9897730350494385,1711,1586,0,2,2,4.778989074189002
2019,1,2020-01-01,postseason,Texas,Utah,N,N,38,10,28,,7.0,consensus,35.0,0.9898629784584045,1760,1937,1,0,-1,2.3089077698298226
2019,1,2019-08-30,regular,Texas A&M,Texas State,H,N,41,7,34,,-33.0,consensus,1.0,1,1739,1217,2,4,2,2.575580913839186
2019,2,2019-09-07,regular,Texas A&M,Clemson,A,N,10,24,-14,,16.0,consensus,2.0,0.1438426375389099,1771,2136,2,1,-1,3.5746468299254874
2019,3,2019-09-14,regular,Texas A&M,Lamar,H,N,62,3,59,,-45.0,consensus,14.0,0.9930822253227234,,,2,1,-1,1.8327995827487007
2019,4,2019-09-21,regular,Texas A&M,Auburn,H,Y,20,28,-8,,-4.0,consensus,-12.0,0.02072167955338955,1772,1850,1,0,-1,4.116984052974198
2019,5,2019-09-28,regular,Texas A&M,Arkansas,N,Y,31,27,4,,-23.0,consensus,-19.0,0.8264877051115036,1763,1351,2,1,-1,7.224053915767055
2019,7,2019-10-12,regular,Texas A&M,Alabama,H,Y,28,47,-19,,17.0,consensus,-2.0,0.0038643013685941696,1746,2144,1,1,0,3.734207105331475
2019,8,2019-10-19,regular,Texas A&M,Ole Miss,A,Y,24,17,7,,-6.0,consensus,1.0,0.6966219842433929,1739,1542,2,2,0,6.394210924537428
2019,9,2019-10-26,regular,Texas A&M,Mississippi State,H,Y,49,30,19,,-11.0,consensus,8.0,0.9973340630531311,1737,1639,0,3,3,2.5375005558433954
2019,10,2019-11-02,regular,Texas A&M,UTSA,H,N,45,14,31,,-37.5,consensus,-6.5,0.9828730225563049,1771,1059,1,1,0,2.9580299984052867
2019,12,2019-11-17,regular,Texas A&M,South Carolina,H,Y,30,6,24,,-10.5,consensus,13.5,0.9542589783668518,1777,1535,1,0,-1,2.498729033751747
2019,13,2019-11-23,regular,Texas A&M,Georgia,A,Y,13,19,-6,,12.0,consensus,6.0,0.028285503387451172,1811,2020,1,0,-1,3.7035625392656253
2019,14,2019-12-01,regular,Texas A&M,LSU,A,Y,7,50,-43,,17.5,consensus,-25.5,0.00890880823135376,1814,2042,3,0,-3,2.040612814946173
2019,1,2019-12-27,postseason,Texas A&M,Oklahoma State,N,N,24,21,3,,-4.5,consensus,-1.5,0.8418765068054199,1718,1647,2,0,-2,4.671653380530834
2019,1,2019-08-31,regular,Vanderbilt,Georgia,H,Y,6,30,-24,,23.5,consensus,-0.5,0,1534,1837,1,1,0,2.963670042991555
2019,2,2019-09-07,regular,Vanderbilt,Purdue,A,N,24,42,-18,,7.0,consensus,-11.0,0.1490653157234192,1505,1505,1,1,0,4.123321412959062
2019,4,2019-09-21,regular,Vanderbilt,LSU,H,Y,38,66,-28,,24.0,consensus,-4.0,0.015377788804471493,1465,1861,2,2,0,3.499665967034867
2019,5,2019-09-28,regular,Vanderbilt,Northern Illinois,H,N,24,18,6,,-7.0,consensus,-1.0,0.5210024678043401,1434,1330,0,0,0,2.9047008191
2019,6,2019-10-05,regular,Vanderbilt,Ole Miss,A,Y,6,31,-25,,7.0,consensus,-18.0,0.020596206188201904,1436,1480,0,0,0,3.347576737212517
2019,7,2019-10-12,regular,Vanderbilt,UNLV,H,N,10,34,-24,,-15.5,consensus,-39.5,0.016350936144590378,1378,1155,2,1,-1,3.3854286801667484
2019,8,2019-10-19,regular,Vanderbilt,Missouri,H,Y,21,14,7,,21.0,consensus,28.0,0.6540396809577942,1286,1862,1,1,0,4.729821570659549
2019,10,2019-11-02,regular,Vanderbilt,South Carolina,A,Y,7,24,-17,,15.0,consensus,-2.0,0,1334,1508,2,1,-1,3.626725863670305
2019,11,2019-11-09,regular,Vanderbilt,Florida,A,Y,0,56,-56,,27.0,consensus,-29.0,0.06505340337753296,1313,1782,3,2,-1,2.362995799021514
2019,12,2019-11-16,regular,Vanderbilt,Kentucky,H,Y,14,38,-24,,9.5,consensus,-14.5,0.0036427921149879694,1206,1634,1,1,0,3.456198434626047
2019,13,2019-11-23,regular,Vanderbilt,East Tennessee State,H,N,38,0,38,,-20.5,consensus,17.5,0.9999915745156858,,,0,0,0,0.783403934099999
2019,14,2019-11-30,regular,Vanderbilt,Tennessee,A,Y,10,28,-18,,23.0,consensus,5.0,0.07267975807189941,1190,1557,0,1,1,2.6343264552206875
2020,4,2020-09-26,regular,Alabama,Missouri,A,Y,38,19,19,,-28.5,consensus,-9.5,0.9863499170169234,1962,1592,1,2,1,2.697207550601074
2020,5,2020-10-03,regular,Alabama,Texas A&M,H,Y,52,24,28,,-18.0,consensus,10.0,0.9331650137901306,1972,1638,1,2,1,3.9213482588189006
2020,6,2020-10-10,regular,Alabama,Ole Miss,A,Y,63,48,15,,-24.0,consensus,-9.0,0.8898222314462136,2007,1547,1,0,-1,4.6125822772
2020,7,2020-10-18,regular,Alabama,Georgia,H,Y,41,24,17,,-6.0,consensus,11.0,0.976147472858429,2000,1919,1,3,2,6.076984784978124
2020,8,2020-10-24,regular,Alabama,Tennessee,A,Y,48,17,31,,-21.5,consensus,9.5,0.9677041210234165,2030,1518,1,1,0,2.8898165371898785
2020,9,2020-10-31,regular,Alabama,Mississippi State,H,Y,41,0,41,,-29.5,consensus,11.5,0.9945073127746582,2056,1507,1,3,2,2.2243290520975596
2020,12,2020-11-21,regular,Alabama,Kentucky,H,Y,63,3,60,,-31.5,consensus,28.5,0.9843491911888123,2105,1692,1,1,0,2.2528163289808636
2020,13,2020-11-28,regular,Alabama,Auburn,H,Y,42,13,29,,-24.5,consensus,4.5,0.9902606010437012,2233,1866,1,2,1,2.476518206522994
2020,14,2020-12-06,regular,Alabama,LSU,A,Y,55,17,38,,-28.5,consensus,9.5,0.9724159240722656,2268,1794,1,1,0,3.455558467145847
2020,15,2020-12-12,regular,Alabama,Arkansas,A,Y,52,3,49,,-30.0,consensus,19.0,0.9984489614143968,2319,1408,1,4,3,2.899861334898605
2020,16,2020-12-20,regular,Alabama,Florida,N,Y,52,46,6,,-16.0,consensus,-10.0,0.7226172685623169,2351,1877,1,2,1,5.728345194250682
2020,1,2021-01-01,postseason,Alabama,Notre Dame,N,N,31,14,17,,-18.5,consensus,-1.5,0.9863388538360596,2329,1932,0,1,1,2.889460591493643
2020,1,2021-01-12,postseason,Alabama,Ohio State,N,N,52,24,28,,-9.5,consensus,18.5,0.7947854399681091,2337,2169,1,0,-1,3.9578601539650533
2020,4,2020-09-26,regular,Arkansas,Georgia,H,Y,10,37,-27,,28.0,consensus,1.0,0.01333854254335165,1307,1832,3,2,-1,5.23875134059569
2020,5,2020-10-03,regular,Arkansas,Mississippi State,A,Y,21,14,7,,16.5,consensus,23.5,0.9385666772723198,1292,1623,2,4,2,5.5943703918799725
2020,6,2020-10-10,regular,Arkansas,Auburn,A,Y,28,30,-2,,13.5,consensus,11.5,0.8934107819612248,1334,1759,0,0,0,4.5095264924
2020,7,2020-10-17,regular,Arkansas,Ole Miss,H,Y,33,21,12,,-1.0,consensus,11.0,0.8895172476768494,1339,1554,2,7,5,3.7077082895569684
2020,9,2020-10-31,regular,Arkansas,Texas A&M,A,Y,31,42,-11,,14.5,consensus,3.5,0.01996403932571411,1380,1632,0,0,0,3.732377945494747
2020,10,2020-11-08,regular,Arkansas,Tennessee,H,Y,24,13,11,,2.0,consensus,13.0,0.9967433214187622,1378,1492,0,2,2,4.48059249769088
2020,11,2020-11-15,regular,Arkansas,Florida,A,Y,35,63,-28,,17.0,consensus,-11.0,0.14601749181747437,1407,1869,1,1,0,3.3018995781655653
2020,12,2020-11-21,regular,Arkansas,LSU,H,Y,24,27,-3,,1.5,consensus,-1.5,0.270768940448761,1385,1846,1,1,0,6.38285454590873
2020,14,2020-12-05,regular,Arkansas,Missouri,A,Y,48,50,-2,,2.5,consensus,0.5,0.6355129795199677,1406,1629,0,0,0,9.1381994261
2020,15,2020-12-12,regular,Arkansas,Alabama,H,Y,3,52,-49,,30.0,consensus,-19.0,0.0015510385856032372,1408,2319,4,1,-3,2.899861334898605
2020,4,2020-09-26,regular,Auburn,Kentucky,H,Y,29,13,16,,-6.5,consensus,9.5,0.9935002326965332,1782,1649,0,3,3,4.897774974464461
2020,5,2020-10-03,regular,Auburn,Georgia,A,Y,6,27,-21,,7.5,consensus,-13.5,0.006769359111785889,1804,1847,1,0,-1,2.119003148253606
2020,6,2020-10-10,regular,Auburn,Arkansas,H,Y,30,28,2,,-13.5,consensus,-11.5,0.10658921803877522,1759,1334,0,0,0,4.5095264924
2020,7,2020-10-17,regular,Auburn,South Carolina,A,Y,22,30,-8,,-2.5,consensus,-10.5,0,1754,1562,3,1,-2,4.992835789612071
2020,8,2020-10-24,regular,Auburn,Ole Miss,A,Y,35,28,7,,-3.5,consensus,3.5,0.6644962728023529,1729,1513,0,2,2,7.538889199933285
2020,9,2020-10-31,regular,Auburn,LSU,H,Y,48,11,37,,-1.0,consensus,36.0,0.9929686188697815,1726,1992,1,3,2,2.8742798860998646
2020,12,2020-11-22,regular,Auburn,Tennessee,H,Y,30,17,13,,-10.5,consensus,2.5,0.6321510672569275,1872,1463,1,1,0,5.221047529776325
2020,13,2020-11-28,regular,Auburn,Alabama,A,Y,13,42,-29,,24.5,consensus,-4.5,0.009739398956298828,1866,2233,2,1,-1,2.476518206522994
2020,14,2020-12-05,regular,Auburn,Texas A&M,H,Y,20,31,-11,,6.0,consensus,-5.0,0.027151277288794518,1831,1793,0,0,0,5.436813077340848
2020,15,2020-12-13,regular,Auburn,Mississippi State,A,Y,24,10,14,,-5.5,consensus,8.5,0.9336739778518677,1804,1461,0,2,2,5.897602100436659
2020,1,2021-01-01,postseason,Auburn,Northwestern,N,N,19,35,-16,,4.0,consensus,-12.0,0.01734083890914917,1805,1651,1,0,-1,3.25452509691942
2020,4,2020-09-26,regular,Florida,Ole Miss,A,Y,51,35,16,,-14.0,consensus,2.0,0.7907122820615768,1778,1558,1,1,0,5.222104712673245
2020,5,2020-10-03,regular,Florida,South Carolina,H,Y,38,24,14,,-14.5,consensus,-0.5,0.9911518096923828,1794,1495,2,1,-1,4.096140277404698
2020,6,2020-10-10,regular,Florida,Texas A&M,A,Y,38,41,-3,,-6.0,consensus,-9.0,0.09968173503875732,1798,1603,1,1,0,10.755417562693252
2020,9,2020-10-31,regular,Florida,Missouri,H,Y,41,17,24,,-13.5,consensus,10.5,0.9830843210220337,1794,1595,2,2,0,3.3841226751652718
2020,10,2020-11-07,regular,Florida,Georgia,N,Y,44,28,16,,3.0,consensus,19.0,0.9834168925881386,1832,1896,1,3,2,4.719357068908784
2020,11,2020-11-15,regular,Florida,Arkansas,H,Y,63,35,28,,-17.0,consensus,11.0,0.8539825081825256,1869,1407,1,1,0,3.3018995781655653
2020,12,2020-11-21,regular,Florida,Vanderbilt,A,Y,38,17,21,,-31.5,consensus,-10.5,0.9942771885544062,1891,1166,1,1,0,3.989520184198232
2020,13,2020-11-28,regular,Florida,Kentucky,H,Y,34,10,24,,-24.0,consensus,0.0,0.9485706686973572,1874,1564,2,3,1,3.840046857157656
2020,14,2020-12-05,regular,Florida,Tennessee,A,Y,31,19,12,,-18.0,consensus,-6.0,0.8387686908245087,1901,1469,0,0,0,4.500756919790936
2020,15,2020-12-13,regular,Florida,LSU,H,Y,34,37,-3,,-23.0,consensus,-26.0,0.44984468817710876,1891,1743,3,0,-3,8.450569285997084
2020,16,2020-12-20,regular,Florida,Alabama,N,Y,46,52,-6,,16.0,consensus,10.0,0.2773827314376831,1877,2351,2,1,-1,5.728345194250682
2020,1,2020-12-31,postseason,Florida,Oklahoma,N,N,20,55,-35,,-8.5,consensus,-43.5,0.0627903938293457,1899,1963,3,2,-1,2.7493824869190213
2020,4,2020-09-26,regular,Georgia,Arkansas,A,Y,37,10,27,,-28.0,consensus,-1.0,0.9866614574566483,1832,1307,2,3,1,5.23875134059569
2020,5,2020-10-03,regular,Georgia,Auburn,H,Y,27,6,21,,-7.5,consensus,13.5,0.9932306408882141,1847,1804,0,1,1,2.119003148253606
2020,6,2020-10-10,regular,Georgia,Tennessee,H,Y,44,21,23,,-12.0,consensus,11.0,0.9835008978843689,1892,1608,2,3,1,5.779461810665923
2020,7,2020-10-18,regular,Georgia,Alabama,A,Y,24,41,-17,,6.0,consensus,-11.0,0.023852527141571045,1919,2000,3,1,-2,6.076984784978124
2020,9,2020-10-31,regular,Georgia,Kentucky,A,Y,14,3,11,,-17.0,consensus,-6.0,0.9410470798611641,1889,1704,2,1,-1,2.987001814819302
2020,10,2020-11-07,regular,Georgia,Florida,N,Y,28,44,-16,,-3.0,consensus,-19.0,0.01658310741186142,1896,1832,3,1,-2,4.719357068908784
2020,12,2020-11-22,regular,Georgia,Mississippi State,H,Y,31,24,7,,-26.5,consensus,-19.5,0.8733623027801514,1859,1452,0,0,0,5.67521906178485
2020,13,2020-11-29,regular,Georgia,South Carolina,A,Y,45,16,29,,-22.0,consensus,7.0,1,1848,1402,1,1,0,3.0025201312690477
2020,15,2020-12-12,regular,Georgia,Missouri,A,Y,49,14,35,,-14.0,consensus,21.0,0.9803958423435688,1876,1627,0,1,1,3.898507075796177
2020,1,2021-01-01,postseason,Georgia,Cincinnati,N,N,24,21,3,,-9.5,consensus,-6.5,0.4106249213218689,1945,1931,2,1,-1,6.427409705135288
2020,4,2020-09-26,regular,Kentucky,Auburn,A,Y,13,29,-16,,6.5,consensus,-9.5,0.006499767303466797,1649,1782,3,0,-3,4.897774974464461
2020,5,2020-10-03,regular,Kentucky,Ole Miss,H,Y,41,42,-1,,-7.0,consensus,-8.0,0.5997010469436646,1627,1542,1,0,-1,7.731476331046417
2020,6,2020-10-10,regular,Kentucky,Mississippi State,H,Y,24,2,22,,-3.5,consensus,18.5,0.9559038877487183,1622,1581,1,6,5,3.255681308528576
2020,7,2020-10-17,regular,Kentucky,Tennessee,A,Y,34,7,27,,6.5,consensus,33.5,1,1671,1581,1,4,3,3.587428874580066
2020,8,2020-10-24,regular,Kentucky,Missouri,A,Y,10,20,-10,,-3.0,consensus,-13.0,0.006552219390869141,1734,1565,1,0,-1,2.8303943703240364
2020,9,2020-10-31,regular,Kentucky,Georgia,H,Y,3,14,-11,,17.0,consensus,6.0,0.05895292013883591,1704,1889,1,2,1,2.987001814819302
2020,11,2020-11-14,regular,Kentucky,Vanderbilt,H,Y,38,35,3,,-17.5,consensus,-14.5,0.9582530248873843,1697,1161,0,0,0,2.586636102
2020,12,2020-11-21,regular,Kentucky,Alabama,A,Y,3,63,-60,,31.5,consensus,-28.5,0.015650808811187744,1692,2105,1,1,0,2.2528163289808636
2020,13,2020-11-28,regular,Kentucky,Florida,A,Y,10,34,-24,,24.0,consensus,0.0,0.05142933130264282,1564,1874,3,2,-1,3.840046857157656
2020,14,2020-12-06,regular,Kentucky,South Carolina,H,Y,41,18,23,,-11.5,consensus,11.5,0.9793529510498047,1537,1374,0,4,4,2.346153868307756
2020,1,2021-01-02,postseason,Kentucky,NC State,N,N,23,21,2,,-3.0,consensus,-1.0,0.9451712965965271,1576,1439,0,3,3,4.547030176190497
2020,4,2020-09-26,regular,LSU,Mississippi State,H,Y,34,44,-10,,-14.5,consensus,-24.5,0.14350320398807526,2061,1550,2,4,2,8.442302753406883
2020,5,2020-10-03,regular,LSU,Vanderbilt,A,Y,41,7,34,,-21.0,consensus,13.0,1,1988,1298,1,2,1,2.920918695302112
2020,6,2020-10-10,regular,LSU,Missouri,H,Y,41,45,-4,,14.0,consensus,10.0,0.46891191601753235,2004,1522,0,3,3,8.24772899793165
2020,8,2020-10-24,regular,LSU,South Carolina,H,Y,52,24,28,,-4.5,consensus,23.5,0.9967809319496155,1961,1587,1,1,0,3.066857245639432
2020,9,2020-10-31,regular,LSU,Auburn,A,Y,11,48,-37,,1.0,consensus,-36.0,0.007031381130218506,1992,1726,3,1,-2,2.8742798860998646
2020,12,2020-11-21,regular,LSU,Arkansas,A,Y,27,24,3,,-1.5,consensus,1.5,0.729231059551239,1846,1385,1,1,0,6.38285454590873
2020,13,2020-11-29,regular,LSU,Texas A&M,A,Y,7,20,-13,,15.5,consensus,2.5,0.1304585337638855,1825,1762,3,0,-3,3.6376321994900134
2020,14,2020-12-06,regular,LSU,Alabama,H,Y,17,55,-38,,28.5,consensus,-9.5,0.027584075927734375,1794,2268,1,1,0,3.455558467145847
2020,15,2020-12-13,regular,LSU,Florida,A,Y,37,34,3,,23.0,consensus,26.0,0.5501553118228912,1743,1891,0,3,3,8.450569285997084
2020,16,2020-12-19,regular,LSU,Ole Miss,H,Y,53,48,5,,1.0,consensus,6.0,0.94765704870224,1757,1598,1,6,5,7.501055542328246
2020,4,2020-09-26,regular,Mississippi State,LSU,A,Y,44,34,10,,14.5,consensus,24.5,0.8564967960119247,1550,2061,4,2,-2,8.442302753406883
2020,5,2020-10-03,regular,Mississippi State,Arkansas,H,Y,14,21,-7,,-16.5,consensus,-23.5,0.061433322727680206,1623,1292,4,2,-2,5.5943703918799725
2020,6,2020-10-10,regular,Mississippi State,Kentucky,A,Y,2,24,-22,,3.5,consensus,-18.5,0.04409611225128174,1581,1622,6,1,-5,3.255681308528576
2020,7,2020-10-17,regular,Mississippi State,Texas A&M,H,Y,14,28,-14,,4.5,consensus,-9.5,0,1532,1607,2,1,-1,3.4596437745853343
2020,9,2020-10-31,regular,Mississippi State,Alabama,A,Y,0,41,-41,,29.5,consensus,-11.5,0.005492687225341797,1507,2056,3,1,-2,2.2243290520975596
2020,10,2020-11-07,regular,Mississippi State,Vanderbilt,H,Y,24,17,7,,-18.0,consensus,-11.0,0.8831465840339661,1458,1155,0,5,5,3.7909676651427247
2020,12,2020-11-22,regular,Mississippi State,Georgia,A,Y,24,31,-7,,26.5,consensus,19.5,0.12663769721984863,1452,1859,0,0,0,5.67521906178485
2020,13,2020-11-28,regular,Mississippi State,Ole Miss,A,Y,24,31,-7,,9.5,consensus,2.5,0.21386182308197021,1463,1596,1,0,-1,5.111871006947344
2020,15,2020-12-13,regular,Mississippi State,Auburn,H,Y,10,24,-14,,5.5,consensus,-8.5,0.06632602214813232,1461,1804,2,0,-2,5.897602100436659
2020,16,2020-12-19,regular,Mississippi State,Missouri,H,Y,51,32,19,,1.5,consensus,20.5,0.9852833151817322,1460,1558,3,4,1,2.7959467344817046
2020,1,2020-12-31,postseason,Mississippi State,Tulsa,N,N,28,26,2,,-1.5,consensus,0.5,0.718666672706604,1514,1543,0,2,2,6.263053851960484
2020,4,2020-09-26,regular,Missouri,Alabama,H,Y,19,38,-19,,28.5,consensus,9.5,0.013650082983076572,1592,1962,2,1,-1,2.697207550601074
2020,5,2020-10-03,regular,Missouri,Tennessee,A,Y,12,35,-23,,10.0,consensus,-13.0,0.017365217208862305,1582,1548,1,0,-1,2.466782580849676
2020,6,2020-10-10,regular,Missouri,LSU,A,Y,45,41,4,,-14.0,consensus,-10.0,0.5310880839824677,1522,2004,3,0,-3,8.24772899793165
2020,8,2020-10-24,regular,Missouri,Kentucky,H,Y,20,10,10,,3.0,consensus,13.0,0.9934477806091309,1565,1734,0,1,1,2.8303943703240364
2020,9,2020-10-31,regular,Missouri,Florida,A,Y,17,41,-24,,13.5,consensus,-10.5,0.01691567897796631,1595,1794,2,2,0,3.3841226751652718
2020,12,2020-11-22,regular,Missouri,South Carolina,A,Y,17,10,7,,-4.5,consensus,2.5,0.8991482183337212,1557,1404,1,1,0,3.632148263102076
2020,13,2020-11-28,regular,Missouri,Vanderbilt,H,Y,41,0,41,,-14.0,consensus,27.0,0.9950026273727417,1559,1183,0,1,1,2.3244378975015736
2020,14,2020-12-05,regular,Missouri,Arkansas,H,Y,50,48,2,,-2.5,consensus,-0.5,0.3644870204800323,1629,1406,0,0,0,9.1381994261
2020,15,2020-12-12,regular,Missouri,Georgia,H,Y,14,49,-35,,14.0,consensus,-21.0,0.019604157656431198,1627,1876,1,0,-1,3.898507075796177
2020,16,2020-12-19,regular,Missouri,Mississippi State,A,Y,32,51,-19,,-1.5,consensus,-20.5,0.014716684818267822,1558,1460,4,3,-1,2.7959467344817046
2020,2,2020-09-12,regular,Oklahoma,Missouri State,H,N,48,0,48,,-50.5,consensus,-2.5,0.9847715497016907,,,1,1,0,1.5217439171807021
2020,4,2020-09-26,regular,Oklahoma,Kansas State,H,Y,35,38,-3,,-27.5,consensus,-30.5,0.10642495006322861,1771,1611,4,0,-4,4.859333490384697
2020,5,2020-10-03,regular,Oklahoma,Iowa State,A,Y,30,37,-7,,-7.5,consensus,-14.5,0.15316742658615112,1756,1623,1,1,0,7.018286433865896
2020,6,2020-10-10,regular,Oklahoma,Texas,N,Y,53,45,8,,-3.0,consensus,5.0,0.6143972873687744,1739,1807,3,3,0,10.546491255096416
2020,8,2020-10-24,regular,Oklahoma,TCU,A,Y,33,14,19,,-6.5,consensus,12.5,0.9983541682297746,1763,1588,0,0,0,2.917534939
2020,9,2020-11-01,regular,Oklahoma,Texas Tech,A,Y,62,28,34,,-16.0,consensus,18.0,1,1792,1510,0,3,3,3.1050748829668766
2020,10,2020-11-07,regular,Oklahoma,Kansas,H,Y,62,9,53,,-38.5,consensus,14.5,0.9893914461135864,1854,1082,2,2,0,2.2996743908247925
2020,12,2020-11-22,regular,Oklahoma,Oklahoma State,H,Y,41,13,28,,-6.5,consensus,21.5,0.9919102787971497,1912,1683,0,1,1,2.3868283684741973
2020,14,2020-12-06,regular,Oklahoma,Baylor,H,Y,27,14,13,,-23.5,consensus,-10.5,0.9721472263336182,1959,1661,1,2,1,4.001606784010515
2020,16,2020-12-19,regular,Oklahoma,Iowa State,N,Y,27,21,6,,-5.5,consensus,0.5,0.7649635523557663,1961,1899,0,3,3,4.5553366271538716
2020,1,2020-12-31,postseason,Oklahoma,Florida,N,N,55,20,35,,8.5,consensus,43.5,0.9372096061706543,1963,1899,2,3,1,2.7493824869190213
2020,4,2020-09-26,regular,Ole Miss,Florida,H,Y,35,51,-16,,14.0,consensus,-2.0,0.20928771793842316,1558,1778,1,1,0,5.222104712673245
2020,5,2020-10-03,regular,Ole Miss,Kentucky,A,Y,42,41,1,,7.0,consensus,8.0,0.40029895305633545,1542,1627,0,1,1,7.731476331046417
2020,6,2020-10-10,regular,Ole Miss,Alabama,H,Y,48,63,-15,,24.0,consensus,9.0,0.11017776855378636,1547,2007,0,1,1,4.6125822772
2020,7,2020-10-17,regular,Ole Miss,Arkansas,A,Y,21,33,-12,,1.0,consensus,-11.0,0.11048275232315063,1554,1339,7,2,-5,3.7077082895569684
2020,8,2020-10-24,regular,Ole Miss,Auburn,H,Y,28,35,-7,,3.5,consensus,-3.5,0.3355037271976471,1513,1729,2,0,-2,7.538889199933285
2020,9,2020-10-31,regular,Ole Miss,Vanderbilt,A,Y,54,21,33,,-17.0,consensus,16.0,0.9700807146728039,1516,1211,1,3,2,2.845687692432026
2020,11,2020-11-15,regular,Ole Miss,South Carolina,H,Y,59,42,17,,-12.5,consensus,4.5,0.9800337553024292,1572,1428,1,1,0,7.128109806494275
2020,13,2020-11-28,regular,Ole Miss,Mississippi State,H,Y,31,24,7,,-9.5,consensus,-2.5,0.7861381769180298,1596,1463,0,1,1,5.111871006947344
2020,16,2020-12-19,regular,Ole Miss,LSU,A,Y,48,53,-5,,-1.0,consensus,-6.0,0.05234295129776001,1598,1757,6,1,-5,7.501055542328246
2020,1,2021-01-02,postseason,Ole Miss,Indiana,N,N,26,20,6,,7.5,consensus,13.5,0.9823154527693987,1599,1740,0,2,2,6.042104459832082
2020,4,2020-09-26,regular,South Carolina,Tennessee,H,Y,27,31,-4,,4.0,consensus,0.0,0.06917848438024521,1498,1545,2,0,-2,6.136753233945127
2020,5,2020-10-03,regular,South Carolina,Florida,A,Y,24,38,-14,,14.5,consensus,0.5,0.008848190307617188,1495,1794,1,2,1,4.096140277404698
2020,6,2020-10-10,regular,South Carolina,Vanderbilt,A,Y,41,7,34,,-14.0,consensus,20.0,1,1491,1282,1,2,1,3.5606222663431373
2020,7,2020-10-17,regular,South Carolina,Auburn,H,Y,30,22,8,,2.5,consensus,10.5,1,1562,1754,1,3,2,4.992835789612071
2020,8,2020-10-24,regular,South Carolina,LSU,A,Y,24,52,-28,,4.5,consensus,-23.5,0.0032190680503845215,1587,1961,1,1,0,3.066857245639432
2020,10,2020-11-08,regular,South Carolina,Texas A&M,H,Y,3,48,-45,,9.5,consensus,-35.5,0.005403379909694195,1556,1634,2,0,-2,2.3254971103832296
2020,11,2020-11-15,regular,South Carolina,Ole Miss,A,Y,42,59,-17,,12.5,consensus,-4.5,0.0199662446975708,1428,1572,1,1,0,7.128109806494275
2020,12,2020-11-22,regular,South Carolina,Missouri,H,Y,10,17,-7,,4.5,consensus,-2.5,0.10085178166627884,1404,1557,1,1,0,3.632148263102076
2020,13,2020-11-29,regular,South Carolina,Georgia,H,Y,16,45,-29,,22.0,consensus,-7.0,0,1402,1848,1,1,0,3.0025201312690477
2020,14,2020-12-06,regular,South Carolina,Kentucky,A,Y,18,41,-23,,11.5,consensus,-11.5,0.020647048950195312,1374,1537,4,0,-4,2.346153868307756
2020,4,2020-09-26,regular,Tennessee,South Carolina,A,Y,31,27,4,,-4.0,consensus,0.0,0.9308215156197548,1545,1498,0,2,2,6.136753233945127
2020,5,2020-10-03,regular,Tennessee,Missouri,H,Y,35,12,23,,-10.0,consensus,13.0,0.9826347827911377,1548,1582,0,1,1,2.466782580849676
2020,6,2020-10-10,regular,Tennessee,Georgia,A,Y,21,44,-23,,12.0,consensus,-11.0,0.016499102115631104,1608,1892,3,2,-1,5.779461810665923
2020,7,2020-10-17,regular,Tennessee,Kentucky,H,Y,7,34,-27,,-6.5,consensus,-33.5,0,1581,1671,4,1,-3,3.587428874580066
2020,8,2020-10-24,regular,Tennessee,Alabama,H,Y,17,48,-31,,21.5,consensus,-9.5,0.03229587897658348,1518,2030,1,1,0,2.8898165371898785
2020,10,2020-11-08,regular,Tennessee,Arkansas,A,Y,13,24,-11,,-2.0,consensus,-13.0,0.003256678581237793,1492,1378,2,0,-2,4.48059249769088
2020,12,2020-11-22,regular,Tennessee,Auburn,A,Y,17,30,-13,,10.5,consensus,-2.5,0.3678489327430725,1463,1872,1,1,0,5.221047529776325
2020,14,2020-12-05,regular,Tennessee,Florida,H,Y,19,31,-12,,18.0,consensus,6.0,0.16123130917549133,1469,1901,0,0,0,4.500756919790936
2020,15,2020-12-12,regular,Tennessee,Vanderbilt,A,Y,42,17,25,,-14.5,consensus,10.5,0.9921608371660113,1479,1113,2,1,-1,3.6827422089530035
2020,16,2020-12-19,regular,Tennessee,Texas A&M,H,Y,13,34,-21,,13.5,consensus,-7.5,0.014044863171875477,1504,1820,2,1,-1,3.8109389972549184
2020,2,2020-09-13,regular,Texas,UTEP,H,N,59,3,56,,-45.0,consensus,11.0,0.9864205121994019,1744,1145,0,1,1,1.4815823813906852
2020,4,2020-09-26,regular,Texas,Texas Tech,A,Y,63,56,7,,-17.5,consensus,-10.5,0.7734495252370834,1833,1525,2,3,1,9.716478903477524
2020,5,2020-10-03,regular,Texas,TCU,H,Y,31,33,-2,,-10.5,consensus,-12.5,0.06990866363048553,1824,1581,2,1,-1,8.206007957214828
2020,6,2020-10-10,regular,Texas,Oklahoma,N,Y,45,53,-8,,3.0,consensus,-5.0,0.3856027126312256,1807,1739,3,3,0,10.546491255096416
2020,8,2020-10-24,regular,Texas,Baylor,H,Y,27,16,11,,-11.0,consensus,0.0,0.9490662217140198,1783,1734,1,0,-1,3.8756078628848525
2020,9,2020-10-31,regular,Texas,Oklahoma State,A,Y,41,34,7,,3.5,consensus,10.5,0.48801255226135254,1799,1689,0,4,4,10.146317450860556
2020,10,2020-11-07,regular,Texas,West Virginia,H,Y,17,13,4,,-6.5,consensus,-2.5,0.7982999682426453,1804,1608,0,0,0,5.074787859901646
2020,13,2020-11-27,regular,Texas,Iowa State,H,Y,20,23,-3,,1.5,consensus,-1.5,0.17008979618549347,1801,1815,1,0,-1,5.344378703903734
2020,14,2020-12-05,regular,Texas,Kansas State,A,Y,69,31,38,,-7.5,consensus,30.5,0.9757344238460064,1797,1491,0,3,3,3.7470689713742544
2020,1,2020-12-30,postseason,Texas,Colorado,N,N,55,23,32,,-8.5,consensus,23.5,0.9569221585988998,1868,1451,0,3,3,4.006580234180146
2020,4,2020-09-26,regular,Texas A&M,Vanderbilt,H,Y,17,12,5,,-31.5,consensus,-26.5,0.5730537176132202,1647,1289,3,2,-1,4.843650602128619
2020,5,2020-10-03,regular,Texas A&M,Alabama,A,Y,24,52,-28,,18.0,consensus,-10.0,0.06683498620986938,1638,1972,2,1,-1,3.9213482588189006
2020,6,2020-10-10,regular,Texas A&M,Florida,H,Y,41,38,3,,6.0,consensus,9.0,0.9003182649612427,1603,1798,1,1,0,10.755417562693252
2020,7,2020-10-17,regular,Texas A&M,Mississippi State,A,Y,28,14,14,,-4.5,consensus,9.5,1,1607,1532,1,2,1,3.4596437745853343
2020,9,2020-10-31,regular,Texas A&M,Arkansas,H,Y,42,31,11,,-14.5,consensus,-3.5,0.9800359606742859,1632,1380,0,0,0,3.732377945494747
2020,10,2020-11-08,regular,Texas A&M,South Carolina,A,Y,48,3,45,,-9.5,consensus,35.5,0.9945966200903058,1634,1556,0,2,2,2.3254971103832296
2020,13,2020-11-29,regular,Texas A&M,LSU,H,Y,20,7,13,,-15.5,consensus,-2.5,0.8695414662361145,1762,1825,0,3,3,3.6376321994900134
2020,14,2020-12-05,regular,Texas A&M,Auburn,A,Y,31,20,11,,-6.0,consensus,5.0,0.9728487227112055,1793,1831,0,0,0,5.436813077340848
2020,16,2020-12-19,regular,Texas A&M,Tennessee,A,Y,34,13,21,,-13.5,consensus,7.5,0.9859551368281245,1820,1504,1,2,1,3.8109389972549184
2020,1,2021-01-03,postseason,Texas A&M,North Carolina,N,N,41,27,14,,-10.0,consensus,4.0,1,1840,1864,0,1,1,7.105904581241205
2020,4,2020-09-26,regular,Vanderbilt,Texas A&M,A,Y,12,17,-5,,31.5,consensus,26.5,0.4269462823867798,1289,1647,2,3,1,4.843650602128619
2020,5,2020-10-03,regular,Vanderbilt,LSU,H,Y,7,41,-34,,21.0,consensus,-13.0,0,1298,1988,2,1,-1,2.920918695302112
2020,6,2020-10-10,regular,Vanderbilt,South Carolina,H,Y,7,41,-34,,14.0,consensus,-20.0,0,1282,1491,2,1,-1,3.5606222663431373
2020,9,2020-10-31,regular,Vanderbilt,Ole Miss,H,Y,21,54,-33,,17.0,consensus,-16.0,0.02991928532719612,1211,1516,3,1,-2,2.845687692432026
2020,10,2020-11-07,regular,Vanderbilt,Mississippi State,A,Y,17,24,-7,,18.0,consensus,11.0,0.11685341596603394,1155,1458,5,0,-5,3.7909676651427247
2020,11,2020-11-14,regular,Vanderbilt,Kentucky,A,Y,35,38,-3,,17.5,consensus,14.5,0.041746975112615714,1161,1697,0,0,0,2.586636102
2020,12,2020-11-21,regular,Vanderbilt,Florida,H,Y,17,38,-21,,31.5,consensus,10.5,0.005722811445593834,1166,1891,1,1,0,3.989520184198232
2020,13,2020-11-28,regular,Vanderbilt,Missouri,A,Y,0,41,-41,,14.0,consensus,-27.0,0.004997372627258301,1183,1559,1,0,-1,2.3244378975015736
2020,15,2020-12-12,regular,Vanderbilt,Tennessee,H,Y,17,42,-25,,14.5,consensus,-10.5,0.007839162833988667,1113,1479,1,2,1,3.6827422089530035
2021,1,2021-09-04,regular,Alabama,Miami,N,N,44,13,31,,-19.5,consensus,11.5,0.969374556094408,2099,1607,1,3,2,2.396895593342712
2021,2,2021-09-11,regular,Alabama,Mercer,H,N,48,14,34,-54.0,-54.0,Bovada,-20.0,0.9575651288032532,,,0,2,2,2.622960419944605
2021,3,2021-09-18,regular,Alabama,Florida,A,Y,31,29,2,,-14.0,consensus,-12.0,0.49652862548828125,2121,1727,0,1,1,6.102875966958864
2021,4,2021-09-25,regular,Alabama,Southern Miss,H,N,63,14,49,,-45.0,consensus,4.0,0.9960084557533264,2104,1278,1,1,0,1.80722172163553
2021,5,2021-10-02,regular,Alabama,Ole Miss,H,Y,42,21,21,,-15.0,consensus,6.0,0.9938032031059265,2145,1739,1,1,0,2.0907173927255798
2021,6,2021-10-10,regular,Alabama,Texas A&M,A,Y,38,41,-3,,-18.5,consensus,-21.5,0.07150107622146606,2155,1755,2,1,-1,6.625810617467178
2021,7,2021-10-16,regular,Alabama,Mississippi State,A,Y,49,9,40,,-17.5,consensus,22.5,0.9843373373150826,2148,1568,0,3,3,3.221373374683194
2021,8,2021-10-23,regular,Alabama,Tennessee,H,Y,52,24,28,,-25.5,consensus,2.5,0.9860982298851013,2192,1636,1,1,0,4.951091949416542
2021,10,2021-11-06,regular,Alabama,LSU,H,Y,20,14,6,,-29.0,consensus,-23.0,0.9829197525978088,2205,1624,1,2,1,5.830416676426499
2021,11,2021-11-13,regular,Alabama,New Mexico State,H,N,59,3,56,,-50.5,consensus,5.5,0.9917270541191101,2187,1081,1,1,0,2.2620826111879104
2021,12,2021-11-20,regular,Alabama,Arkansas,H,Y,42,35,7,,-20.5,consensus,-13.5,0.8818047046661377,2216,1601,1,1,0,5.094136219940495
2021,13,2021-11-27,regular,Alabama,Auburn,A,Y,24,22,2,,-20.5,consensus,-18.5,0.2722248435020447,2195,1680,1,1,0,8.647222018154936
2021,14,2021-12-04,regular,Alabama,Georgia,N,Y,41,24,17,,6.5,consensus,23.5,0.9886289238929749,2173,2190,0,2,2,4.56320839487174
2021,1,2021-12-31,postseason,Alabama,Cincinnati,N,N,27,6,21,,-13.0,consensus,8.0,1,2220,1985,1,0,-1,2.2551212097819358
2021,1,2022-01-11,postseason,Alabama,Georgia,N,N,18,33,-15,,3.0,consensus,-12.0,0.029132340103387833,2253,2186,2,1,-1,5.655951608758566
2021,1,2021-09-04,regular,Arkansas,Rice,H,N,38,17,21,,-19.5,consensus,1.5,0.9906022601032428,1417,1447,1,3,2,2.100219017
2021,2,2021-09-11,regular,Arkansas,Texas,H,N,40,21,19,,6.0,consensus,25.0,0.9894846081733704,1470,1801,1,1,0,2.628875431193062
2021,3,2021-09-18,regular,Arkansas,Georgia Southern,H,N,45,10,35,,-23.0,consensus,12.0,0.9671581387519836,1550,1470,0,0,0,2.232235261037365
2021,4,2021-09-25,regular,Arkansas,Texas A&M,N,Y,20,10,10,,4.5,consensus,14.5,0.959143340587616,1638,1817,0,1,1,2.919541597512384
2021,5,2021-10-02,regular,Arkansas,Georgia,A,Y,0,37,-37,,16.5,consensus,-20.5,0.0032018211539064367,1677,2033,0,0,0,1.4536321771
2021,6,2021-10-09,regular,Arkansas,Ole Miss,A,Y,51,52,-1,,5.0,consensus,4.0,0.2677045464515686,1617,1729,2,0,-2,9.38448686455236
2021,7,2021-10-16,regular,Arkansas,Auburn,H,Y,23,38,-15,,-4.5,consensus,-19.5,0.03941720351576805,1620,1702,1,1,0,5.839296354788078
2021,8,2021-10-23,regular,Arkansas,Arkansas-Pine Bluff,H,N,45,3,42,,-50.5,consensus,-8.5,0.9905608296394348,1487,,2,2,0,2.489755291797159
2021,10,2021-11-06,regular,Arkansas,Mississippi State,H,Y,31,28,3,,-4.0,consensus,-1.0,0.8752366900444031,1593,1619,0,1,1,6.651133609738058
2021,11,2021-11-14,regular,Arkansas,LSU,A,Y,16,13,3,,-3.0,consensus,0.0,0.6190516650676727,1594,1642,0,3,3,5.319897263245899
2021,12,2021-11-20,regular,Arkansas,Alabama,A,Y,35,42,-7,,20.5,consensus,13.5,0.1181952953338623,1601,2216,1,1,0,5.094136219940495
2021,13,2021-11-26,regular,Arkansas,Missouri,H,Y,34,17,17,,-14.5,consensus,2.5,0.9946281313896179,1622,1366,1,1,0,4.689839772034318
2021,1,2022-01-01,postseason,Arkansas,Penn State,N,N,24,10,14,,-3.5,consensus,10.5,1,1636,1808,2,2,0,4.692214862320558
2021,1,2021-09-04,regular,Auburn,Akron,H,N,60,10,50,,-37.0,consensus,13.0,0.9946691989898682,1665,1103,0,0,0,2.2321424313819764
2021,2,2021-09-11,regular,Auburn,Alabama State,H,N,62,0,62,,-49.5,consensus,12.5,0.9839659929275513,,,1,2,1,2.27978355171505
2021,3,2021-09-18,regular,Auburn,Penn State,A,N,20,28,-8,,4.0,consensus,-4.0,0.27198147773742676,1740,1753,1,1,0,5.11116768724217
2021,4,2021-09-25,regular,Auburn,Georgia State,H,N,34,24,10,,-27.5,consensus,-17.5,0.7453088760375977,1729,1288,1,1,0,6.926616906176043
2021,5,2021-10-03,regular,Auburn,LSU,A,Y,24,19,5,,3.0,consensus,8.0,0.8416578471660614,1717,1689,0,1,1,5.099539100226461
2021,6,2021-10-09,regular,Auburn,Georgia,H,Y,10,34,-24,,14.5,consensus,-9.5,0.0001408485695719719,1724,2093,1,0,-1,3.3961879033624545
2021,7,2021-10-16,regular,Auburn,Arkansas,A,Y,38,23,15,,4.5,consensus,19.5,0.960582796484232,1702,1620,1,1,0,5.839296354788078
2021,9,2021-10-30,regular,Auburn,Ole Miss,H,Y,31,20,11,,-3.0,consensus,8.0,0.9924926161766052,1729,1750,2,1,-1,3.2216504597970808
2021,10,2021-11-06,regular,Auburn,Texas A&M,A,Y,3,20,-17,,4.5,consensus,-12.5,0.11850464344024658,1750,1809,2,1,-1,3.8012772582251753
2021,11,2021-11-13,regular,Auburn,Mississippi State,H,Y,34,43,-9,,-5.5,consensus,-14.5,0.11253149062395096,1718,1618,1,0,-1,5.631625340338542
2021,12,2021-11-21,regular,Auburn,South Carolina,A,Y,17,21,-4,,-7.0,consensus,-11.0,0.07256311178207397,1691,1430,1,1,0,4.917832033044904
2021,13,2021-11-27,regular,Auburn,Alabama,H,Y,22,24,-2,,20.5,consensus,18.5,0.7277751564979553,1680,2195,1,1,0,8.647222018154936
2021,1,2021-12-28,postseason,Auburn,Houston,N,N,13,17,-4,,1.5,consensus,-2.5,0.4131406545639038,1702,1677,0,2,2,5.6308011489714325
2021,1,2021-09-04,regular,Florida,Florida Atlantic,H,N,35,14,21,,-23.5,consensus,-2.5,0.9720608592033386,1700,1505,2,2,0,2.6972401662320946
2021,2,2021-09-11,regular,Florida,South Florida,A,N,42,20,22,,-28.5,consensus,-6.5,0.9405779354274273,1730,1146,2,1,-1,3.3324836784110783
2021,3,2021-09-18,regular,Florida,Alabama,H,Y,29,31,-2,,14.0,consensus,12.0,0.5034713745117188,1727,2121,1,0,-1,6.102875966958864
2021,4,2021-09-25,regular,Florida,Tennessee,H,Y,38,14,24,,-19.0,consensus,5.0,1,1744,1517,1,0,-1,4.499267607749175
2021,5,2021-10-02,regular,Florida,Kentucky,A,Y,13,20,-7,,-7.5,consensus,-14.5,0.5979408621788025,1779,1593,1,1,0,4.759949970862686
2021,6,2021-10-09,regular,Florida,Vanderbilt,H,Y,42,0,42,,-39.0,consensus,3.0,0.9889724850654602,1758,1126,2,2,0,2.336610577658037
2021,7,2021-10-16,regular,Florida,LSU,A,Y,42,49,-7,,-12.5,consensus,-19.5,0.004220485687255859,1801,1625,4,0,-4,6.264043771350922
2021,9,2021-10-30,regular,Florida,Georgia,N,Y,7,34,-27,,14.0,consensus,-13.0,0.02079680934548378,1781,2114,3,3,0,3.3181287975105316
2021,10,2021-11-06,regular,Florida,South Carolina,A,Y,17,40,-23,,-20.5,consensus,-43.5,0,1753,1321,2,0,-2,3.5025018020354612
2021,11,2021-11-13,regular,Florida,Samford,H,N,70,52,18,,-36.0,consensus,-18.0,0.9818193316459656,1775,1066,0,1,1,7.155585712983897
2021,12,2021-11-20,regular,Florida,Missouri,A,Y,23,24,-1,,-9.0,consensus,-10.0,0.7552486863526452,1642,1358,0,0,0,7.7351866518
2021,13,2021-11-27,regular,Florida,Florida State,H,N,24,21,3,,-4.0,consensus,-1.0,0.9394040107727051,1634,1501,3,3,0,5.2200172469338515
2021,1,2021-12-24,postseason,Florida,UCF,N,N,17,29,-12,,-7.0,consensus,-19.0,0,1633,1580,0,0,0,7.2166719839787685
2021,1,2021-09-04,regular,Georgia,Clemson,N,N,10,3,7,,2.5,consensus,9.5,0.8245929330587387,1800,1942,2,1,-1,4.485090584945466
2021,2,2021-09-11,regular,Georgia,UAB,H,N,56,7,49,,-22.5,consensus,26.5,0.999957263469696,1818,1521,1,3,2,1.7971079683311575
2021,3,2021-09-18,regular,Georgia,South Carolina,H,Y,40,13,27,,-31.5,consensus,-4.5,0.981583297252655,1925,1395,3,2,-1,2.6187482976688363
2021,4,2021-09-25,regular,Georgia,Vanderbilt,A,Y,62,0,62,,-36.0,consensus,26.0,0.9950969587080181,1938,1222,1,3,2,2.5633720992295324
2021,5,2021-10-02,regular,Georgia,Arkansas,H,Y,37,0,37,,-16.5,consensus,20.5,0.9967981788460936,2033,1677,0,0,0,1.4536321771
2021,6,2021-10-09,regular,Georgia,Auburn,A,Y,34,10,24,,-14.5,consensus,9.5,0.999859151430428,2093,1724,0,1,1,3.3961879033624545
2021,7,2021-10-16,regular,Georgia,Kentucky,H,Y,30,13,17,,-21.5,consensus,-4.5,0.9986784656131316,2115,1671,0,0,0,2.0607480725
2021,9,2021-10-30,regular,Georgia,Florida,N,Y,34,7,27,,-14.0,consensus,13.0,0.9792031906545162,2114,1781,3,3,0,3.3181287975105316
2021,10,2021-11-06,regular,Georgia,Missouri,H,Y,43,6,37,,-40.0,consensus,-3.0,0.9974786043167114,2142,1371,1,0,-1,3.0367589685872765
2021,11,2021-11-13,regular,Georgia,Tennessee,A,Y,41,17,24,,-19.5,consensus,4.5,0.9802548140287399,2157,1628,0,2,2,3.9231246965805364
2021,12,2021-11-20,regular,Georgia,Charleston Southern,H,N,56,7,49,,-52.5,consensus,-3.5,0.9935417771339417,2415,,3,1,-2,2.913674109303816
2021,13,2021-11-27,regular,Georgia,Georgia Tech,A,N,45,0,45,,-35.5,consensus,9.5,0.9962083993013948,2164,1296,0,0,0,1.8159141100053116
2021,14,2021-12-04,regular,Georgia,Alabama,N,Y,24,41,-17,,-6.5,consensus,-23.5,0.011371076107025146,2190,2173,2,0,-2,4.56320839487174
2021,1,2022-01-01,postseason,Georgia,Michigan,N,N,34,11,23,,-7.5,consensus,15.5,0.9804182574152946,2143,2065,0,3,3,3.1523347549410325
2021,1,2022-01-11,postseason,Georgia,Alabama,N,N,33,18,15,,-3.0,consensus,12.0,0.9708676598966122,2186,2253,1,2,1,5.655951608758566
2021,1,2021-09-04,regular,Kentucky,UL Monroe,H,N,45,10,35,,-31.0,consensus,4.0,0.9882475733757019,1550,1101,3,0,-3,3.0198836771605118
2021,2,2021-09-11,regular,Kentucky,Missouri,H,Y,35,28,7,,-5.5,consensus,1.5,0.8419424891471863,1593,1515,2,1,-1,4.319444483313481
2021,3,2021-09-18,regular,Kentucky,Chattanooga,H,N,28,23,5,,-33.5,consensus,-28.5,0.28788191080093384,,,3,1,-2,5.99135619653702
2021,4,2021-09-25,regular,Kentucky,South Carolina,A,Y,16,10,6,,-4.5,consensus,1.5,0.8138384222984314,1598,1382,3,0,-3,4.949914017775569
2021,5,2021-10-02,regular,Kentucky,Florida,H,Y,20,13,7,,7.5,consensus,14.5,0.4020591378211975,1593,1779,1,1,0,4.759949970862686
2021,6,2021-10-09,regular,Kentucky,LSU,H,Y,42,21,21,,-2.0,consensus,19.0,0.3756642938710676,1614,1682,0,1,1,3.1627484081
2021,7,2021-10-16,regular,Kentucky,Georgia,A,Y,13,30,-17,,21.5,consensus,4.5,0.0013215343868684393,1671,2115,0,0,0,2.0607480725
2021,9,2021-10-30,regular,Kentucky,Mississippi State,A,Y,17,31,-14,,1.0,consensus,-13.0,0.017230868339538574,1672,1583,4,0,-4,3.6110927794787058
2021,10,2021-11-06,regular,Kentucky,Tennessee,H,Y,42,45,-3,,1.0,consensus,-2.0,0.09850450605154037,1636,1623,1,1,0,9.512597635947527
2021,11,2021-11-14,regular,Kentucky,Vanderbilt,A,Y,34,17,17,,-21.5,consensus,-4.5,1,1631,1041,1,1,0,2.8291977662461982
2021,12,2021-11-20,regular,Kentucky,New Mexico State,H,N,56,16,40,,-35.5,consensus,4.5,0.9931016564369202,1617,1052,4,2,-2,3.4265327153634266
2021,13,2021-11-28,regular,Kentucky,Louisville,A,N,52,21,31,,3.0,consensus,34.0,1,1662,1688,0,1,1,3.13409814166477
2021,1,2022-01-01,postseason,Kentucky,Iowa,N,N,20,17,3,,-3.0,consensus,0.0,0.8202599287033081,1753,1690,1,3,2,4.89954631166161
2021,1,2021-09-05,regular,LSU,UCLA,A,N,27,38,-11,,-2.0,consensus,-13.0,0.05224043130874634,1671,1605,1,1,0,4.972530823711199
2021,2,2021-09-12,regular,LSU,McNeese,H,N,34,7,27,,-39.0,consensus,-12.0,0.9771784543991089,,,0,1,1,2.591354377863734
2021,3,2021-09-18,regular,LSU,Central Michigan,H,N,49,21,28,,-19.5,consensus,8.5,0.9678676724433899,1646,1426,1,2,1,2.1119531041865236
2021,4,2021-09-25,regular,LSU,Mississippi State,A,Y,28,25,3,,-1.5,consensus,1.5,0.7744837254285812,1694,1540,1,2,1,5.2759389582217775
2021,5,2021-10-03,regular,LSU,Auburn,H,Y,19,24,-5,,-3.0,consensus,-8.0,0.1583421528339386,1689,1717,1,0,-1,5.099539100226461
2021,6,2021-10-09,regular,LSU,Kentucky,A,Y,21,42,-21,,2.0,consensus,-19.0,0.6243357061289324,1682,1614,1,0,-1,3.1627484081
2021,7,2021-10-16,regular,LSU,Florida,H,Y,49,42,7,,12.5,consensus,19.5,0.9957795143127441,1625,1801,0,4,4,6.264043771350922
2021,8,2021-10-23,regular,LSU,Ole Miss,A,Y,17,31,-14,,9.0,consensus,-5.0,0.01231837272644043,1645,1729,3,1,-2,3.9313413706832354
2021,10,2021-11-06,regular,LSU,Alabama,A,Y,14,20,-6,,29.0,consensus,23.0,0.017080247402191162,1624,2205,2,1,-1,5.830416676426499
2021,11,2021-11-14,regular,LSU,Arkansas,H,Y,13,16,-3,,3.0,consensus,0.0,0.38094833493232727,1642,1594,3,0,-3,5.319897263245899
2021,12,2021-11-21,regular,LSU,UL Monroe,H,N,27,14,13,,-29.0,consensus,-16.0,0.7580521702766418,1635,1018,1,1,0,2.710105544654645
2021,13,2021-11-28,regular,LSU,Texas A&M,H,Y,27,24,3,,6.5,consensus,9.5,0.417819870610484,1615,1817,0,0,0,7.70562312
2021,1,2022-01-05,postseason,LSU,Kansas State,N,N,20,42,-22,,9.5,consensus,-12.5,0.015524983406066895,1619,1613,2,0,-2,1.993629577281192
2021,1,2021-09-04,regular,Mississippi State,Louisiana Tech,H,N,35,34,1,,-20.5,consensus,-19.5,0.7886652946472168,1513,1337,4,2,-2,6.472330865168355
2021,2,2021-09-11,regular,Mississippi State,NC State,H,N,24,10,14,,1.5,consensus,15.5,0.9708942770957947,1508,1565,0,3,3,3.477714748607289
2021,3,2021-09-18,regular,Mississippi State,Memphis,A,N,29,31,-2,,-3.5,consensus,-5.5,0.6000525951385498,1541,1551,0,1,1,7.511869001193241
2021,4,2021-09-25,regular,Mississippi State,LSU,H,Y,25,28,-3,,1.5,consensus,-1.5,0.22551627457141876,1540,1694,2,1,-1,5.2759389582217775
2021,5,2021-10-02,regular,Mississippi State,Texas A&M,A,Y,26,22,4,,7.0,consensus,11.0,0.8834317922592163,1545,1778,0,1,1,5.831789528075907
2021,7,2021-10-16,regular,Mississippi State,Alabama,H,Y,9,49,-40,,17.5,consensus,-22.5,0.01566266268491745,1568,2148,3,0,-3,3.221373374683194
2021,8,2021-10-23,regular,Mississippi State,Vanderbilt,A,Y,45,6,39,,-20.5,consensus,18.5,0.9246597737073898,1524,1091,2,1,-1,2.8584978894706747
2021,9,2021-10-30,regular,Mississippi State,Kentucky,H,Y,31,17,14,,-1.0,consensus,13.0,0.9827691316604614,1583,1672,0,4,4,3.6110927794787058
2021,10,2021-11-06,regular,Mississippi State,Arkansas,A,Y,28,31,-3,,4.0,consensus,1.0,0.12476330995559692,1619,1593,1,0,-1,6.651133609738058
2021,11,2021-11-13,regular,Mississippi State,Auburn,A,Y,43,34,9,,5.5,consensus,14.5,0.887468509376049,1618,1718,0,1,1,5.631625340338542
2021,12,2021-11-20,regular,Mississippi State,Tennessee State,H,N,55,10,45,,-44.0,consensus,1.0,0.980708658695221,1624,1654,2,1,-1,1.9418672352648607
2021,13,2021-11-26,regular,Mississippi State,Ole Miss,H,Y,21,31,-10,,-2.0,consensus,-12.0,0.5257070660591125,1645,1750,0,1,1,4.8568881014999326
2021,1,2021-12-28,postseason,Mississippi State,Texas Tech,N,N,7,34,-27,,-10.0,consensus,-37.0,0.00960308313369751,1633,1451,3,0,-3,3.5935525847948497
2021,1,2021-09-04,regular,Missouri,Central Michigan,H,N,34,24,10,,-14.0,consensus,-4.0,0.4070395231246948,1503,1438,0,2,2,6.573887748164912
2021,2,2021-09-11,regular,Missouri,Kentucky,A,Y,28,35,-7,,5.5,consensus,-1.5,0.15805751085281372,1515,1593,1,2,1,4.319444483313481
2021,3,2021-09-18,regular,Missouri,Southeast Missouri State,H,N,59,28,31,,-34.5,consensus,-3.5,1,,,0,1,1,1.8801769553955576
2021,4,2021-09-25,regular,Missouri,Boston College,A,N,34,41,-7,,1.0,consensus,-6.0,0.23266595602035522,1510,1530,2,1,-1,8.879270030476956
2021,5,2021-10-02,regular,Missouri,Tennessee,H,Y,24,62,-38,,-2.5,consensus,-40.5,0.0027594342827796936,1502,1482,2,0,-2,3.0925286521415387
2021,6,2021-10-09,regular,Missouri,North Texas,H,N,48,35,13,,-18.5,consensus,-5.5,0.27316561505275616,1386,1184,0,4,4,2.041524156
2021,7,2021-10-16,regular,Missouri,Texas A&M,H,Y,14,35,-21,,11.5,consensus,-9.5,0,1395,1762,2,1,-1,3.435236495937284
2021,9,2021-10-30,regular,Missouri,Vanderbilt,A,Y,37,28,9,,-16.0,consensus,-7.0,0.9921074798330665,1380,1032,1,1,0,6.285214289502207
2021,10,2021-11-06,regular,Missouri,Georgia,A,Y,6,43,-37,,40.0,consensus,3.0,0.0025213956832885742,1371,2142,0,1,1,3.0367589685872765
2021,11,2021-11-13,regular,Missouri,South Carolina,H,Y,31,28,3,,1.5,consensus,4.5,0.6962832808494568,1356,1432,3,3,0,5.256637635812313
2021,12,2021-11-20,regular,Missouri,Florida,H,Y,24,23,1,,9.0,consensus,10.0,0.24475131364735478,1358,1642,0,0,0,7.7351866518
2021,13,2021-11-26,regular,Missouri,Arkansas,A,Y,17,34,-17,,14.5,consensus,-2.5,0.00537186861038208,1366,1622,1,1,0,4.689839772034318
2021,1,2021-12-23,postseason,Missouri,Army,N,N,22,24,-2,,7.0,consensus,5.0,0.08412188291549683,1352,1571,1,0,-1,6.115047879877375
2021,1,2021-09-04,regular,Oklahoma,Tulane,H,N,40,35,5,,-31.0,consensus,-26.0,0.5274852514266968,1875,1597,2,3,1,3.8291469065617183
2021,2,2021-09-11,regular,Oklahoma,Western Carolina,H,N,76,0,76,,-52.5,consensus,23.5,0.9897788166999817,,,0,3,3,2.2809678916932468
2021,3,2021-09-18,regular,Oklahoma,Nebraska,H,N,23,16,7,,-22.5,consensus,-15.5,0.8784641027450562,1869,1567,0,1,1,4.0830120200941415
2021,4,2021-09-25,regular,Oklahoma,West Virginia,H,Y,16,13,3,,-17.5,consensus,-14.5,0.7274698615074158,1863,1543,1,1,0,5.87871219672933
2021,5,2021-10-02,regular,Oklahoma,Kansas State,A,Y,37,31,6,,-12.5,consensus,-6.5,0.9767311550676823,1860,1536,1,1,0,4.248821254988353
2021,6,2021-10-09,regular,Oklahoma,Texas,N,Y,55,48,7,,-4.0,consensus,3.0,0.677557647228241,1848,1893,2,1,-1,5.30270208885192
2021,7,2021-10-16,regular,Oklahoma,TCU,H,Y,52,31,21,,-12.5,consensus,8.5,0.8608482480049133,1859,1670,1,1,0,3.7648956107753477
2021,8,2021-10-23,regular,Oklahoma,Kansas,A,Y,35,23,12,,-38.5,consensus,-26.5,0.8542203158140182,1889,984,1,1,0,5.048694401722993
2021,9,2021-10-30,regular,Oklahoma,Texas Tech,H,Y,52,21,31,,-19.0,consensus,12.0,0.9015293121337891,1846,1493,0,3,3,3.231011095027742
2021,11,2021-11-13,regular,Oklahoma,Baylor,A,Y,14,27,-13,,-4.0,consensus,-17.0,0.06654959917068481,1888,1694,2,2,0,6.893019796120175
2021,12,2021-11-20,regular,Oklahoma,Iowa State,H,Y,28,21,7,,-3.0,consensus,4.0,0.9502975940704346,1845,1901,1,3,2,8.759740098717725
2021,13,2021-11-28,regular,Oklahoma,Oklahoma State,A,Y,33,37,-4,,4.0,consensus,0.0,0.18138998746871948,1858,1925,2,3,1,7.624007774832169
2021,1,2021-12-30,postseason,Oklahoma,Oregon,N,N,47,32,15,,-7.0,consensus,8.0,1,1857,1628,0,1,1,2.9859295082328448
2021,1,2021-09-07,regular,Ole Miss,Louisville,N,N,43,24,19,,-9.0,consensus,10.0,1,1576,1559,0,2,2,2.410165973806598
2021,2,2021-09-11,regular,Ole Miss,Austin Peay,H,N,54,17,37,,-37.0,consensus,0.0,0.9875286817550659,,,1,2,1,3.005612823380715
2021,3,2021-09-19,regular,Ole Miss,Tulane,H,N,61,21,40,,-14.0,consensus,26.0,0.9977260828018188,1626,1603,1,1,0,3.623665197696429
2021,5,2021-10-02,regular,Ole Miss,Alabama,A,Y,21,42,-21,,15.0,consensus,-6.0,0.006196796894073486,1739,2145,1,1,0,2.0907173927255798
2021,6,2021-10-09,regular,Ole Miss,Arkansas,H,Y,52,51,1,,-5.0,consensus,-4.0,0.7322954535484314,1729,1617,0,2,2,9.38448686455236
2021,7,2021-10-16,regular,Ole Miss,Tennessee,A,Y,31,26,5,,-1.0,consensus,4.0,0.7097718715667725,1726,1639,1,1,0,7.129944658636153
2021,8,2021-10-23,regular,Ole Miss,LSU,H,Y,31,17,14,,-9.0,consensus,5.0,0.9876816272735596,1729,1645,1,3,2,3.9313413706832354
2021,9,2021-10-30,regular,Ole Miss,Auburn,A,Y,20,31,-11,,3.0,consensus,-8.0,0.007507383823394775,1750,1729,1,2,1,3.2216504597970808
2021,10,2021-11-06,regular,Ole Miss,Liberty,H,N,27,14,13,,-7.5,consensus,5.5,0.9633749723434448,1729,1684,0,3,3,2.8915232493020016
2021,11,2021-11-14,regular,Ole Miss,Texas A&M,H,Y,29,19,10,,1.0,consensus,11.0,0.9997894763946533,1751,1841,1,2,1,4.359841943687781
2021,12,2021-11-21,regular,Ole Miss,Vanderbilt,H,Y,31,17,14,,-36.0,consensus,-22.0,0.9852136969566345,1775,1055,1,1,0,2.712820249454637
2021,13,2021-11-26,regular,Ole Miss,Mississippi State,A,Y,31,21,10,,2.0,consensus,12.0,0.47429293394088745,1750,1645,1,0,-1,4.8568881014999326
2021,1,2022-01-02,postseason,Ole Miss,Baylor,N,N,7,21,-14,,-1.0,consensus,-15.0,0.10508571565151215,1762,1760,3,1,-2,5.07971631042325
2021,1,2021-09-04,regular,South Carolina,Eastern Illinois,H,N,46,0,46,,-31.5,consensus,14.5,0.9938032031059265,,,1,2,1,2.4133477777887404
2021,2,2021-09-11,regular,South Carolina,East Carolina,A,N,20,17,3,,-2.5,consensus,0.5,0.6916296184062958,1390,1396,3,2,-1,4.243254220937977
2021,3,2021-09-18,regular,South Carolina,Georgia,A,Y,13,40,-27,,31.5,consensus,4.5,0.01841670274734497,1395,1925,2,3,1,2.6187482976688363
2021,4,2021-09-25,regular,South Carolina,Kentucky,H,Y,10,16,-6,,4.5,consensus,-1.5,0.1861615777015686,1382,1598,0,3,3,4.949914017775569
2021,5,2021-10-02,regular,South Carolina,Troy,H,N,23,14,9,,-6.5,consensus,2.5,0.8884419798851013,1387,1401,3,4,1,4.654088559869282
2021,6,2021-10-09,regular,South Carolina,Tennessee,A,Y,20,45,-25,,10.5,consensus,-14.5,0.008452415466308594,1402,1598,2,0,-2,2.313325567934286
2021,7,2021-10-16,regular,South Carolina,Vanderbilt,H,Y,21,20,1,,-18.5,consensus,-17.5,0.9521074295043945,1361,1083,4,2,-2,5.881663972406484
2021,8,2021-10-23,regular,South Carolina,Texas A&M,A,Y,14,44,-30,,19.5,consensus,-10.5,0.007506370544433594,1353,1777,3,1,-2,2.5601123199637774
2021,10,2021-11-06,regular,South Carolina,Florida,H,Y,40,17,23,,20.5,consensus,43.5,1,1321,1753,0,2,2,3.5025018020354612
2021,11,2021-11-13,regular,South Carolina,Missouri,A,Y,28,31,-3,,-1.5,consensus,-4.5,0.3037167191505432,1432,1356,3,3,0,5.256637635812313
2021,12,2021-11-21,regular,South Carolina,Auburn,H,Y,21,17,4,,7.0,consensus,11.0,0.927436888217926,1430,1691,1,1,0,4.917832033044904
2021,13,2021-11-28,regular,South Carolina,Clemson,H,N,0,30,-30,,11.5,consensus,-18.5,0,1441,1855,2,1,-1,2.7188348871349053
2021,1,2021-12-30,postseason,South Carolina,North Carolina,N,N,38,21,17,,12.5,consensus,29.5,0.9985881628212319,1407,1656,0,0,0,4.8218128119
2021,1,2021-09-03,regular,Tennessee,Bowling Green,H,N,38,6,32,,-37.0,consensus,-5.0,1,1489,1041,2,0,-2,2.294760520401764
2021,2,2021-09-11,regular,Tennessee,Pittsburgh,H,N,34,41,-7,,3.5,consensus,-3.5,0.0961083248257637,1524,1609,3,0,-3,7.008362719104246
2021,3,2021-09-18,regular,Tennessee,Tennessee Tech,H,N,56,0,56,,-38.0,consensus,18.0,0.9922066926956177,,,1,4,3,2.1754204743500436
2021,4,2021-09-25,regular,Tennessee,Florida,A,Y,14,38,-24,,19.0,consensus,-5.0,0,1517,1744,0,1,1,4.499267607749175
2021,5,2021-10-02,regular,Tennessee,Missouri,A,Y,62,24,38,,2.5,consensus,40.5,0.9972405657172203,1482,1502,0,2,2,3.0925286521415387
2021,6,2021-10-09,regular,Tennessee,South Carolina,H,Y,45,20,25,,-10.5,consensus,14.5,0.9915475845336914,1598,1402,0,2,2,2.313325567934286
2021,7,2021-10-16,regular,Tennessee,Ole Miss,H,Y,26,31,-5,,1.0,consensus,-4.0,0.29022812843322754,1639,1726,1,1,0,7.129944658636153
2021,8,2021-10-23,regular,Tennessee,Alabama,A,Y,24,52,-28,,25.5,consensus,-2.5,0.013901770114898682,1636,2192,1,1,0,4.951091949416542
2021,10,2021-11-06,regular,Tennessee,Kentucky,A,Y,45,42,3,,-1.0,consensus,2.0,0.9014954939484596,1623,1636,1,1,0,9.512597635947527
2021,11,2021-11-13,regular,Tennessee,Georgia,H,Y,17,41,-24,,19.5,consensus,-4.5,0.01974518597126007,1628,2157,2,0,-2,3.9231246965805364
2021,12,2021-11-21,regular,Tennessee,South Alabama,H,N,60,14,46,,-28.5,consensus,17.5,0.9939804077148438,1621,1355,0,0,0,2.336053296315973
2021,13,2021-11-27,regular,Tennessee,Vanderbilt,H,Y,45,21,24,,-32.0,consensus,-8.0,0.9821206331253052,1722,1080,1,1,0,2.431684672328514
2021,1,2021-12-30,postseason,Tennessee,Purdue,N,N,45,48,-3,,-7.5,consensus,-10.5,0.7167874276638031,1718,1696,1,3,2,11.900347280213513
2021,1,2021-09-04,regular,Texas,Louisiana,H,N,38,18,20,,-8.5,consensus,11.5,0.9950394630432129,1767,1645,0,1,1,3.753469843420719
2021,2,2021-09-11,regular,Texas,Arkansas,A,N,21,40,-19,,-6.0,consensus,-25.0,0.010515391826629639,1801,1470,1,1,0,2.628875431193062
2021,3,2021-09-19,regular,Texas,Rice,H,N,58,0,58,,-26.0,consensus,32.0,0.9989601962987479,1721,1293,1,1,0,1.2588635656
2021,4,2021-09-25,regular,Texas,Texas Tech,H,Y,70,35,35,,-9.0,consensus,26.0,0.9982383251190186,1840,1566,1,2,1,3.0226649763427487
2021,5,2021-10-02,regular,Texas,TCU,A,Y,32,27,5,,-4.0,consensus,1.0,0.45292139053344727,1903,1620,1,3,2,6.5750622079594505
2021,6,2021-10-09,regular,Texas,Oklahoma,N,Y,48,55,-7,,4.0,consensus,-3.0,0.32244235277175903,1893,1848,1,2,1,5.30270208885192
2021,7,2021-10-16,regular,Texas,Oklahoma State,H,Y,24,32,-8,,-3.5,consensus,-11.5,0,1882,1685,2,1,-1,5.054154515164063
2021,9,2021-10-30,regular,Texas,Baylor,A,Y,24,31,-7,,2.5,consensus,-4.5,0.1784449815750122,1849,1676,2,2,0,7.471754321120702
2021,10,2021-11-06,regular,Texas,Iowa State,A,Y,7,30,-23,,6.0,consensus,-17.0,0.025792300701141357,1829,1856,2,1,-1,4.03724577084716
2021,11,2021-11-14,regular,Texas,Kansas,H,Y,56,57,-1,,-31.0,consensus,-32.0,0.9358081817626953,1776,963,4,0,-4,6.632681134082384
2021,12,2021-11-20,regular,Texas,West Virginia,A,Y,23,31,-8,,2.5,consensus,-5.5,0.07650232315063477,1725,1494,1,0,-1,3.32660865714656
2021,13,2021-11-26,regular,Texas,Kansas State,H,Y,22,17,5,,-2.5,consensus,2.5,0.9980252981185913,1698,1615,1,0,-1,4.72082695115861
2021,1,2021-09-05,regular,Texas A&M,Kent State,H,N,41,10,31,,-29.5,consensus,1.5,0.8716515898704529,1745,1441,5,2,-3,3.2104958308841245
2021,2,2021-09-11,regular,Texas A&M,Colorado,N,N,10,7,3,,-17.0,consensus,-14.0,0.6327890753746033,1792,1446,1,1,0,4.317762930165778
2021,3,2021-09-18,regular,Texas A&M,New Mexico,H,N,34,0,34,,-30.0,consensus,4.0,0.9779608845710754,1778,1315,1,1,0,2.06625670663161
2021,4,2021-09-25,regular,Texas A&M,Arkansas,N,Y,10,20,-10,,-4.5,consensus,-14.5,0.04085665941238403,1817,1638,1,0,-1,2.919541597512384
2021,5,2021-10-02,regular,Texas A&M,Mississippi State,H,Y,22,26,-4,,-7.0,consensus,-11.0,0.11656820774078369,1778,1545,1,0,-1,5.831789528075907
2021,6,2021-10-10,regular,Texas A&M,Alabama,H,Y,41,38,3,,18.5,consensus,21.5,0.9284989237785339,1755,2155,1,2,1,6.625810617467178
2021,7,2021-10-16,regular,Texas A&M,Missouri,A,Y,35,14,21,,-11.5,consensus,9.5,1,1762,1395,1,2,1,3.435236495937284
2021,8,2021-10-23,regular,Texas A&M,South Carolina,H,Y,44,14,30,,-19.5,consensus,10.5,0.9924936294555664,1777,1353,1,3,2,2.5601123199637774
2021,10,2021-11-06,regular,Texas A&M,Auburn,H,Y,20,3,17,,-4.5,consensus,12.5,0.8814953565597534,1809,1750,1,2,1,3.8012772582251753
2021,11,2021-11-14,regular,Texas A&M,Ole Miss,A,Y,19,29,-10,,-1.0,consensus,-11.0,0.0002105236053466797,1841,1751,2,1,-1,4.359841943687781
2021,12,2021-11-20,regular,Texas A&M,Prairie View A&M,H,N,52,3,49,,-41.5,consensus,7.5,0.9922637343406677,1931,1170,1,1,0,1.6247444416584416
2021,13,2021-11-28,regular,Texas A&M,LSU,A,Y,24,27,-3,,-6.5,consensus,-9.5,0.582180129389516,1817,1615,0,0,0,7.70562312
2021,1,2021-09-05,regular,Vanderbilt,East Tennessee State,H,N,3,23,-20,,-21.0,consensus,-41.0,0.00904837902635336,,,3,0,-3,3.531814318862481
2021,2,2021-09-12,regular,Vanderbilt,Colorado State,A,N,24,21,3,,6.5,consensus,9.5,0.3483027219772339,1225,1396,1,1,0,5.9624447109688505
2021,3,2021-09-19,regular,Vanderbilt,Stanford,H,N,23,41,-18,,12.5,consensus,-5.5,0.009553718380630016,1240,1497,1,0,-1,4.927740943761852
2021,4,2021-09-25,regular,Vanderbilt,Georgia,H,Y,0,62,-62,,36.0,consensus,-26.0,0.0049030412919819355,1222,1938,3,1,-2,2.5633720992295324
2021,5,2021-10-02,regular,Vanderbilt,UConn,H,N,30,28,2,,-14.5,consensus,-12.5,0.5740585923194885,1127,1033,2,2,0,6.328346246953514
2021,6,2021-10-09,regular,Vanderbilt,Florida,A,Y,0,42,-42,,39.0,consensus,-3.0,0.011027514934539795,1126,1758,2,2,0,2.336610577658037
2021,7,2021-10-16,regular,Vanderbilt,South Carolina,A,Y,20,21,-1,,18.5,consensus,17.5,0.04789257049560547,1083,1361,2,4,2,5.881663972406484
2021,8,2021-10-23,regular,Vanderbilt,Mississippi State,H,Y,6,45,-39,,20.5,consensus,-18.5,0.07534022629261017,1091,1524,1,2,1,2.8584978894706747
2021,9,2021-10-30,regular,Vanderbilt,Missouri,H,Y,28,37,-9,,16.0,consensus,7.0,0.007892520166933537,1032,1380,1,1,0,6.285214289502207
2021,11,2021-11-14,regular,Vanderbilt,Kentucky,H,Y,17,34,-17,,21.5,consensus,4.5,0,1041,1631,1,1,0,2.8291977662461982
2021,12,2021-11-21,regular,Vanderbilt,Ole Miss,A,Y,17,31,-14,,36.0,consensus,22.0,0.014786303043365479,1055,1775,1,1,0,2.712820249454637
2021,13,2021-11-27,regular,Vanderbilt,Tennessee,A,Y,21,45,-24,,32.0,consensus,8.0,0.017879366874694824,1080,1722,1,1,0,2.431684672328514
2022,1,2022-09-03,regular,Alabama,Utah State,H,N,55,0,55,,-42.0,consensus,13.0,0.9839851260185242,1979,1555,1,0,-1,2.283997931119607
2022,2,2022-09-10,regular,Alabama,Texas,A,N,20,19,1,,-21.0,consensus,-20.0,0.4123753309249878,2089,1700,0,0,0,6.527319089176115
2022,3,2022-09-17,regular,Alabama,UL Monroe,H,N,63,7,56,,-49.5,consensus,6.5,0.7063632011413574,2073,1140,2,1,-1,1.8091693010274672
2022,4,2022-09-24,regular,Alabama,Vanderbilt,H,Y,55,3,52,,-40.5,consensus,11.5,0.986897885799408,2121,1422,1,0,-1,2.8878392505532267
2022,5,2022-10-01,regular,Alabama,Arkansas,A,Y,49,26,23,,-17.0,consensus,6.0,0.9109643027186394,2185,1663,1,1,0,4.247098277715639
2022,6,2022-10-09,regular,Alabama,Texas A&M,H,Y,24,20,4,,-24.0,consensus,-20.0,0.9698603749275208,2190,1658,4,1,-3,6.646669316735048
2022,7,2022-10-15,regular,Alabama,Tennessee,A,Y,49,52,-3,,-9.0,consensus,-12.0,0.6552726328372955,2179,1881,1,2,1,7.704624627020055
2022,8,2022-10-22,regular,Alabama,Mississippi State,H,Y,30,6,24,,-21.0,consensus,3.0,0.9300018548965454,2174,1701,0,1,1,3.833151863048854
2022,10,2022-11-05,regular,Alabama,LSU,A,Y,31,32,-1,,-13.5,consensus,-14.5,0.5483545154160467,2185,1695,1,0,-1,9.2612098604
2022,11,2022-11-12,regular,Alabama,Ole Miss,A,Y,30,24,6,,-11.0,consensus,-5.0,0.5303553342819214,2172,1694,1,1,0,6.27051499958194
2022,12,2022-11-19,regular,Alabama,Austin Peay,H,N,34,0,34,,-45.0,consensus,-11.0,0.9868754744529724,2166,,3,3,0,3.112917066883353
2022,13,2022-11-26,regular,Alabama,Auburn,H,Y,49,27,22,,-22.0,consensus,0.0,1,2151,1596,1,2,1,3.756072456000134
2022,1,2022-12-31,postseason,Alabama,Kansas State,N,N,45,20,25,,-7.5,consensus,17.5,0.994422915391624,2151,1891,0,2,2,4.575375530108903
2022,1,2022-09-03,regular,Arkansas,Cincinnati,H,N,31,24,7,,-6.5,consensus,0.5,0.46383750438690186,1626,1801,1,2,1,4.890130585924942
2022,2,2022-09-10,regular,Arkansas,South Carolina,H,Y,44,30,14,,-8.5,consensus,5.5,0.9731941223144531,1646,1540,0,3,3,3.7392828655693404
2022,3,2022-09-17,regular,Arkansas,Missouri State,H,N,38,27,11,,-26.0,consensus,-15.0,0.7726759910583496,1667,,3,0,-3,6.014873474052033
2022,4,2022-09-24,regular,Arkansas,Texas A&M,N,Y,21,23,-2,,1.5,consensus,-0.5,0.6990729884327014,1665,1706,1,0,-1,6.7158801555
2022,5,2022-10-01,regular,Arkansas,Alabama,H,Y,26,49,-23,,17.0,consensus,-6.0,0.08903569728136063,1663,2185,1,1,0,4.247098277715639
2022,6,2022-10-08,regular,Arkansas,Mississippi State,A,Y,17,40,-23,,8.5,consensus,-14.5,0.033170878887176514,1658,1667,2,0,-2,2.6927840201952953
2022,7,2022-10-15,regular,Arkansas,BYU,A,N,52,35,17,,1.0,consensus,18.0,1,1603,1629,1,3,2,6.874761304950564
2022,9,2022-10-29,regular,Arkansas,Auburn,A,Y,41,27,14,,-4.0,consensus,10.0,0.964201994240284,1647,1520,1,0,-1,5.403340702554578
2022,10,2022-11-05,regular,Arkansas,Liberty,H,N,19,21,-2,,-14.5,consensus,-16.5,0.3030504584312439,1667,1635,2,1,-1,5.7493255023605006
2022,11,2022-11-12,regular,Arkansas,LSU,H,Y,10,13,-3,,3.5,consensus,0.5,0.7393328547477722,1662,1708,2,2,0,5.8816089575358825
2022,12,2022-11-20,regular,Arkansas,Ole Miss,H,Y,42,27,15,,1.0,consensus,16.0,0.9781983494758606,1660,1715,0,3,3,2.9672948551835625
2022,13,2022-11-25,regular,Arkansas,Missouri,A,Y,27,29,-2,,-3.5,consensus,-5.5,0.004188954830169678,1696,1467,2,0,-2,6.166836243121122
2022,1,2022-12-28,postseason,Arkansas,Kansas,N,N,55,53,2,,-1.0,consensus,1.0,0.935453474521637,1693,1366,2,3,1,6.360080152114448
2022,1,2022-09-03,regular,Auburn,Mercer,H,N,42,16,26,,-30.0,consensus,-4.0,0.9954355359077454,1632,,2,0,-2,2.321060768746342
2022,2,2022-09-10,regular,Auburn,San José State,H,N,24,16,8,,-24.0,consensus,-16.0,0.9748852849006653,1632,1338,2,0,-2,5.097435891180348
2022,3,2022-09-17,regular,Auburn,Penn State,H,N,12,41,-29,,2.5,consensus,-26.5,0.004698324948549271,1627,1737,4,0,-4,4.347073241298655
2022,4,2022-09-24,regular,Auburn,Missouri,H,Y,17,14,3,,-7.5,consensus,-4.5,0.8529782295227051,1560,1410,0,2,2,6.61184328984131
2022,5,2022-10-01,regular,Auburn,LSU,H,Y,17,21,-4,,8.0,consensus,4.0,0.5605270266532898,1559,1643,4,1,-3,5.650398184523114
2022,6,2022-10-08,regular,Auburn,Georgia,A,Y,10,42,-32,,28.0,consensus,-4.0,0.029819905757904053,1558,2058,1,1,0,2.53556046732217
2022,7,2022-10-15,regular,Auburn,Ole Miss,A,Y,34,48,-14,,15.5,consensus,1.5,0.13559871912002563,1529,1766,3,1,-2,4.0822972831720605
2022,9,2022-10-29,regular,Auburn,Arkansas,H,Y,27,41,-14,,4.0,consensus,-10.0,0.035798005759716034,1520,1647,0,1,1,5.403340702554578
2022,10,2022-11-05,regular,Auburn,Mississippi State,A,Y,33,39,-6,,12.5,consensus,6.5,0.6232794523239136,1500,1690,1,3,2,7.8638242622812395
2022,11,2022-11-13,regular,Auburn,Texas A&M,H,Y,13,10,3,,-1.5,consensus,1.5,1,1502,1603,3,1,-2,3.8866136810217635
2022,12,2022-11-19,regular,Auburn,Western Kentucky,H,N,41,17,24,,-5.0,consensus,19.0,0.9861803650856018,1504,1767,0,2,2,4.436971253017919
2022,13,2022-11-26,regular,Auburn,Alabama,A,Y,27,49,-22,,22.0,consensus,0.0,0,1596,2151,2,1,-1,3.756072456000134
2022,1,2022-09-03,regular,Florida,Utah,H,N,29,26,3,,2.5,consensus,5.5,0.5007678270339966,1572,1790,1,1,0,7.010037473588489
2022,2,2022-09-10,regular,Florida,Kentucky,H,Y,16,26,-10,,-6.0,consensus,-16.0,0.07685582339763641,1576,1713,2,1,-1,4.806562813566
2022,3,2022-09-17,regular,Florida,South Florida,H,N,31,28,3,,-23.5,consensus,-20.5,0.16407166421413422,1567,1247,2,3,1,6.8525841365322995
2022,4,2022-09-24,regular,Florida,Tennessee,A,Y,33,38,-5,,11.0,consensus,6.0,0.47217798233032227,1564,1835,2,2,0,6.820161641876708
2022,5,2022-10-02,regular,Florida,Eastern Washington,H,N,52,17,35,,-32.0,consensus,3.0,0.9879109859466553,1568,,1,1,0,2.79504152516495
2022,6,2022-10-08,regular,Florida,Missouri,H,Y,24,17,7,,-10.5,consensus,-3.5,0.7664141058921814,1569,1443,2,2,0,4.3159651252726094
2022,7,2022-10-15,regular,Florida,LSU,H,Y,35,45,-10,,-2.0,consensus,-12.0,0.16392432153224945,1572,1593,0,1,1,5.4524103682380165
2022,9,2022-10-29,regular,Florida,Georgia,N,Y,20,42,-22,,23.0,consensus,1.0,0.04546034336090088,1553,2154,0,3,3,2.933072358258275
2022,10,2022-11-05,regular,Florida,Texas A&M,A,Y,41,24,17,,1.5,consensus,18.5,0.9818701576441526,1552,1655,0,2,2,5.5912916495664575
2022,11,2022-11-12,regular,Florida,South Carolina,H,Y,38,6,32,,-8.0,consensus,24.0,1,1604,1539,1,3,2,2.038415292937075
2022,12,2022-11-19,regular,Florida,Vanderbilt,A,Y,24,31,-7,,-14.0,consensus,-21.0,0.06991881132125854,1683,1298,2,2,0,4.456958694485075
2022,13,2022-11-26,regular,Florida,Florida State,A,N,38,45,-7,,10.0,consensus,3.0,0.01318591833114624,1649,1851,1,1,0,7.716581493240062
2022,1,2022-12-17,postseason,Florida,Oregon State,N,N,3,30,-27,,7.5,consensus,-19.5,0.007428944110870361,1650,1724,0,0,0,2.9966973186741623
2022,1,2022-09-03,regular,Georgia,Oregon,N,N,49,3,46,,-16.0,consensus,30.0,0.9737083911895752,1980,1574,0,2,2,1.7043927626226556
2022,2,2022-09-10,regular,Georgia,Samford,H,N,33,0,33,,-53.0,consensus,-20.0,0.9802547097206116,2087,,0,1,1,2.5225339527499937
2022,3,2022-09-17,regular,Georgia,South Carolina,A,Y,48,7,41,,-25.5,consensus,15.5,0.9789548292756081,2070,1521,0,3,3,2.853866126313109
2022,4,2022-09-24,regular,Georgia,Kent State,H,N,39,22,17,,-45.0,consensus,-28.0,0.940726637840271,2121,1274,3,1,-2,2.6902574183831574
2022,5,2022-10-01,regular,Georgia,Missouri,A,Y,26,22,4,,-30.5,consensus,-26.5,0.8007063567638397,2090,1411,2,0,-2,4.818980944780097
2022,6,2022-10-08,regular,Georgia,Auburn,H,Y,42,10,32,,-28.0,consensus,4.0,0.970180094242096,2058,1558,1,1,0,2.53556046732217
2022,7,2022-10-15,regular,Georgia,Vanderbilt,H,Y,55,0,55,,-37.5,consensus,17.5,0.9920355081558228,2087,1338,0,1,1,1.818572377544368
2022,9,2022-10-29,regular,Georgia,Florida,N,Y,42,20,22,,-23.0,consensus,-1.0,0.9545396566390991,2154,1553,3,0,-3,2.933072358258275
2022,10,2022-11-05,regular,Georgia,Tennessee,H,Y,27,13,14,,-10.0,consensus,4.0,1,2155,1970,2,2,0,2.8289506010904555
2022,11,2022-11-13,regular,Georgia,Mississippi State,A,Y,45,19,26,,-16.5,consensus,9.5,0.9840487539768219,2168,1688,2,0,-2,3.8727744406690667
2022,12,2022-11-19,regular,Georgia,Kentucky,A,Y,16,6,10,,-22.5,consensus,-12.5,1,2184,1583,1,1,0,2.821791068982117
2022,13,2022-11-26,regular,Georgia,Georgia Tech,H,N,37,14,23,,-36.5,consensus,-13.5,0.9948174357414246,2159,1245,1,1,0,3.1908986303345968
2022,14,2022-12-03,regular,Georgia,LSU,N,Y,50,30,20,,-17.5,consensus,2.5,0.9844166040420532,2132,1729,1,3,2,3.0440657265131987
2022,1,2023-01-01,postseason,Georgia,Ohio State,N,N,42,41,1,,-5.5,consensus,-4.5,0.7106093168258667,2146,2108,1,0,-1,7.420213037170079
2022,1,2023-01-10,postseason,Georgia,TCU,N,N,65,7,58,,-13.5,consensus,44.5,0.9938183426856995,2147,1882,0,3,3,2.271727443533918
2022,1,2022-09-03,regular,Kentucky,Miami (OH),H,N,37,13,24,,-15.0,consensus,9.0,0.9900107383728027,1670,1516,1,1,0,5.1176282336399765
2022,2,2022-09-10,regular,Kentucky,Florida,A,Y,26,16,10,,6.0,consensus,16.0,0.9231441766023636,1713,1576,1,2,1,4.806562813566
2022,3,2022-09-17,regular,Kentucky,Youngstown State,H,N,31,0,31,,-30.0,consensus,1.0,0.9912877678871155,1731,,3,1,-2,3.2654599937606608
2022,4,2022-09-24,regular,Kentucky,Northern Illinois,H,N,31,23,8,,-26.5,consensus,-18.5,0.6961966156959534,1722,1358,1,0,-1,3.6592062301942208
2022,5,2022-10-01,regular,Kentucky,Ole Miss,A,Y,19,22,-3,,6.5,consensus,3.5,0.5261594653129578,1713,1745,2,1,-1,5.181231820390617
2022,6,2022-10-08,regular,Kentucky,South Carolina,H,Y,14,24,-10,,-4.5,consensus,-14.5,0.029825899749994278,1712,1533,2,2,0,5.4287843901029635
2022,7,2022-10-15,regular,Kentucky,Mississippi State,H,Y,27,17,10,,3.5,consensus,13.5,0.995205283164978,1675,1722,2,1,-1,4.954634029506994
2022,9,2022-10-29,regular,Kentucky,Tennessee,A,Y,6,44,-38,,10.5,consensus,-27.5,0.006196796894073486,1696,1886,3,0,-3,2.1455720461183696
2022,10,2022-11-05,regular,Kentucky,Missouri,A,Y,21,17,4,,1.0,consensus,5.0,0.9779451973736286,1612,1483,0,2,2,5.675530904056807
2022,11,2022-11-12,regular,Kentucky,Vanderbilt,H,Y,21,24,-3,,-17.0,consensus,-20.0,0.623006284236908,1610,1271,1,2,1,6.092129465387157
2022,12,2022-11-19,regular,Kentucky,Georgia,H,Y,6,16,-10,,22.5,consensus,12.5,0,1583,2184,1,1,0,2.821791068982117
2022,13,2022-11-26,regular,Kentucky,Louisville,H,N,26,13,13,,-3.5,consensus,9.5,0.9840259552001953,1608,1741,0,3,3,3.1633037988420614
2022,1,2022-12-31,postseason,Kentucky,Iowa,N,N,0,21,-21,,3.0,consensus,-18.0,0.3724594712257385,1645,1709,2,0,-2,2.6329710405864604
2022,1,2022-09-04,regular,LSU,Florida State,N,N,23,24,-1,-3.0,-4.5,Bovada,-5.5,0.4103350043296814,1538,1501,2,1,-1,6.722668406393779
2022,2,2022-09-10,regular,LSU,Southern,H,N,65,17,48,,-44.5,consensus,3.5,0.9893288016319275,,,2,5,3,1.5977095974132804
2022,3,2022-09-17,regular,LSU,Mississippi State,H,Y,31,16,15,,3.0,consensus,18.0,0.9466710090637207,1535,1617,1,2,1,6.2037579110673375
2022,4,2022-09-24,regular,LSU,New Mexico,H,N,38,0,38,,-31.5,consensus,6.5,0.9863829016685486,1574,1269,1,0,-1,1.9302266286650136
2022,5,2022-10-01,regular,LSU,Auburn,A,Y,21,17,4,,-8.0,consensus,-4.0,0.4394729733467102,1643,1559,1,4,3,5.650398184523114
2022,6,2022-10-08,regular,LSU,Tennessee,H,Y,13,40,-27,,2.5,consensus,-24.5,0.004979658871889114,1644,1830,2,0,-2,3.634893754256527
2022,7,2022-10-15,regular,LSU,Florida,A,Y,45,35,10,,2.0,consensus,12.0,0.8360756784677505,1593,1572,1,0,-1,5.4524103682380165
2022,8,2022-10-22,regular,LSU,Ole Miss,H,Y,45,20,25,,0.0,consensus,25.0,0.9908092021942139,1612,1775,0,1,1,5.147260568172203
2022,10,2022-11-05,regular,LSU,Alabama,H,Y,32,31,1,,13.5,consensus,14.5,0.4516454845839532,1695,2185,0,1,1,9.2612098604
2022,11,2022-11-12,regular,LSU,Arkansas,A,Y,13,10,3,,-3.5,consensus,-0.5,0.2606671452522278,1708,1662,2,2,0,5.8816089575358825
2022,12,2022-11-20,regular,LSU,UAB,H,N,41,10,31,,-15.0,consensus,16.0,0.9876797199249268,1710,1594,2,0,-2,2.8884030831557124
2022,13,2022-11-27,regular,LSU,Texas A&M,A,Y,23,38,-15,,-10.0,consensus,-25.0,0.09568792581558228,1779,1579,1,0,-1,4.291569507971237
2022,14,2022-12-03,regular,LSU,Georgia,N,Y,30,50,-20,,17.5,consensus,-2.5,0.015583395957946777,1729,2132,3,1,-2,3.0440657265131987
2022,1,2023-01-02,postseason,LSU,Purdue,N,N,63,7,56,,-15.5,consensus,40.5,0.9967468285467476,1715,1616,1,3,2,2.4267412999934512
2022,1,2022-09-03,regular,Mississippi State,Memphis,H,N,49,23,26,,-17.0,consensus,9.0,0.987985372543335,1520,1490,2,1,-1,1.8815841658006396
2022,2,2022-09-11,regular,Mississippi State,Arizona,A,N,39,17,22,,-12.5,consensus,9.5,0.6519365012645721,1583,1377,3,3,0,5.002262880073938
2022,3,2022-09-17,regular,Mississippi State,LSU,A,Y,16,31,-15,,-3.0,consensus,-18.0,0.0533289909362793,1617,1535,2,1,-1,6.2037579110673375
2022,4,2022-09-24,regular,Mississippi State,Bowling Green,H,N,45,14,31,,-31.0,consensus,0.0,0.9881957769393921,1578,1194,0,1,1,2.71282834705594
2022,5,2022-10-01,regular,Mississippi State,Texas A&M,H,Y,42,24,18,,-4.0,consensus,14.0,0.9544143080711365,1617,1708,1,4,3,3.6344322073264044
2022,6,2022-10-08,regular,Mississippi State,Arkansas,H,Y,40,17,23,,-8.5,consensus,14.5,0.9668291211128235,1667,1658,0,2,2,2.6927840201952953
2022,7,2022-10-15,regular,Mississippi State,Kentucky,A,Y,17,27,-10,,-3.5,consensus,-13.5,0.004794716835021973,1722,1675,1,2,1,4.954634029506994
2022,8,2022-10-22,regular,Mississippi State,Alabama,A,Y,6,30,-24,,21.0,consensus,-3.0,0.06999814510345459,1701,2174,1,0,-1,3.833151863048854
2022,10,2022-11-05,regular,Mississippi State,Auburn,H,Y,39,33,6,,-12.5,consensus,-6.5,0.3767205476760864,1690,1500,3,1,-2,7.8638242622812395
2022,11,2022-11-13,regular,Mississippi State,Georgia,H,Y,19,45,-26,,16.5,consensus,-9.5,0.0159512460231781,1688,2168,0,2,2,3.8727744406690667
2022,12,2022-11-19,regular,Mississippi State,East Tennessee State,H,N,56,7,49,,-39.0,consensus,10.0,0.982629656791687,1644,,1,3,2,1.941123222111762
2022,13,2022-11-25,regular,Mississippi State,Ole Miss,A,Y,24,22,2,,2.5,consensus,4.5,0.46275919675827026,1672,1679,3,1,-2,7.00141460010745
2022,1,2023-01-02,postseason,Mississippi State,Illinois,N,N,19,10,9,,-3.5,consensus,5.5,0.7657657414674759,1675,1768,2,0,-2,4.770100229291061
2022,1,2022-09-02,regular,Missouri,Louisiana Tech,H,N,52,24,28,,-20.5,consensus,7.5,1,1404,1301,2,3,1,3.393519295496078
2022,2,2022-09-10,regular,Missouri,Kansas State,A,N,12,40,-28,,7.5,consensus,-20.5,0.004056394100189209,1465,1616,4,1,-3,2.5564447376073964
2022,3,2022-09-17,regular,Missouri,Abilene Christian,H,N,34,17,17,,-31.5,consensus,-14.5,1,1405,,1,2,1,2.2171528888745873
2022,4,2022-09-24,regular,Missouri,Auburn,A,Y,14,17,-3,,7.5,consensus,4.5,0.14702177047729492,1410,1560,2,0,-2,6.61184328984131
2022,5,2022-10-01,regular,Missouri,Georgia,H,Y,22,26,-4,,30.5,consensus,26.5,0.19929364323616028,1411,2090,0,2,2,4.818980944780097
2022,6,2022-10-08,regular,Missouri,Florida,A,Y,17,24,-7,,10.5,consensus,3.5,0.2335858941078186,1443,1569,2,2,0,4.3159651252726094
2022,8,2022-10-22,regular,Missouri,Vanderbilt,H,Y,17,14,3,,-14.0,consensus,-11.0,0.8169988989830017,1440,1271,4,1,-3,4.074231755701864
2022,9,2022-10-29,regular,Missouri,South Carolina,A,Y,23,10,13,,3.5,consensus,16.5,0.9980679347645491,1439,1582,0,2,2,4.347418059625964
2022,10,2022-11-05,regular,Missouri,Kentucky,H,Y,17,21,-4,,-1.0,consensus,-5.0,0.022054802626371384,1483,1612,2,0,-2,5.675530904056807
2022,11,2022-11-12,regular,Missouri,Tennessee,A,Y,24,66,-42,,19.5,consensus,-22.5,0.1374073624610901,1485,1957,1,0,-1,3.5925035785285155
2022,12,2022-11-20,regular,Missouri,New Mexico State,H,N,45,14,31,,-29.0,consensus,2.0,0.9943665862083435,1424,1081,1,2,1,2.5607688184244535
2022,13,2022-11-25,regular,Missouri,Arkansas,H,Y,29,27,2,,3.5,consensus,5.5,0.9958110451698303,1467,1696,0,2,2,6.166836243121122
2022,1,2022-12-23,postseason,Missouri,Wake Forest,N,N,17,27,-10,,2.5,consensus,-7.5,0.07254710793495178,1470,1663,1,1,0,6.140570875571736
2022,1,2022-09-03,regular,Oklahoma,UTEP,H,N,45,13,32,,-31.0,consensus,1.0,0.9920453429222107,1749,1323,0,1,1,2.7646397738926534
2022,2,2022-09-10,regular,Oklahoma,Kent State,H,N,33,3,30,,-33.0,consensus,-3.0,0.9898011684417725,1786,1299,0,2,2,7.725032771883896
2022,3,2022-09-17,regular,Oklahoma,Nebraska,A,N,49,14,35,,-10.5,consensus,24.5,0.9753376506268978,1811,1596,1,2,1,4.219445806119179
2022,4,2022-09-25,regular,Oklahoma,Kansas State,H,Y,34,41,-7,,-13.5,consensus,-20.5,0.4798511862754822,1884,1642,0,0,0,6.738990950787334
2022,5,2022-10-01,regular,Oklahoma,TCU,A,Y,24,55,-31,,-5.0,consensus,-36.0,0.01361227035522461,1851,1526,1,0,-1,3.7186139083171783
2022,6,2022-10-08,regular,Oklahoma,Texas,N,Y,0,49,-49,,7.5,consensus,-41.5,0.014548488892614841,1721,1759,2,1,-1,2.378093891475604
2022,7,2022-10-15,regular,Oklahoma,Kansas,H,Y,52,42,10,,-10.5,consensus,-0.5,0.6592330467853718,1582,1366,3,2,-1,4.9827436989
2022,9,2022-10-29,regular,Oklahoma,Iowa State,A,Y,27,13,14,,-1.5,consensus,12.5,0.9542518779635429,1584,1777,1,3,2,5.230608755141591
2022,10,2022-11-05,regular,Oklahoma,Baylor,H,Y,35,38,-3,,-3.0,consensus,-6.0,0.1903543621301651,1636,1789,3,1,-2,5.8186068228872205
2022,11,2022-11-12,regular,Oklahoma,West Virginia,A,Y,20,23,-3,,-8.5,consensus,-11.5,0.10404568910598755,1640,1374,0,2,2,6.86694294005225
2022,12,2022-11-20,regular,Oklahoma,Oklahoma State,H,Y,28,13,15,,-7.0,consensus,8.0,0.9198924899101257,1635,1589,2,4,2,2.6271108213880257
2022,13,2022-11-27,regular,Oklahoma,Texas Tech,A,Y,48,51,-3,,-1.5,consensus,-4.5,0.35628896951675415,1662,1589,1,2,1,12.33104979912749
2022,1,2022-12-29,postseason,Oklahoma,Florida State,N,N,32,35,-3,,10.5,consensus,7.5,0.30167490243911743,1660,1850,1,1,0,8.869266543179828
2022,1,2022-09-03,regular,Ole Miss,Troy,H,N,28,10,18,,-21.5,consensus,-3.5,0.9973421096801758,1658,1347,3,2,-1,2.383040201768035
2022,2,2022-09-10,regular,Ole Miss,Central Arkansas,H,N,59,3,56,,-36.5,consensus,19.5,0.9445592761039734,1681,,1,4,3,2.1815020149153215
2022,3,2022-09-17,regular,Ole Miss,Georgia Tech,A,N,42,0,42,,-17.0,consensus,25.0,1,1670,1317,1,0,-1,2.8885746806958648
2022,4,2022-09-24,regular,Ole Miss,Tulsa,H,N,35,27,8,,-21.0,consensus,-13.0,0.7381297945976257,1748,1499,1,1,0,4.531009839610124
2022,5,2022-10-01,regular,Ole Miss,Kentucky,H,Y,22,19,3,,-6.5,consensus,-3.5,0.47384053468704224,1745,1713,1,2,1,5.181231820390617
2022,6,2022-10-08,regular,Ole Miss,Vanderbilt,A,Y,52,28,24,,-17.0,consensus,7.0,0.9864974739030004,1746,1358,2,1,-1,4.9201688483212385
2022,7,2022-10-15,regular,Ole Miss,Auburn,H,Y,48,34,14,,-15.5,consensus,-1.5,0.8644012808799744,1766,1529,1,3,2,4.0822972831720605
2022,8,2022-10-22,regular,Ole Miss,LSU,A,Y,20,45,-25,,-0.0,consensus,-25.0,0.009190797805786133,1775,1612,1,0,-1,5.147260568172203
2022,9,2022-10-29,regular,Ole Miss,Texas A&M,A,Y,31,28,3,,-3.0,consensus,0.0,0.9036879017949104,1692,1657,0,0,0,6.30600813978382
2022,11,2022-11-12,regular,Ole Miss,Alabama,H,Y,24,30,-6,,11.0,consensus,5.0,0.4696446657180786,1694,2172,1,1,0,6.27051499958194
2022,12,2022-11-20,regular,Ole Miss,Arkansas,A,Y,27,42,-15,,-1.0,consensus,-16.0,0.021801650524139404,1715,1660,3,0,-3,2.9672948551835625
2022,13,2022-11-25,regular,Ole Miss,Mississippi State,H,Y,22,24,-2,,-2.5,consensus,-4.5,0.5372408032417297,1679,1672,1,3,2,7.00141460010745
2022,1,2022-12-29,postseason,Ole Miss,Texas Tech,N,N,25,42,-17,,-4.0,consensus,-21.0,0.13691309094429016,1676,1591,4,3,-1,4.4507260802413935
2022,1,2022-09-03,regular,South Carolina,Georgia State,H,N,35,14,21,,-12.5,consensus,8.5,0.8252294659614563,1486,1522,2,1,-1,5.315960991829729
2022,2,2022-09-10,regular,South Carolina,Arkansas,A,Y,30,44,-14,,8.5,consensus,-5.5,0.026805877685546875,1540,1646,3,0,-3,3.7392828655693404
2022,3,2022-09-17,regular,South Carolina,Georgia,H,Y,7,48,-41,,25.5,consensus,-15.5,0.021045170724391937,1521,2070,3,0,-3,2.853866126313109
2022,4,2022-09-24,regular,South Carolina,Charlotte,H,N,56,20,36,,-23.5,consensus,12.5,0.9999808073043823,1470,1169,2,3,1,4.162835036190633
2022,5,2022-09-29,regular,South Carolina,South Carolina State,H,N,50,10,40,,-40.5,consensus,-0.5,0.989801287651062,1546,,3,3,0,2.097990527165064
2022,6,2022-10-08,regular,South Carolina,Kentucky,A,Y,24,14,10,,4.5,consensus,14.5,0.9701741002500057,1533,1712,2,2,0,5.4287843901029635
2022,8,2022-10-22,regular,South Carolina,Texas A&M,H,Y,30,24,6,,3.0,consensus,9.0,1,1570,1669,2,2,0,4.039487818171499
2022,9,2022-10-29,regular,South Carolina,Missouri,H,Y,10,23,-13,,-3.5,consensus,-16.5,0.0019320652354508638,1582,1439,2,0,-2,4.347418059625964
2022,10,2022-11-05,regular,South Carolina,Vanderbilt,A,Y,38,27,11,,-6.5,consensus,4.5,0.8299428373575211,1538,1272,1,4,3,4.12739736716559
2022,11,2022-11-12,regular,South Carolina,Florida,A,Y,6,38,-32,,8.0,consensus,-24.0,0,1539,1604,3,1,-2,2.038415292937075
2022,12,2022-11-20,regular,South Carolina,Tennessee,H,Y,63,38,25,,22.5,consensus,47.5,1,1460,2018,0,1,1,4.054391638510753
2022,13,2022-11-26,regular,South Carolina,Clemson,A,N,31,30,1,,14.0,consensus,15.0,0.626218855381012,1599,1834,2,3,1,5.891695453924142
2022,1,2022-12-30,postseason,South Carolina,Notre Dame,N,N,38,45,-7,,5.0,consensus,-2.0,0.40977126359939575,1612,1858,2,3,1,6.4322447234404665
2022,1,2022-09-01,regular,Tennessee,Ball State,H,N,59,10,49,,-35.5,consensus,13.5,0.9900451302528381,1640,1410,1,3,2,2.1154187298192477
2022,2,2022-09-10,regular,Tennessee,Pittsburgh,A,N,34,27,7,,-6.0,consensus,1.0,0.5631033778190613,1756,1667,2,2,0,7.4370516221793475
2022,3,2022-09-17,regular,Tennessee,Akron,H,N,63,6,57,,-47.5,consensus,9.5,0.9919136762619019,1762,1009,0,1,1,2.5623726623727574
2022,4,2022-09-24,regular,Tennessee,Florida,H,Y,38,33,5,,-11.0,consensus,-6.0,0.5278220176696777,1835,1564,2,2,0,6.820161641876708
2022,6,2022-10-08,regular,Tennessee,LSU,A,Y,40,13,27,,-2.5,consensus,24.5,0.9950203411281109,1830,1644,0,2,2,3.634893754256527
2022,7,2022-10-15,regular,Tennessee,Alabama,H,Y,52,49,3,,9.0,consensus,12.0,0.34472736716270447,1881,2179,2,1,-1,7.704624627020055
2022,8,2022-10-22,regular,Tennessee,UT Martin,H,N,65,24,41,,-38.5,consensus,2.5,0.9916463494300842,1910,,1,2,1,3.7221496619752417
2022,9,2022-10-29,regular,Tennessee,Kentucky,H,Y,44,6,38,,-10.5,consensus,27.5,0.9938032031059265,1886,1696,0,3,3,2.1455720461183696
2022,10,2022-11-05,regular,Tennessee,Georgia,A,Y,13,27,-14,,10.0,consensus,-4.0,0,1970,2155,2,2,0,2.8289506010904555
2022,11,2022-11-12,regular,Tennessee,Missouri,H,Y,66,24,42,,-19.5,consensus,22.5,0.8625926375389099,1957,1485,0,1,1,3.5925035785285155
2022,12,2022-11-20,regular,Tennessee,South Carolina,A,Y,38,63,-25,,-22.5,consensus,-47.5,0,2018,1460,1,0,-1,4.054391638510753
2022,13,2022-11-27,regular,Tennessee,Vanderbilt,A,Y,56,0,56,,-14.0,consensus,42.0,0.9993906384333968,1879,1332,0,1,1,2.443515948560276
2022,1,2022-12-31,postseason,Tennessee,Clemson,N,N,31,14,17,,4.5,consensus,21.5,0.9817557465285063,1977,1866,0,2,2,5.796320439127001
2022,1,2022-09-04,regular,Texas,UL Monroe,H,N,52,10,42,,-37.5,consensus,4.5,0.985526442527771,1633,1207,1,1,0,2.6326320252229345
2022,2,2022-09-10,regular,Texas,Alabama,H,N,19,20,-1,,21.0,consensus,20.0,0.5876246690750122,1700,2089,0,0,0,6.527319089176115
2022,3,2022-09-18,regular,Texas,UTSA,H,N,41,20,21,,-13.0,consensus,8.0,0.9914759993553162,1716,1521,0,1,1,5.031843808055324
2022,4,2022-09-24,regular,Texas,Texas Tech,A,Y,34,37,-3,,-7.0,consensus,-10.0,0.24522215127944946,1746,1520,2,0,-2,8.141224095828687
2022,5,2022-10-01,regular,Texas,West Virginia,H,Y,38,20,18,,-7.5,consensus,10.5,0.9893155097961426,1742,1493,0,0,0,2.28395963872311
2022,6,2022-10-08,regular,Texas,Oklahoma,N,Y,49,0,49,,-7.5,consensus,41.5,0.9854515111073852,1759,1721,1,2,1,2.378093891475604
2022,7,2022-10-15,regular,Texas,Iowa State,H,Y,24,21,3,,-15.5,consensus,-12.5,0.8687171339988708,1898,1776,0,2,2,5.7833144906435265
2022,8,2022-10-22,regular,Texas,Oklahoma State,A,Y,34,41,-7,,-6.5,consensus,-13.5,0.15571635961532593,1897,1818,3,2,-1,8.0427244155103
2022,10,2022-11-05,regular,Texas,Kansas State,A,Y,34,27,7,,-3.0,consensus,4.0,0.94030886515975,1883,1841,2,2,0,4.357198518670262
2022,11,2022-11-13,regular,Texas,TCU,H,Y,10,17,-7,,-7.5,consensus,-14.5,0.05890797823667526,1893,1677,1,1,0,4.639655068944493
2022,12,2022-11-19,regular,Texas,Kansas,A,Y,55,14,41,,-9.0,consensus,32.0,0.9374753385782242,1862,1429,0,1,1,2.136811953022644
2022,13,2022-11-25,regular,Texas,Baylor,H,Y,38,27,11,,-10.0,consensus,1.0,0.9959493279457092,1927,1713,4,1,-3,5.798021825662384
2022,1,2022-12-30,postseason,Texas,Washington,N,N,20,27,-7,,-3.5,consensus,-10.5,0.3372200131416321,1931,1729,0,1,1,3.703849969765962
2022,1,2022-09-03,regular,Texas A&M,Sam Houston,H,N,31,0,31,,-36.5,consensus,-5.5,0.9280256032943726,1708,,2,2,0,2.2967790548421876
2022,2,2022-09-10,regular,Texas A&M,App State,H,N,14,17,-3,,-18.0,consensus,-21.0,0.2809922397136688,1708,1648,2,0,-2,5.375533410862889
2022,3,2022-09-18,regular,Texas A&M,Miami,H,N,17,9,8,,-6.5,consensus,1.5,0.8347919583320618,1700,1596,0,1,1,3.1495670237691655
2022,4,2022-09-24,regular,Texas A&M,Arkansas,N,Y,23,21,2,,-1.5,consensus,0.5,0.3009270115672987,1706,1665,0,1,1,6.7158801555
2022,5,2022-10-01,regular,Texas A&M,Mississippi State,A,Y,24,42,-18,,4.0,consensus,-14.0,0.045585691928863525,1708,1617,4,1,-3,3.6344322073264044
2022,6,2022-10-09,regular,Texas A&M,Alabama,A,Y,20,24,-4,,24.0,consensus,20.0,0.030139625072479248,1658,2190,1,4,3,6.646669316735048
2022,8,2022-10-22,regular,Texas A&M,South Carolina,A,Y,24,30,-6,,-3.0,consensus,-9.0,0,1669,1570,2,2,0,4.039487818171499
2022,9,2022-10-29,regular,Texas A&M,Ole Miss,H,Y,28,31,-3,,3.0,consensus,0.0,0.09631209820508957,1657,1692,0,0,0,6.30600813978382
2022,10,2022-11-05,regular,Texas A&M,Florida,H,Y,24,41,-17,,-1.5,consensus,-18.5,0.01812984235584736,1655,1552,2,0,-2,5.5912916495664575
2022,11,2022-11-13,regular,Texas A&M,Auburn,A,Y,10,13,-3,,1.5,consensus,-1.5,0,1603,1502,1,3,2,3.8866136810217635
2022,12,2022-11-19,regular,Texas A&M,Massachusetts,H,N,20,3,17,,-32.0,consensus,-15.0,1,1601,877,4,1,-3,3.892276556992265
2022,13,2022-11-27,regular,Texas A&M,LSU,H,Y,38,23,15,,10.0,consensus,25.0,0.9043120741844177,1579,1779,0,1,1,4.291569507971237
2022,1,2022-08-28,regular,Vanderbilt,Hawai'i,A,N,63,10,53,,-9.0,consensus,44.0,1,1222,1432,0,2,2,3.9124190877135883
2022,1,2022-09-03,regular,Vanderbilt,Elon,H,N,42,31,11,,-18.5,consensus,-7.5,0.954739511013031,1425,,0,1,1,2.816732904182028
2022,2,2022-09-10,regular,Vanderbilt,Wake Forest,H,N,25,45,-20,,13.5,consensus,-6.5,0.023379962891340256,1431,1640,3,1,-2,3.7668824177621083
2022,3,2022-09-17,regular,Vanderbilt,Northern Illinois,A,N,38,28,10,,2.5,consensus,12.5,0.96379679068923,1403,1377,1,1,0,5.8241579597941024
2022,4,2022-09-24,regular,Vanderbilt,Alabama,A,Y,3,55,-52,,40.5,consensus,-11.5,0.013102114200592041,1422,2121,0,1,1,2.8878392505532267
2022,6,2022-10-08,regular,Vanderbilt,Ole Miss,H,Y,28,52,-24,,17.0,consensus,-7.0,0.013502526096999645,1358,1746,1,2,1,4.9201688483212385
2022,7,2022-10-15,regular,Vanderbilt,Georgia,A,Y,0,55,-55,,37.5,consensus,-17.5,0.007964491844177246,1338,2087,1,0,-1,1.818572377544368
2022,8,2022-10-22,regular,Vanderbilt,Missouri,A,Y,14,17,-3,,14.0,consensus,11.0,0.1830011010169983,1271,1440,1,4,3,4.074231755701864
2022,10,2022-11-05,regular,Vanderbilt,South Carolina,H,Y,27,38,-11,,6.5,consensus,-4.5,0.17005716264247894,1272,1538,4,1,-3,4.12739736716559
2022,11,2022-11-12,regular,Vanderbilt,Kentucky,A,Y,24,21,3,,17.0,consensus,20.0,0.37699371576309204,1271,1610,2,1,-1,6.092129465387157
2022,12,2022-11-19,regular,Vanderbilt,Florida,H,Y,31,24,7,,14.0,consensus,21.0,0.9300811886787415,1298,1683,2,2,0,4.456958694485075
2022,13,2022-11-27,regular,Vanderbilt,Tennessee,H,Y,0,56,-56,,14.0,consensus,-42.0,0.0006093615666031837,1332,1879,1,0,-1,2.443515948560276
2023,1,2023-09-02,regular,Alabama,Middle Tennessee,H,N,56,7,49,-39.0,-39.5,DraftKings,9.5,0.9931087493896484,1954,1415,0,2,2,2.3660010380675867
2023,2,2023-09-09,regular,Alabama,Texas,H,N,24,34,-10,-7.0,-7.0,DraftKings,-17.0,0.03577952831983566,2029,1776,2,0,-2,6.574196239443171
2023,3,2023-09-16,regular,Alabama,South Florida,A,N,17,3,14,-31.5,-34.5,Bovada,-20.5,0.8070495873689651,1984,1249,1,2,1,5.143241011904963
2023,4,2023-09-23,regular,Alabama,Ole Miss,H,Y,24,10,14,-15.5,-7.0,DraftKings,7.0,0.8264315128326416,1954,1672,1,1,0,4.611935424139347
2023,5,2023-10-01,regular,Alabama,Mississippi State,A,Y,40,17,23,-11.5,-14.5,DraftKings,8.5,1,1959,1551,0,3,3,3.535895562373643
2023,6,2023-10-07,regular,Alabama,Texas A&M,A,Y,26,20,6,-8.5,-1.0,DraftKings,5.0,0.8925671800971031,1975,1733,2,1,-1,5.6995955159211755
2023,7,2023-10-14,regular,Alabama,Arkansas,H,Y,24,21,3,-18.0,-19.5,DraftKings,-16.5,0.9433117531744127,1969,1604,0,0,0,6.0834716855
2023,8,2023-10-21,regular,Alabama,Tennessee,H,Y,34,20,14,-9.5,-9.5,DraftKings,4.5,0.9397637248039246,1966,1902,2,1,-1,6.18980783615802
2023,10,2023-11-04,regular,Alabama,LSU,H,Y,42,28,14,-7.0,-3.0,DraftKings,11.0,1,1989,1952,0,1,1,6.143252103893256
2023,11,2023-11-11,regular,Alabama,Kentucky,A,Y,49,21,28,-10.0,-10.0,DraftKings,18.0,0.9945925772190094,2014,1645,2,2,0,4.108274634232548
2023,12,2023-11-18,regular,Alabama,Chattanooga,H,N,66,10,56,,-44.5,ESPN Bet,11.5,0.9919071197509766,2072,,0,1,1,1.7016063828166044
2023,13,2023-11-25,regular,Alabama,Auburn,A,Y,27,24,3,-14.0,-14.5,DraftKings,-11.5,0.8532338165142304,2047,1612,0,3,3,7.3620010608
2023,14,2023-12-02,regular,Alabama,Georgia,N,Y,27,24,3,5.0,5.0,DraftKings,8.0,0.8988999128341675,2028,2122,0,1,1,4.750936560754581
2023,1,2024-01-01,postseason,Alabama,Michigan,N,N,20,27,-7,1.5,1.5,DraftKings,-5.5,0.21192902326583862,2039,2174,1,1,0,6.782818738425242
2023,1,2023-09-02,regular,Arkansas,Western Carolina,N,N,56,13,43,-35.0,-38.0,Bovada,5.0,0.9953924417495728,1624,,0,5,5,2.0346995450722654
2023,2,2023-09-09,regular,Arkansas,Kent State,H,N,28,6,22,-38.0,-38.5,DraftKings,-16.5,0.9987026109024985,1624,1262,0,1,1,6.4974422908
2023,3,2023-09-16,regular,Arkansas,BYU,H,N,31,38,-7,-10.0,-7.5,Bovada,-14.5,0.6130568385124207,1641,1544,2,1,-1,6.3909591621983814
2023,4,2023-09-23,regular,Arkansas,LSU,A,Y,31,34,-3,13.5,17.5,DraftKings,14.5,0.29213231801986694,1620,1753,2,1,-1,6.699183109667416
2023,5,2023-09-30,regular,Arkansas,Texas A&M,N,Y,22,34,-12,4.0,6.0,DraftKings,-6.0,0.23699069023132324,1621,1722,1,3,2,4.940210587681654
2023,6,2023-10-07,regular,Arkansas,Ole Miss,A,Y,20,27,-7,9.5,11.5,DraftKings,4.5,0.007851183414459229,1610,1679,2,0,-2,5.736668111924412
2023,7,2023-10-14,regular,Arkansas,Alabama,A,Y,21,24,-3,18.0,19.5,DraftKings,16.5,0.05668824682558726,1604,1969,0,0,0,6.0834716855
2023,8,2023-10-21,regular,Arkansas,Mississippi State,H,Y,3,7,-4,-7.0,-6.5,DraftKings,-10.5,0.1885746419429779,1607,1538,2,1,-1,4.710120177330631
2023,10,2023-11-04,regular,Arkansas,Florida,A,Y,39,36,3,5.0,4.5,DraftKings,7.5,0.4274705648422241,1596,1592,2,1,-1,9.99688203941452
2023,11,2023-11-11,regular,Arkansas,Auburn,H,Y,10,48,-38,-3.0,-3.0,DraftKings,-41.0,0,1600,1590,2,2,0,4.028112214051205
2023,12,2023-11-19,regular,Arkansas,Florida International,H,N,44,20,24,-32.0,-32.0,DraftKings,-8.0,0.9950094819068909,1485,995,0,2,2,3.65180705770332
2023,13,2023-11-24,regular,Arkansas,Missouri,H,Y,14,48,-34,7.0,7.0,DraftKings,-27.0,0.005770199932157993,1495,1759,5,0,-5,4.090696418303551
2023,1,2023-09-02,regular,Auburn,Massachusetts,H,N,59,14,45,,-39.0,consensus,6.0,0.9751526117324829,1564,1122,0,2,2,2.386898191743815
2023,2,2023-09-10,regular,Auburn,California,A,N,14,10,4,-6.0,-4.5,DraftKings,-0.5,0.8154527992010117,1638,1552,4,3,-1,5.582624721623181
2023,3,2023-09-16,regular,Auburn,Samford,H,N,45,13,32,,-37.5,William Hill (New Jersey),-5.5,0.9931033849716187,1697,,3,2,-1,3.255868070100453
2023,4,2023-09-23,regular,Auburn,Texas A&M,A,Y,10,27,-17,7.5,8.5,DraftKings,-8.5,0.0034981966018676758,1639,1690,0,1,1,3.560431544652165
2023,5,2023-09-30,regular,Auburn,Georgia,H,Y,20,27,-7,18.5,14.0,DraftKings,7.0,0.17471203207969666,1607,2055,1,2,1,5.380302646459668
2023,7,2023-10-14,regular,Auburn,LSU,A,Y,18,48,-30,16.5,11.5,DraftKings,-18.5,0.002814054489135742,1625,1743,0,1,1,2.5879563118390494
2023,8,2023-10-21,regular,Auburn,Ole Miss,H,Y,21,28,-7,3.0,6.5,DraftKings,-0.5,0.580512285232544,1559,1685,2,2,0,5.4018476020302035
2023,9,2023-10-28,regular,Auburn,Mississippi State,H,Y,27,13,14,-7.0,-6.5,DraftKings,7.5,0.9588845372200012,1555,1549,0,1,1,2.341343219838762
2023,10,2023-11-04,regular,Auburn,Vanderbilt,A,Y,31,15,16,-13.0,-12.5,DraftKings,3.5,0.922654777765274,1583,1268,1,1,0,3.8254653180020886
2023,11,2023-11-11,regular,Auburn,Arkansas,A,Y,48,10,38,3.0,3.0,DraftKings,41.0,1,1590,1600,2,2,0,4.028112214051205
2023,12,2023-11-18,regular,Auburn,New Mexico State,H,N,10,31,-21,-22.0,-22.0,DraftKings,-43.0,0,1705,1391,0,0,0,3.9374704925453847
2023,13,2023-11-25,regular,Auburn,Alabama,H,Y,24,27,-3,14.0,14.5,DraftKings,11.5,0.14676618348576967,1612,2047,3,0,-3,7.3620010608
2023,1,2023-12-30,postseason,Auburn,Maryland,N,N,13,31,-18,-1.5,-1.5,DraftKings,-19.5,0.055411458015441895,1631,1649,4,1,-3,2.12569895493549
2023,1,2023-09-01,regular,Florida,Utah,A,N,11,24,-13,,8.0,consensus,-5.0,0.012990236282348633,1554,1776,1,0,-1,2.6993799294899743
2023,2,2023-09-09,regular,Florida,McNeese,H,N,49,7,42,,-48.5,William Hill (New Jersey),-6.5,0.996726930141449,1558,,1,0,-1,1.836958622092549
2023,3,2023-09-16,regular,Florida,Tennessee,H,Y,29,16,13,7.5,7.0,DraftKings,20.0,0.9498108625411987,1546,1887,0,1,1,3.7144080567288333
2023,4,2023-09-23,regular,Florida,Charlotte,H,N,22,7,15,-28.0,-28.0,DraftKings,-13.0,0.9794722199440002,1603,1205,2,0,-2,2.533835048897901
2023,5,2023-09-30,regular,Florida,Kentucky,A,Y,14,33,-19,3.5,1.5,DraftKings,-17.5,0.0021142959594726562,1601,1675,1,0,-1,2.024712092981398
2023,6,2023-10-07,regular,Florida,Vanderbilt,H,Y,38,14,24,-18.0,-18.5,DraftKings,5.5,0.9834399223327637,1565,1289,1,1,0,3.059374850283714
2023,7,2023-10-14,regular,Florida,South Carolina,A,Y,41,39,2,1.0,2.5,DraftKings,4.5,0.13888221979141235,1595,1549,0,2,2,9.082473883766026
2023,9,2023-10-28,regular,Florida,Georgia,N,Y,20,43,-23,21.5,14.5,DraftKings,-8.5,0,1595,2070,1,0,-1,3.2311522185127295
2023,10,2023-11-04,regular,Florida,Arkansas,H,Y,36,39,-3,-5.0,-4.5,DraftKings,-7.5,0.5725294351577759,1592,1596,1,2,1,9.99688203941452
2023,11,2023-11-12,regular,Florida,LSU,A,Y,35,52,-17,16.5,14.0,DraftKings,-3.0,0.08549535274505615,1588,1927,1,1,0,5.875435401919501
2023,12,2023-11-19,regular,Florida,Missouri,A,Y,31,33,-2,10.5,10.5,DraftKings,8.5,0.47985100746154785,1581,1761,2,0,-2,7.34940038917857
2023,13,2023-11-26,regular,Florida,Florida State,H,N,15,24,-9,9.0,6.0,DraftKings,-3.0,0.8001095056533813,1583,1954,1,0,-1,4.7851383374538745
2023,1,2023-09-02,regular,Georgia,UT Martin,H,N,48,7,41,-50.0,-51.0,Bovada,-10.0,0.9988458144967923,2033,,0,1,1,3.7616657728
2023,2,2023-09-09,regular,Georgia,Ball State,H,N,45,3,42,-41.5,-42.0,DraftKings,0.0,0.9893914461135864,2033,1305,1,3,2,2.67585382293765
2023,3,2023-09-16,regular,Georgia,South Carolina,H,Y,24,14,10,-24.0,-24.5,DraftKings,-14.5,0.9927236437797546,2065,1540,0,2,2,4.63409617296879
2023,4,2023-09-23,regular,Georgia,UAB,H,N,49,21,28,-42.0,-41.5,DraftKings,-13.5,0.9799349308013916,2048,1427,3,1,-2,3.0801765469867646
2023,5,2023-09-30,regular,Georgia,Auburn,A,Y,27,20,7,-18.5,-14.0,DraftKings,-7.0,0.8252879679203033,2055,1607,2,1,-1,5.380302646459668
2023,6,2023-10-07,regular,Georgia,Kentucky,H,Y,51,13,38,-21.5,-14.5,DraftKings,23.5,0.9830808639526367,2037,1711,1,0,-1,1.8737033893454944
2023,7,2023-10-14,regular,Georgia,Vanderbilt,A,Y,37,20,17,-31.5,-32.5,DraftKings,-15.5,0.6509475111961365,2103,1259,2,1,-1,3.252757605678285
2023,9,2023-10-28,regular,Georgia,Florida,N,Y,43,20,23,-21.5,-14.5,DraftKings,8.5,1,2070,1595,0,1,1,3.2311522185127295
2023,10,2023-11-04,regular,Georgia,Missouri,H,Y,30,21,9,-15.5,-15.0,DraftKings,-6.0,0.7125607132911682,2073,1630,0,2,2,6.313168714767845
2023,11,2023-11-12,regular,Georgia,Ole Miss,H,Y,52,17,35,-19.5,-13.0,DraftKings,22.0,0.9934244751930237,2060,1714,1,1,0,3.8263285431817455
2023,12,2023-11-18,regular,Georgia,Tennessee,A,Y,38,10,28,-8.5,-10.0,DraftKings,18.0,0.9843325205147266,2115,1830,1,0,-1,3.3827510583915443
2023,13,2023-11-26,regular,Georgia,Georgia Tech,A,N,31,23,8,-23.0,-23.0,DraftKings,-15.0,0.8337839245796204,2158,1419,2,0,-2,3.6268672294105824
2023,14,2023-12-02,regular,Georgia,Alabama,N,Y,24,27,-3,-5.0,-5.0,DraftKings,-8.0,0.10110008716583252,2122,2028,1,0,-1,4.750936560754581
2023,1,2023-12-30,postseason,Georgia,Florida State,N,N,63,3,60,-13.5,-13.5,DraftKings,46.5,0.9923091642558575,2111,1951,0,4,4,2.473631948417131
2023,1,2023-09-02,regular,Kentucky,Ball State,H,N,44,14,30,-26.5,-26.5,DraftKings,3.5,0.8427433967590332,1570,1360,1,2,1,2.93496709628458
2023,2,2023-09-09,regular,Kentucky,Eastern Kentucky,H,N,28,17,11,-35.5,-35.5,DraftKings,-24.5,0.9494829773902893,1730,,1,2,1,5.0669307818770974
2023,3,2023-09-16,regular,Kentucky,Akron,H,N,35,3,32,-24.5,-25.5,Bovada,6.5,0.9918233156204224,1625,1268,3,1,-2,2.4206917364202525
2023,4,2023-09-23,regular,Kentucky,Vanderbilt,A,Y,45,28,17,-14.0,-13.5,DraftKings,3.5,0.9845554400235415,1669,1316,2,4,2,3.30377304671024
2023,5,2023-09-30,regular,Kentucky,Florida,H,Y,33,14,19,-3.5,-1.5,DraftKings,17.5,0.9978857040405273,1675,1601,0,1,1,2.024712092981398
2023,6,2023-10-07,regular,Kentucky,Georgia,A,Y,13,51,-38,21.5,14.5,DraftKings,-23.5,0.01691913604736328,1711,2037,0,1,1,1.8737033893454944
2023,7,2023-10-14,regular,Kentucky,Missouri,H,Y,21,38,-17,-2.5,-2.5,DraftKings,-19.5,0.019587013870477676,1645,1526,3,1,-2,5.561388092180199
2023,9,2023-10-28,regular,Kentucky,Tennessee,H,Y,27,33,-6,3.5,3.5,DraftKings,-2.5,0.15966427326202393,1591,1879,0,0,0,5.810001759674932
2023,10,2023-11-04,regular,Kentucky,Mississippi State,A,Y,24,3,21,-3.0,-5.0,DraftKings,16.0,1,1600,1521,0,1,1,3.1871900528112276
2023,11,2023-11-11,regular,Kentucky,Alabama,H,Y,21,49,-28,10.0,10.0,DraftKings,-18.0,0.005407422780990601,1645,2014,2,2,0,4.108274634232548
2023,12,2023-11-19,regular,Kentucky,South Carolina,A,Y,14,17,-3,-1.5,-1.5,DraftKings,-4.5,0.012853562831878662,1612,1597,3,0,-3,5.1585674335051745
2023,13,2023-11-25,regular,Kentucky,Louisville,A,N,38,31,7,7.0,7.0,DraftKings,14.0,0.6382710039615631,1611,1761,1,3,2,6.770680853932759
2023,1,2023-12-29,postseason,Kentucky,Clemson,N,N,35,38,-3,7.5,7.5,DraftKings,4.5,0.3369513750076294,1636,1769,4,1,-3,7.889368274324155
2023,1,2023-09-03,regular,LSU,Florida State,N,N,24,45,-21,,-2.5,consensus,-23.5,0.006825447082519531,1747,1732,2,1,-1,5.788158954416528
2023,2,2023-09-09,regular,LSU,Grambling,H,N,72,10,62,,-56.5,William Hill (New Jersey),5.5,0.970504879951477,1484,,0,2,2,2.792762146045012
2023,3,2023-09-16,regular,LSU,Mississippi State,A,Y,41,14,27,-9.0,-7.5,DraftKings,19.5,0.9858876233920455,1687,1627,0,0,0,3.614923634901991
2023,4,2023-09-23,regular,LSU,Arkansas,H,Y,34,31,3,-13.5,-17.5,DraftKings,-14.5,0.7078676819801331,1753,1620,1,2,1,6.699183109667416
2023,5,2023-09-30,regular,LSU,Ole Miss,A,Y,49,55,-6,-4.5,-2.5,DraftKings,-8.5,0.38900500535964966,1752,1667,1,0,-1,8.87566658644997
2023,6,2023-10-07,regular,LSU,Missouri,A,Y,49,39,10,-8.0,-4.0,DraftKings,6.0,0.9967635187786072,1740,1529,0,2,2,7.433456205853879
2023,7,2023-10-14,regular,LSU,Auburn,H,Y,48,18,30,-16.5,-11.5,DraftKings,18.5,0.9971859455108643,1743,1625,1,0,-1,2.5879563118390494
2023,8,2023-10-21,regular,LSU,Army,H,N,62,0,62,-29.5,-33.0,DraftKings,29.0,0.9897582530975342,1809,1444,0,4,4,2.143393067008351
2023,10,2023-11-04,regular,LSU,Alabama,A,Y,28,42,-14,7.0,3.0,DraftKings,-11.0,0,1952,1989,1,0,-1,6.143252103893256
2023,11,2023-11-12,regular,LSU,Florida,H,Y,52,35,17,-16.5,-14.0,DraftKings,3.0,0.9145046472549438,1927,1588,1,1,0,5.875435401919501
2023,12,2023-11-19,regular,LSU,Georgia State,H,N,56,14,42,-30.5,-30.5,DraftKings,11.5,0.9673275351524353,1934,1374,0,0,0,3.539469809570409
2023,13,2023-11-25,regular,LSU,Texas A&M,H,Y,42,30,12,-9.5,-10.5,DraftKings,1.5,0.4884084463119507,1985,1827,0,1,1,4.965661723627621
2023,1,2024-01-01,postseason,LSU,Wisconsin,N,N,35,31,4,-10.0,-10.0,DraftKings,-6.0,0.1341584175825119,1995,1621,1,1,0,7.1847001750706765
2023,1,2023-09-02,regular,Mississippi State,SE Louisiana,H,N,48,7,41,-28.0,-31.5,Bovada,9.5,0.9907048344612122,1629,,0,1,1,2.855565854234147
2023,2,2023-09-09,regular,Mississippi State,Arizona,H,N,31,24,7,-9.5,-8.5,DraftKings,-1.5,0.9436410665512085,1629,1416,1,5,4,5.674132282804362
2023,3,2023-09-16,regular,Mississippi State,LSU,H,Y,14,41,-27,9.0,7.5,DraftKings,-19.5,0.014112376607954502,1627,1687,0,0,0,3.614923634901991
2023,4,2023-09-23,regular,Mississippi State,South Carolina,A,Y,30,37,-7,6.5,6.0,DraftKings,-1.0,0.23848211765289307,1561,1557,2,1,-1,5.903555503865502
2023,5,2023-10-01,regular,Mississippi State,Alabama,H,Y,17,40,-23,11.5,14.5,DraftKings,-8.5,0,1551,1959,3,0,-3,3.535895562373643
2023,6,2023-10-07,regular,Mississippi State,Western Michigan,H,N,41,28,13,-21.5,-20.5,DraftKings,-7.5,0.9797731637954712,1535,1249,1,1,0,3.6895740148417406
2023,8,2023-10-21,regular,Mississippi State,Arkansas,A,Y,7,3,4,7.0,6.5,DraftKings,10.5,0.8114253580570221,1538,1607,1,2,1,4.710120177330631
2023,9,2023-10-28,regular,Mississippi State,Auburn,A,Y,13,27,-14,7.0,6.5,DraftKings,-7.5,0.04111546277999878,1549,1555,1,0,-1,2.341343219838762
2023,10,2023-11-04,regular,Mississippi State,Kentucky,H,Y,3,24,-21,3.0,5.0,DraftKings,-16.0,0,1521,1600,1,0,-1,3.1871900528112276
2023,11,2023-11-12,regular,Mississippi State,Texas A&M,A,Y,10,51,-41,18.5,18.5,DraftKings,-22.5,0.009537935256958008,1476,1743,4,0,-4,3.272433733182391
2023,12,2023-11-18,regular,Mississippi State,Southern Miss,H,N,41,20,21,-14.0,-14.0,DraftKings,7.0,0.958077073097229,1392,1184,0,2,2,4.3896739744772795
2023,13,2023-11-24,regular,Mississippi State,Ole Miss,H,Y,7,17,-10,1.5,11.0,DraftKings,1.0,0.03835942968726158,1421,1676,0,0,0,4.985995098971654
2023,1,2023-09-01,regular,Missouri,South Dakota,H,N,35,10,25,-27.5,-27.0,DraftKings,-2.0,0.9934393763542175,1480,,1,0,-1,2.0731976336654157
2023,2,2023-09-09,regular,Missouri,Middle Tennessee,H,N,23,19,4,-21.0,-21.0,DraftKings,-17.0,0.8048872351646423,1480,1340,0,0,0,4.585190162152191
2023,3,2023-09-16,regular,Missouri,Kansas State,H,N,30,27,3,2.0,2.0,DraftKings,5.0,0.8118879199028015,1479,1795,0,1,1,7.2612809447670665
2023,4,2023-09-23,regular,Missouri,Memphis,N,N,34,27,7,-5.5,-6.5,DraftKings,0.5,0.65269935131073,1485,1581,1,2,1,4.823522954908969
2023,5,2023-09-30,regular,Missouri,Vanderbilt,A,Y,38,21,17,-13.5,-13.5,DraftKings,3.5,0.9949882850050926,1508,1310,1,1,0,3.8213367399537863
2023,6,2023-10-07,regular,Missouri,LSU,H,Y,39,49,-10,8.0,4.0,DraftKings,-6.0,0.0032364812213927507,1529,1740,2,0,-2,7.433456205853879
2023,7,2023-10-14,regular,Missouri,Kentucky,A,Y,38,21,17,2.5,2.5,DraftKings,19.5,0.9804129861295223,1526,1645,1,3,2,5.561388092180199
2023,8,2023-10-21,regular,Missouri,South Carolina,H,Y,34,12,22,-6.0,-7.5,DraftKings,14.5,0.9903053045272827,1580,1549,0,1,1,2.6197865634004565
2023,10,2023-11-04,regular,Missouri,Georgia,A,Y,21,30,-9,15.5,15.0,DraftKings,6.0,0.2874392867088318,1630,2073,2,0,-2,6.313168714767845
2023,11,2023-11-11,regular,Missouri,Tennessee,H,Y,36,7,29,1.0,1.0,DraftKings,30.0,0.9213712215423584,1643,1948,1,3,2,5.335533629583766
2023,12,2023-11-19,regular,Missouri,Florida,H,Y,33,31,2,-10.5,-10.5,DraftKings,-8.5,0.5201489925384521,1761,1581,0,2,2,7.34940038917857
2023,13,2023-11-24,regular,Missouri,Arkansas,A,Y,48,14,34,-7.0,-7.0,DraftKings,27.0,0.994229800067842,1759,1495,0,5,5,4.090696418303551
2023,1,2023-12-30,postseason,Missouri,Ohio State,N,N,14,3,11,6.5,6.5,DraftKings,17.5,0.937360520018108,1823,2108,0,1,1,6.9882646053
2023,1,2023-09-02,regular,Oklahoma,Arkansas State,H,N,73,0,73,-33.5,-36.0,DraftKings,37.0,0.9919655919075012,1608,1256,0,1,1,1.888097348552917
2023,2,2023-09-09,regular,Oklahoma,SMU,H,N,28,11,17,-16.0,-16.5,DraftKings,0.5,1,1793,1535,0,2,2,4.755072357236241
2023,3,2023-09-16,regular,Oklahoma,Tulsa,A,N,66,17,49,-26.0,-28.0,Bovada,21.0,0.9776706416159868,1807,1370,2,5,3,2.4254905307612944
2023,4,2023-09-23,regular,Oklahoma,Cincinnati,A,Y,20,6,14,-14.5,-14.0,DraftKings,0.0,0.9189153984189034,1897,1597,1,2,1,5.127233280106722
2023,5,2023-09-30,regular,Oklahoma,Iowa State,H,Y,50,20,30,-20.0,-20.0,DraftKings,10.0,0.9872803688049316,1901,1537,1,2,1,3.647725356830426
2023,6,2023-10-07,regular,Oklahoma,Texas,N,Y,34,30,4,-6.5,5.5,DraftKings,9.5,0.7789706140756607,1939,1910,0,3,3,8.06180938771907
2023,8,2023-10-21,regular,Oklahoma,UCF,H,Y,31,29,2,-18.0,-17.5,DraftKings,-15.5,0.45751073956489563,1939,1540,1,0,-1,7.315160053350598
2023,9,2023-10-28,regular,Oklahoma,Kansas,A,Y,33,38,-5,-7.0,-9.0,DraftKings,-14.0,0.5054906010627747,1934,1546,3,3,0,8.779319683269716
2023,10,2023-11-04,regular,Oklahoma,Oklahoma State,A,Y,24,27,-3,-8.0,-6.0,DraftKings,-9.0,0.10845458507537842,1911,1624,3,1,-2,6.691184870230753
2023,11,2023-11-12,regular,Oklahoma,West Virginia,H,Y,59,20,39,-12.0,-12.0,DraftKings,27.0,0.9687048196792603,1906,1577,1,2,1,3.434402185860199
2023,12,2023-11-18,regular,Oklahoma,BYU,A,Y,31,24,7,-24.0,-24.0,DraftKings,-17.0,0.961460504680872,1975,1334,0,3,3,6.334550080616901
2023,13,2023-11-24,regular,Oklahoma,TCU,H,Y,69,45,24,-6.5,-12.5,DraftKings,11.5,1,1945,1660,2,1,-1,3.894179905770515
2023,1,2023-12-29,postseason,Oklahoma,Arizona,N,N,24,38,-14,1.0,1.0,DraftKings,-13.0,0.34772178530693054,1974,1778,6,1,-5,5.901661768197439
2023,1,2023-09-02,regular,Ole Miss,Mercer,H,N,73,7,66,-31.5,-34.0,Bovada,32.0,0.9938141703605652,1589,,1,3,2,2.1484603850557513
2023,2,2023-09-09,regular,Ole Miss,Tulane,A,N,37,20,17,-6.5,-8.5,DraftKings,8.5,0.9427277147769928,1589,1671,1,2,1,6.275807393230487
2023,3,2023-09-16,regular,Ole Miss,Georgia Tech,H,N,48,23,25,-19.0,-17.0,Bovada,8.0,1,1639,1362,0,0,0,3.3512905185211226
2023,4,2023-09-23,regular,Ole Miss,Alabama,A,Y,10,24,-14,15.5,7.0,DraftKings,-7.0,0.1735684871673584,1672,1954,1,1,0,4.611935424139347
2023,5,2023-09-30,regular,Ole Miss,LSU,H,Y,55,49,6,4.5,2.5,DraftKings,8.5,0.6109949946403503,1667,1752,0,1,1,8.87566658644997
2023,6,2023-10-07,regular,Ole Miss,Arkansas,H,Y,27,20,7,-9.5,-11.5,DraftKings,-4.5,0.9921488165855408,1679,1610,0,2,2,5.736668111924412
2023,8,2023-10-21,regular,Ole Miss,Auburn,A,Y,28,21,7,-3.0,-6.5,DraftKings,0.5,0.41948771476745605,1685,1559,2,2,0,5.4018476020302035
2023,9,2023-10-28,regular,Ole Miss,Vanderbilt,H,Y,33,7,26,-25.5,-24.5,DraftKings,1.5,0.9912412762641907,1689,1292,1,2,1,1.9607960570763636
2023,10,2023-11-04,regular,Ole Miss,Texas A&M,H,Y,38,35,3,-3.0,-3.0,DraftKings,0.0,0.7903981914576,1713,1744,0,1,1,8.5472397955
2023,11,2023-11-12,regular,Ole Miss,Georgia,A,Y,17,52,-35,19.5,13.0,DraftKings,-22.0,0.006575524806976318,1714,2060,1,1,0,3.8263285431817455
2023,12,2023-11-18,regular,Ole Miss,UL Monroe,H,N,35,3,32,-37.0,-37.0,DraftKings,-5.0,1,1659,1035,0,1,1,3.348865528245617
2023,13,2023-11-24,regular,Ole Miss,Mississippi State,A,Y,17,7,10,-1.5,-11.0,DraftKings,-1.0,0.9616405703127384,1676,1421,0,0,0,4.985995098971654
2023,1,2023-12-30,postseason,Ole Miss,Penn State,N,N,38,25,13,3.5,3.5,DraftKings,16.5,0.8175514191389084,1676,2061,0,2,2,5.5679985397957825
2023,1,2023-09-02,regular,South Carolina,North Carolina,N,N,17,31,-14,,-2.5,consensus,-16.5,0,1580,1539,0,2,2,6.807055393876844
2023,2,2023-09-09,regular,South Carolina,Furman,H,N,47,21,26,,-18.0,William Hill (New Jersey),8.0,0.9605110287666321,1459,,1,1,0,4.43057509821862
2023,3,2023-09-16,regular,South Carolina,Georgia,A,Y,14,24,-10,24.0,24.5,DraftKings,14.5,0.007276356220245361,1540,2065,2,0,-2,4.63409617296879
2023,4,2023-09-23,regular,South Carolina,Mississippi State,H,Y,37,30,7,-6.5,-6.0,DraftKings,1.0,0.7615178823471069,1557,1561,1,2,1,5.903555503865502
2023,5,2023-09-30,regular,South Carolina,Tennessee,A,Y,20,41,-21,13.0,12.5,DraftKings,-8.5,0.005768001079559326,1567,1883,1,2,1,3.680708868879232
2023,7,2023-10-14,regular,South Carolina,Florida,H,Y,39,41,-2,-1.0,-2.5,DraftKings,-4.5,0.8611177802085876,1549,1595,2,0,-2,9.082473883766026
2023,8,2023-10-21,regular,South Carolina,Missouri,A,Y,12,34,-22,6.0,7.5,DraftKings,-14.5,0.009694695472717285,1549,1580,1,0,-1,2.6197865634004565
2023,9,2023-10-28,regular,South Carolina,Texas A&M,A,Y,17,30,-13,14.0,14.5,DraftKings,1.5,0.20748555660247803,1499,1738,1,0,-1,3.625831456680813
2023,10,2023-11-04,regular,South Carolina,Jacksonville State,H,N,38,28,10,-15.5,-15.5,DraftKings,-5.5,0.9917386174201965,1493,1508,1,4,3,6.954698275016566
2023,11,2023-11-11,regular,South Carolina,Vanderbilt,H,Y,47,6,41,-14.0,-14.0,DraftKings,27.0,0.9773297905921936,1511,1261,1,2,1,2.6174784115141896
2023,12,2023-11-19,regular,South Carolina,Kentucky,H,Y,17,14,3,1.5,1.5,DraftKings,4.5,0.9871464371681213,1597,1612,0,3,3,5.1585674335051745
2023,13,2023-11-26,regular,South Carolina,Clemson,H,N,7,16,-9,7.0,7.0,DraftKings,-2.0,0.0032313354313373566,1598,1765,2,1,-1,4.290412204214198
2023,1,2023-09-02,regular,Tennessee,Virginia,N,N,49,13,36,,-28.0,consensus,8.0,0.9875525236129761,1833,1393,1,0,-1,2.857223860667069
2023,2,2023-09-09,regular,Tennessee,Austin Peay,H,N,30,13,17,-45.5,-45.5,DraftKings,-28.5,0.9913535714149475,1735,,1,2,1,4.550903749976354
2023,3,2023-09-16,regular,Tennessee,Florida,A,Y,16,29,-13,-7.5,-7.0,DraftKings,-20.0,0.05018913745880127,1887,1546,1,0,-1,3.7144080567288333
2023,4,2023-09-23,regular,Tennessee,UTSA,H,N,45,14,31,-20.5,-21.5,DraftKings,9.5,0.9831174612045288,1830,1575,1,3,2,2.2126093392681603
2023,5,2023-09-30,regular,Tennessee,South Carolina,H,Y,41,20,21,-13.0,-12.5,DraftKings,8.5,0.9942319989204407,1883,1567,2,1,-1,3.680708868879232
2023,7,2023-10-14,regular,Tennessee,Texas A&M,H,Y,20,13,7,-7.0,-3.0,DraftKings,4.0,0.6652219295501709,1901,1739,1,2,1,6.453905735791416
2023,8,2023-10-21,regular,Tennessee,Alabama,A,Y,20,34,-14,9.5,9.5,DraftKings,-4.5,0.06023627519607544,1902,1966,1,2,1,6.18980783615802
2023,9,2023-10-28,regular,Tennessee,Kentucky,A,Y,33,27,6,-3.5,-3.5,DraftKings,2.5,0.8403357267379761,1879,1591,0,0,0,5.810001759674932
2023,10,2023-11-04,regular,Tennessee,UConn,H,N,59,3,56,-34.0,-36.0,DraftKings,20.0,0.9658122658729553,1870,1187,0,3,3,2.618328726468474
2023,11,2023-11-11,regular,Tennessee,Missouri,A,Y,7,36,-29,-1.0,-1.0,DraftKings,-30.0,0.0786287784576416,1948,1643,3,1,-2,5.335533629583766
2023,12,2023-11-18,regular,Tennessee,Georgia,H,Y,10,38,-28,8.5,10.0,DraftKings,-18.0,0.01566747948527336,1830,2115,0,1,1,3.3827510583915443
2023,13,2023-11-25,regular,Tennessee,Vanderbilt,H,Y,48,24,24,-25.5,-25.5,DraftKings,-1.5,0.993727541165205,1787,1175,1,0,-1,5.8917547354
2023,1,2024-01-01,postseason,Tennessee,Iowa,N,N,35,0,35,-8.0,-8.0,DraftKings,27.0,1,1786,1666,0,3,3,2.4893769197796813
2023,1,2023-09-02,regular,Texas,Rice,H,N,37,10,27,-35.5,-35.0,DraftKings,-8.0,0.8952619433403015,1766,1204,0,3,3,4.979278887264756
2023,2,2023-09-09,regular,Texas,Alabama,A,N,34,24,10,7.0,7.0,DraftKings,17.0,0.9642204716801643,1776,2029,0,2,2,6.574196239443171
2023,3,2023-09-17,regular,Texas,Wyoming,H,N,31,10,21,-28.0,-31.0,Bovada,-10.0,0.984604001045227,1821,1412,1,1,0,4.31688491410334
2023,4,2023-09-23,regular,Texas,Baylor,A,Y,38,6,32,-8.0,-14.5,DraftKings,17.5,0.9887274177744985,1831,1563,2,1,-1,3.740726262775553
2023,5,2023-09-30,regular,Texas,Kansas,H,Y,40,14,26,-18.0,-16.5,DraftKings,9.5,0.9918689727783203,1888,1480,1,1,0,3.563231744496986
2023,6,2023-10-07,regular,Texas,Oklahoma,N,Y,30,34,-4,6.5,-5.5,DraftKings,-9.5,0.2210293859243393,1910,1939,3,0,-3,8.06180938771907
2023,8,2023-10-21,regular,Texas,Houston,A,Y,31,24,7,-22.0,-23.5,DraftKings,-16.5,0.5665886998176575,1910,1543,0,2,2,4.8148698998073955
2023,9,2023-10-28,regular,Texas,BYU,H,Y,35,6,29,-17.5,-18.5,DraftKings,10.5,1,1897,1511,2,3,1,2.091747843840426
2023,10,2023-11-04,regular,Texas,Kansas State,H,Y,33,30,3,-9.5,-4.0,DraftKings,-1.0,0.5287690758705139,1930,1971,3,2,-1,6.899353353570967
2023,11,2023-11-12,regular,Texas,TCU,A,Y,29,26,3,-6.0,-6.0,DraftKings,-3.0,0.5491163730621338,1932,1605,1,2,1,4.893560620329281
2023,12,2023-11-19,regular,Texas,Iowa State,A,Y,26,16,10,-8.0,-8.0,DraftKings,2.0,0.8130111396312714,1918,1660,1,1,0,5.361213264500033
2023,13,2023-11-25,regular,Texas,Texas Tech,H,Y,57,7,50,-13.5,-13.5,DraftKings,36.5,0.9270350337028503,1917,1613,1,3,2,2.7018201258943653
2023,14,2023-12-02,regular,Texas,Oklahoma State,N,Y,49,21,28,-14.0,-14.0,DraftKings,14.0,0.9125336408615112,2026,1512,1,2,1,2.682477923978333
2023,1,2024-01-02,postseason,Texas,Washington,N,N,31,37,-6,-4.5,-4.5,DraftKings,-10.5,0.06161683797836304,2050,1883,2,1,-1,5.923859524212946
2023,1,2023-09-02,regular,Texas A&M,New Mexico,H,N,52,10,42,-38.5,-38.0,DraftKings,4.0,0.9874218702316284,1586,1187,0,1,1,2.602985661203573
2023,2,2023-09-09,regular,Texas A&M,Miami,A,N,33,48,-15,-6.5,-3.0,DraftKings,-18.0,0.11223036050796509,1656,1481,3,1,-2,5.897074471841576
2023,3,2023-09-16,regular,Texas A&M,UL Monroe,H,N,47,3,44,-32.0,-36.5,Bovada,7.5,0.9989158158362372,1608,1255,0,0,0,3.311485305
2023,4,2023-09-23,regular,Texas A&M,Auburn,H,Y,27,10,17,-7.5,-8.5,DraftKings,8.5,0.9965018033981323,1690,1639,1,0,-1,3.560431544652165
2023,5,2023-09-30,regular,Texas A&M,Arkansas,N,Y,34,22,12,-4.0,-6.0,DraftKings,6.0,0.7630093097686768,1722,1621,3,1,-2,4.940210587681654
2023,6,2023-10-07,regular,Texas A&M,Alabama,H,Y,20,26,-6,8.5,1.0,DraftKings,-5.0,0.10743281990289688,1733,1975,1,2,1,5.6995955159211755
2023,7,2023-10-14,regular,Texas A&M,Tennessee,A,Y,13,20,-7,7.0,3.0,DraftKings,-4.0,0.3347780704498291,1739,1901,2,1,-1,6.453905735791416
2023,9,2023-10-28,regular,Texas A&M,South Carolina,H,Y,30,17,13,-14.0,-14.5,DraftKings,-1.5,0.792514443397522,1738,1499,0,1,1,3.625831456680813
2023,10,2023-11-04,regular,Texas A&M,Ole Miss,A,Y,35,38,-3,3.0,3.0,DraftKings,0.0,0.20960180854239996,1744,1713,1,0,-1,8.5472397955
2023,11,2023-11-12,regular,Texas A&M,Mississippi State,H,Y,51,10,41,-18.5,-18.5,DraftKings,22.5,0.990462064743042,1743,1476,0,4,4,3.272433733182391
2023,12,2023-11-18,regular,Texas A&M,Abilene Christian,H,N,38,10,28,,-40.5,ESPN Bet,-12.5,0.9932087747170723,1837,,1,0,-1,4.7473865774
2023,13,2023-11-25,regular,Texas A&M,LSU,A,Y,30,42,-12,9.5,10.5,DraftKings,-1.5,0.5115915536880493,1827,1985,1,0,-1,4.965661723627621
2023,1,2023-12-28,postseason,Texas A&M,Oklahoma State,N,N,23,31,-8,-4.5,-4.5,DraftKings,-12.5,0.440491259098053,1817,1488,2,2,0,3.5298722771505053
2023,1,2023-08-26,regular,Vanderbilt,Hawai'i,H,N,35,28,7,-18.0,-18.0,DraftKings,-11.0,0.31702595949172974,1322,1246,0,2,2,4.0057227822225805
2023,1,2023-09-02,regular,Vanderbilt,Alabama A&M,H,N,47,13,34,-36.0,-35.0,Bovada,-1.0,0.9946593046188354,1238,,1,1,0,3.5328270430175164
2023,2,2023-09-09,regular,Vanderbilt,Wake Forest,A,N,20,36,-16,10.0,10.0,DraftKings,-6.0,0.03459364175796509,1327,1608,3,1,-2,3.50847359074145
2023,3,2023-09-16,regular,Vanderbilt,UNLV,A,N,37,40,-3,-4.0,-4.5,Bovada,-7.5,0.09048742055892944,1317,1340,4,2,-2,8.397187166464105
2023,4,2023-09-23,regular,Vanderbilt,Kentucky,H,Y,28,45,-17,14.0,13.5,DraftKings,-3.5,0.01544455997645855,1316,1669,4,2,-2,3.30377304671024
2023,5,2023-09-30,regular,Vanderbilt,Missouri,H,Y,21,38,-17,13.5,13.5,DraftKings,-3.5,0.005011714994907379,1310,1508,1,1,0,3.8213367399537863
2023,6,2023-10-07,regular,Vanderbilt,Florida,A,Y,14,38,-24,18.0,18.5,DraftKings,-5.5,0.016560077667236328,1289,1565,1,1,0,3.059374850283714
2023,7,2023-10-14,regular,Vanderbilt,Georgia,H,Y,20,37,-17,31.5,32.5,DraftKings,15.5,0.3490524888038635,1259,2103,1,2,1,3.252757605678285
2023,9,2023-10-28,regular,Vanderbilt,Ole Miss,A,Y,7,33,-26,25.5,24.5,DraftKings,-1.5,0.008758723735809326,1292,1689,2,1,-1,1.9607960570763636
2023,10,2023-11-04,regular,Vanderbilt,Auburn,H,Y,15,31,-16,13.0,12.5,DraftKings,-3.5,0.07734522223472595,1268,1583,1,1,0,3.8254653180020886
2023,11,2023-11-11,regular,Vanderbilt,South Carolina,A,Y,6,47,-41,14.0,14.0,DraftKings,-27.0,0.022670209407806396,1261,1511,2,1,-1,2.6174784115141896
2023,13,2023-11-25,regular,Vanderbilt,Tennessee,A,Y,24,48,-24,25.5,25.5,DraftKings,1.5,0.006272458834794992,1175,1787,0,1,1,5.8917547354
2024,1,2024-08-31,regular,Alabama,Western Kentucky,H,N,63,0,63,-31.0,-31.0,DraftKings,32.0,0.9892138242721558,1854,1466,1,2,1,2.0994842554552258
2024,2,2024-09-07,regular,Alabama,South Florida,H,N,42,16,26,-31.0,-31.0,DraftKings,-5.0,0.9907345175743103,1997,1442,3,0,-3,5.519475001485697
2024,3,2024-09-14,regular,Alabama,Wisconsin,A,N,42,10,32,-9.0,-15.5,DraftKings,16.5,0.9902566447854042,2006,1593,0,2,2,3.0312765267104105
2024,5,2024-09-28,regular,Alabama,Georgia,H,Y,41,34,7,4.5,2.0,DraftKings,9.0,0.9645187854766846,2046,2046,1,4,3,5.455698136787349
2024,6,2024-10-05,regular,Alabama,Vanderbilt,A,Y,35,40,-5,-24.0,-23.5,DraftKings,-28.5,0.1192209724932829,2056,1317,2,0,-2,7.6288286297
2024,7,2024-10-12,regular,Alabama,South Carolina,H,Y,27,25,2,-21.5,-21.0,DraftKings,-19.0,0.7796367406845093,2014,1654,2,4,2,5.932774080878053
2024,8,2024-10-19,regular,Alabama,Tennessee,A,Y,17,24,-7,-2.5,-3.5,DraftKings,-10.5,0.004995286464691162,2010,1936,2,3,1,6.986754327403018
2024,9,2024-10-26,regular,Alabama,Missouri,H,Y,34,0,34,-8.5,-16.0,DraftKings,18.0,0.9217037558555603,1996,1735,0,3,3,2.7240010291755583
2024,11,2024-11-10,regular,Alabama,LSU,A,Y,42,13,29,1.0,-2.5,DraftKings,26.5,1,2058,1855,0,3,3,3.2314681889553802
2024,12,2024-11-16,regular,Alabama,Mercer,H,N,52,7,45,,-42.0,DraftKings,3.0,0.990824282169342,2130,,0,3,3,2.210549656090027
2024,13,2024-11-24,regular,Alabama,Oklahoma,A,Y,3,24,-21,-2.0,-14.0,DraftKings,-35.0,6.377696990966797e-05,2113,1678,3,1,-2,3.3117644923004925
2024,14,2024-11-30,regular,Alabama,Auburn,H,Y,28,14,14,-14.0,-11.0,DraftKings,3.0,0.8266636729240417,2011,1607,4,2,-2,3.3247335585616766
2024,1,2024-12-31,postseason,Alabama,Michigan,N,N,13,19,-6,,-16.5,DraftKings,-22.5,0.05037045478820801,2007,1888,3,1,-2,4.158917425691646
2024,1,2024-08-29,regular,Arkansas,Arkansas-Pine Bluff,N,N,70,0,70,,-50.5,ESPN Bet,19.5,0.9989700310726486,1454,,0,0,0,2.5735528941
2024,2,2024-09-07,regular,Arkansas,Oklahoma State,A,N,31,39,-8,9.0,7.5,DraftKings,-0.5,0.6955489814281464,1454,1522,3,1,-2,8.765053543167511
2024,3,2024-09-14,regular,Arkansas,UAB,H,N,37,27,10,-24.0,-24.0,DraftKings,-14.0,0.7729232311248779,1446,1270,1,1,0,5.779283553160291
2024,4,2024-09-21,regular,Arkansas,Auburn,A,Y,24,14,10,,2.5,DraftKings,12.5,0.7470990121364594,1451,1569,2,5,3,6.433586929726095
2024,5,2024-09-28,regular,Arkansas,Texas A&M,N,Y,17,21,-4,10.5,6.5,DraftKings,2.5,0.6745671927928925,1483,1685,3,0,-3,6.964203930175432
2024,6,2024-10-05,regular,Arkansas,Tennessee,H,Y,19,14,5,10.5,14.0,DraftKings,19.0,0.7092388868331909,1485,1975,0,0,0,6.621208239819063
2024,8,2024-10-19,regular,Arkansas,LSU,H,Y,10,34,-24,9.5,3.0,DraftKings,-21.0,0,1513,1875,3,0,-3,3.8338395747864134
2024,9,2024-10-26,regular,Arkansas,Mississippi State,A,Y,58,25,33,-8.5,-7.5,DraftKings,25.5,1,1490,1405,1,5,4,3.582759494031044
2024,10,2024-11-02,regular,Arkansas,Ole Miss,H,Y,31,63,-32,9.5,8.0,DraftKings,-24.0,0.07439258694648743,1573,1911,2,0,-2,4.1063445756722805
2024,12,2024-11-16,regular,Arkansas,Texas,H,Y,10,20,-10,16.5,13.0,DraftKings,3.0,0.08316595107316971,1524,2094,2,0,-2,4.4377816556590295
2024,13,2024-11-23,regular,Arkansas,Louisiana Tech,H,N,35,14,21,-23.5,-23.5,DraftKings,-2.5,0.9892511367797852,1547,1321,3,1,-2,4.053954592704638
2024,14,2024-11-30,regular,Arkansas,Missouri,A,Y,21,28,-7,3.0,3.0,DraftKings,-4.0,0.06651568412780762,1574,1698,2,0,-2,6.0145398828883
2024,1,2024-12-28,postseason,Arkansas,Texas Tech,N,N,39,26,13,-2.5,3.5,DraftKings,16.5,0.9653196334838867,1571,1647,1,2,1,3.749406856724265
2024,1,2024-08-31,regular,Auburn,Alabama A&M,H,N,73,3,70,,-48.5,ESPN Bet,21.5,0.9892137050628662,1556,,2,0,-2,1.844879981360457
2024,2,2024-09-07,regular,Auburn,California,H,N,14,21,-7,-12.5,-13.0,DraftKings,-20.0,0.06808583438396454,1556,1483,5,0,-5,5.665729955527845
2024,3,2024-09-14,regular,Auburn,New Mexico,H,N,45,19,26,-28.0,-28.0,DraftKings,-2.0,1,1537,1228,2,2,0,3.8850884808092574
2024,4,2024-09-21,regular,Auburn,Arkansas,H,Y,14,24,-10,,-2.5,DraftKings,-12.5,0.25290098786354065,1569,1451,5,2,-3,6.433586929726095
2024,5,2024-09-28,regular,Auburn,Oklahoma,H,Y,21,27,-6,2.5,-2.0,DraftKings,-8.0,0.18792657554149628,1537,1837,1,0,-1,5.241636323770405
2024,6,2024-10-05,regular,Auburn,Georgia,A,Y,13,31,-18,23.5,21.0,DraftKings,3.0,0.012152910232543945,1547,2036,0,0,0,3.4510686910910553
2024,8,2024-10-19,regular,Auburn,Missouri,A,Y,17,21,-4,9.5,3.5,DraftKings,-0.5,0.6487745046615601,1550,1737,1,2,1,6.958922973553182
2024,9,2024-10-26,regular,Auburn,Kentucky,A,Y,24,10,14,3.5,2.0,DraftKings,16.0,0.9468334913253784,1552,1559,1,2,1,3.807051391040596
2024,10,2024-11-02,regular,Auburn,Vanderbilt,H,Y,7,17,-10,-5.0,-7.5,DraftKings,-17.5,0.5273105502128601,1585,1428,1,0,-1,4.866180279550277
2024,12,2024-11-16,regular,Auburn,UL Monroe,H,N,48,14,34,-25.5,-24.5,DraftKings,9.5,0.9928672313690186,1550,1220,1,0,-1,1.6541832310807754
2024,13,2024-11-24,regular,Auburn,Texas A&M,H,Y,43,41,2,2.0,2.5,DraftKings,4.5,0.1604197770357132,1604,1770,1,1,0,10.269865547929546
2024,14,2024-11-30,regular,Auburn,Alabama,A,Y,14,28,-14,14.0,11.0,DraftKings,-3.0,0.17333632707595825,1607,2011,2,4,2,3.3247335585616766
2024,1,2024-08-31,regular,Florida,Miami,H,N,17,41,-24,2.5,2.5,DraftKings,-21.5,0.008286379277706146,1562,1553,2,1,-1,3.1975890118592023
2024,2,2024-09-07,regular,Florida,Samford,H,N,45,7,38,-37.0,-38.5,ESPN Bet,-0.5,0.9943934082984924,1493,,1,1,0,2.546862971151735
2024,3,2024-09-14,regular,Florida,Texas A&M,H,Y,20,33,-13,4.0,4.5,DraftKings,-8.5,0,1497,1677,3,0,-3,3.654215822352354
2024,4,2024-09-21,regular,Florida,Mississippi State,A,Y,45,28,17,,-6.5,DraftKings,10.5,0.726616233587265,1485,1386,1,1,0,4.291553664896677
2024,6,2024-10-05,regular,Florida,UCF,H,N,24,13,11,1.0,1.0,DraftKings,12.0,0.9724757075309753,1516,1531,0,1,1,2.3992846496751765
2024,7,2024-10-12,regular,Florida,Tennessee,A,Y,17,23,-6,10.0,14.0,DraftKings,8.0,0.1653563380241394,1537,1947,2,2,0,6.810202313184021
2024,8,2024-10-19,regular,Florida,Kentucky,H,Y,48,20,28,1.0,2.5,DraftKings,30.5,0.9885360598564148,1548,1645,1,3,2,3.1844642939609034
2024,10,2024-11-02,regular,Florida,Georgia,N,Y,20,34,-14,21.0,14.5,DraftKings,0.5,0.14307522773742676,1634,2058,1,3,2,7.074802369900887
2024,11,2024-11-09,regular,Florida,Texas,A,Y,17,49,-32,17.5,23.0,DraftKings,-9.0,0.01594334840774536,1635,2057,3,1,-2,2.7076229642444436
2024,12,2024-11-16,regular,Florida,LSU,H,Y,27,16,11,5.5,3.0,DraftKings,14.0,0.959041953086853,1598,1800,0,1,1,5.33315691554045
2024,13,2024-11-23,regular,Florida,Ole Miss,H,Y,24,17,7,6.5,13.0,DraftKings,20.0,0.5597763657569885,1634,2010,1,3,2,6.418535554203734
2024,14,2024-12-01,regular,Florida,Florida State,A,N,31,11,20,11.5,-17.0,DraftKings,3.0,1,1667,1383,1,5,4,3.8269729081220913
2024,1,2024-12-20,postseason,Florida,Tulane,N,N,33,8,25,,-10.0,DraftKings,15.0,0.9516159296035767,1687,1754,2,3,1,2.9647038077165244
2024,1,2024-08-31,regular,Georgia,Clemson,N,N,34,3,31,-14.0,-14.0,DraftKings,17.0,0.980593204498291,2015,1676,0,1,1,2.8789609314034847
2024,2,2024-09-07,regular,Georgia,Tennessee Tech,H,N,48,3,45,-54.5,-54.5,DraftKings,-9.5,0.9855786561965942,2079,,0,1,1,1.864636604599209
2024,3,2024-09-14,regular,Georgia,Kentucky,A,Y,13,12,1,-18.0,-24.0,DraftKings,-23.0,0.7929489599751282,2066,1563,0,1,1,8.9509868466
2024,5,2024-09-28,regular,Georgia,Alabama,A,Y,34,41,-7,-4.5,-2.0,DraftKings,-9.0,0.03548121452331543,2046,2046,4,1,-3,5.455698136787349
2024,6,2024-10-05,regular,Georgia,Auburn,H,Y,31,13,18,-23.5,-21.0,DraftKings,-3.0,0.987847089767456,2036,1547,0,0,0,3.4510686910910553
2024,7,2024-10-12,regular,Georgia,Mississippi State,H,Y,41,31,10,-34.5,-34.0,DraftKings,-24.0,0.8298102617263794,2033,1371,2,1,-1,3.8188502034135348
2024,8,2024-10-19,regular,Georgia,Texas,A,Y,30,15,15,-2.0,4.0,DraftKings,19.0,0.6662304699420929,2009,2138,3,4,1,4.350208777361713
2024,10,2024-11-02,regular,Georgia,Florida,N,Y,34,20,14,-21.0,-14.5,DraftKings,-0.5,0.8569247722625732,2058,1634,3,1,-2,7.074802369900887
2024,11,2024-11-09,regular,Georgia,Ole Miss,A,Y,10,28,-18,-7.0,-2.5,DraftKings,-20.5,0.019860386848449707,2057,1960,3,1,-2,3.6730757093012345
2024,12,2024-11-17,regular,Georgia,Tennessee,H,Y,31,17,14,-16.5,-8.5,DraftKings,5.5,0.9929498434066772,2007,1930,0,1,1,5.512019683714967
2024,13,2024-11-23,regular,Georgia,Massachusetts,H,N,59,21,38,-45.5,-42.5,DraftKings,-4.5,0.9873310327529907,2029,1017,0,2,2,3.1187392814344728
2024,14,2024-11-30,regular,Georgia,Georgia Tech,H,N,44,42,2,-20.5,-17.0,DraftKings,-15.0,0.5666486620903015,2023,1575,1,1,0,8.225850887789113
2024,15,2024-12-07,regular,Georgia,Texas,N,Y,22,19,3,,3.0,DraftKings,6.0,0.7067688703536987,2017,2059,2,3,1,9.136188031505878
2024,1,2025-01-02,postseason,Georgia,Notre Dame,N,N,10,23,-13,,1.0,DraftKings,-12.0,0.015512632206082344,2019,2163,2,0,-2,4.509074985274309
2024,1,2024-08-31,regular,Kentucky,Southern Miss,H,N,31,0,31,-25.5,-25.5,DraftKings,5.5,0.9930383563041687,1594,1276,1,2,1,2.213364541530609
2024,2,2024-09-07,regular,Kentucky,South Carolina,H,Y,6,31,-25,-9.0,-9.0,DraftKings,-34.0,0.2009754478931427,1640,1560,2,1,-1,4.038801908561728
2024,3,2024-09-14,regular,Kentucky,Georgia,H,Y,12,13,-1,18.0,24.0,DraftKings,23.0,0.20705104002487187,1563,2066,1,0,-1,8.9509868466
2024,4,2024-09-21,regular,Kentucky,Ohio,H,N,41,6,35,,-21.5,DraftKings,13.5,0.9856982231140137,1583,1486,0,2,2,2.002807128481186
2024,5,2024-09-28,regular,Kentucky,Ole Miss,A,Y,20,17,3,16.5,15.0,DraftKings,18.0,0.4923944658834142,1668,1879,0,1,1,8.5683895645
2024,7,2024-10-12,regular,Kentucky,Vanderbilt,H,Y,13,20,-7,-10.5,-12.5,DraftKings,-19.5,0.5447068810462952,1686,1359,2,1,-1,3.8199529623202917
2024,8,2024-10-19,regular,Kentucky,Florida,A,Y,20,48,-28,-1.0,-2.5,DraftKings,-30.5,0.011463940143585205,1645,1548,3,1,-2,3.1844642939609034
2024,9,2024-10-26,regular,Kentucky,Auburn,H,Y,10,24,-14,-3.5,-2.0,DraftKings,-16.0,0.05316650867462158,1559,1552,2,1,-1,3.807051391040596
2024,10,2024-11-02,regular,Kentucky,Tennessee,A,Y,18,28,-10,13.0,17.5,DraftKings,7.5,0.020840466022491455,1526,1950,3,1,-2,5.698385150253387
2024,12,2024-11-16,regular,Kentucky,Murray State,H,N,48,6,42,,-41.5,DraftKings,0.5,0.9877020716667175,1527,,2,3,1,2.375985203105853
2024,13,2024-11-23,regular,Kentucky,Texas,A,Y,14,31,-17,21.0,18.5,DraftKings,1.5,0.11009091138839722,1537,2071,2,2,0,3.1557316581143473
2024,14,2024-11-30,regular,Kentucky,Louisville,H,N,14,41,-27,0.0,4.5,DraftKings,-22.5,0.03597419336438179,1545,1767,5,1,-4,3.1345997755382915
2024,1,2024-09-01,regular,LSU,USC,N,N,20,27,-7,-6.0,-4.0,DraftKings,-11.0,0.21626512706279755,1823,1648,1,0,-1,6.961932840784732
2024,2,2024-09-07,regular,LSU,Nicholls,H,N,44,21,23,-50.5,-50.5,DraftKings,-27.5,0.7429512739181519,1805,,0,1,1,4.217336040608287
2024,3,2024-09-14,regular,LSU,South Carolina,A,Y,36,33,3,-9.5,-7.0,DraftKings,-4.0,0.2062842845916748,1803,1637,2,3,1,7.1093528866627125
2024,4,2024-09-21,regular,LSU,UCLA,H,N,34,17,17,,-21.5,DraftKings,-4.5,0.9904523491859436,1798,1456,0,2,2,3.8979996016107856
2024,5,2024-09-28,regular,LSU,South Alabama,H,N,42,10,32,-22.0,-21.0,DraftKings,11.0,0.8056033849716187,1805,1657,2,0,-2,1.597189385976028
2024,7,2024-10-12,regular,LSU,Ole Miss,H,Y,29,26,3,-2.5,4.0,DraftKings,7.0,0.2957136631011963,1874,1906,2,2,0,10.014421124674865
2024,8,2024-10-19,regular,LSU,Arkansas,A,Y,34,10,24,-9.5,-3.0,DraftKings,21.0,1,1875,1513,0,3,3,3.8338395747864134
2024,9,2024-10-26,regular,LSU,Texas A&M,A,Y,23,38,-15,2.0,2.0,DraftKings,-13.0,0.029122769832611084,1898,1771,3,1,-2,6.148302054512559
2024,11,2024-11-10,regular,LSU,Alabama,H,Y,13,42,-29,-1.0,2.5,DraftKings,-26.5,0,1855,2058,3,0,-3,3.2314681889553802
2024,12,2024-11-16,regular,LSU,Florida,A,Y,16,27,-11,-5.5,-3.0,DraftKings,-14.0,0.04095804691314697,1800,1598,1,0,-1,5.33315691554045
2024,13,2024-11-24,regular,LSU,Vanderbilt,H,Y,24,17,7,-11.0,-10.0,DraftKings,-3.0,0.7792057991027832,1764,1446,0,0,0,3.717449497673473
2024,14,2024-12-01,regular,LSU,Oklahoma,H,Y,37,17,20,-5.0,-6.0,DraftKings,14.0,0.9838939905166626,1757,1780,1,1,0,3.796345377328534
2024,1,2024-12-31,postseason,LSU,Baylor,N,N,44,31,13,,3.0,DraftKings,16.0,0.9159079194068909,1806,1677,2,1,-1,3.1303255887428016
2024,1,2024-08-31,regular,Mississippi State,Eastern Kentucky,H,N,56,7,49,,-26.5,ESPN Bet,22.5,0.936838686466217,1447,,0,1,1,2.095558575056547
2024,2,2024-09-08,regular,Mississippi State,Arizona State,A,N,23,30,-7,4.5,5.5,DraftKings,-1.5,0.14154940843582153,1447,1497,1,0,-1,2.823523369454015
2024,3,2024-09-14,regular,Mississippi State,Toledo,H,N,17,41,-24,-12.5,-13.0,DraftKings,-37.0,0.0015195030719041824,1440,1524,2,1,-1,2.8171227897501727
2024,4,2024-09-21,regular,Mississippi State,Florida,H,Y,28,45,-17,,6.5,DraftKings,-10.5,0.273383766412735,1386,1485,1,1,0,4.291553664896677
2024,5,2024-09-28,regular,Mississippi State,Texas,A,Y,13,35,-22,35.5,37.0,DraftKings,15.0,0.007171511650085449,1355,2107,1,2,1,2.975920800201398
2024,7,2024-10-12,regular,Mississippi State,Georgia,A,Y,31,41,-10,34.5,34.0,DraftKings,24.0,0.1701897382736206,1371,2033,1,2,1,3.8188502034135348
2024,8,2024-10-19,regular,Mississippi State,Texas A&M,H,Y,24,34,-10,15.0,21.0,DraftKings,11.0,0.008897795341908932,1395,1781,1,2,1,5.55105020302855
2024,9,2024-10-26,regular,Mississippi State,Arkansas,H,Y,25,58,-33,8.5,7.5,DraftKings,-25.5,0,1405,1490,5,1,-4,3.582759494031044
2024,10,2024-11-02,regular,Mississippi State,Massachusetts,H,N,45,20,25,-22.5,-19.5,DraftKings,5.5,0.8929276466369629,1322,1025,0,1,1,3.7830127805831117
2024,11,2024-11-10,regular,Mississippi State,Tennessee,A,Y,14,33,-19,23.0,26.0,DraftKings,7.0,0.09862631559371948,1353,1939,2,1,-1,3.5992308326049636
2024,13,2024-11-23,regular,Mississippi State,Missouri,H,Y,20,39,-19,6.5,9.5,DraftKings,-9.5,0.01019931212067604,1362,1684,1,0,-1,3.683423411213274
2024,14,2024-11-29,regular,Mississippi State,Ole Miss,A,Y,14,26,-12,27.5,26.0,DraftKings,14.0,0.011641085147857666,1348,1977,3,0,-3,5.7009099652296
2024,1,2024-08-30,regular,Missouri,Murray State,H,N,51,0,51,,-50.5,ESPN Bet,0.5,0.9774129390716553,1744,,1,2,1,1.712941538765301
2024,2,2024-09-07,regular,Missouri,Buffalo,H,N,38,0,38,-35.0,-34.5,DraftKings,3.5,0.9831824898719788,1744,1357,1,1,0,2.346331918882482
2024,3,2024-09-14,regular,Missouri,Boston College,H,N,27,21,6,-16.5,-16.5,DraftKings,-10.5,0.896081805229187,1803,1462,0,2,2,4.195257256321096
2024,4,2024-09-21,regular,Missouri,Vanderbilt,H,Y,30,27,3,,-17.5,DraftKings,-14.5,0.29799962043762207,1795,1312,0,0,0,8.600016469755994
2024,6,2024-10-05,regular,Missouri,Texas A&M,A,Y,10,41,-31,4.0,3.0,DraftKings,-28.0,0.022841155529022217,1790,1683,0,0,0,2.6072692092656373
2024,7,2024-10-12,regular,Missouri,Massachusetts,A,N,45,3,42,-28.5,-27.0,DraftKings,15.0,0.9954407028853893,1692,1070,0,2,2,2.964388205224502
2024,8,2024-10-19,regular,Missouri,Auburn,H,Y,21,17,4,-9.5,-3.5,DraftKings,0.5,0.35122549533843994,1737,1550,2,1,-1,6.958922973553182
2024,9,2024-10-26,regular,Missouri,Alabama,A,Y,0,34,-34,8.5,16.0,DraftKings,-18.0,0.0782962441444397,1735,1996,3,0,-3,2.7240010291755583
2024,11,2024-11-10,regular,Missouri,Oklahoma,H,Y,30,23,7,-3.0,3.5,DraftKings,10.5,0.9700127840042114,1673,1688,1,4,3,6.5294130720775945
2024,12,2024-11-16,regular,Missouri,South Carolina,A,Y,30,34,-4,13.0,10.5,DraftKings,6.5,0.8262185007333755,1683,1829,1,1,0,5.160145911289666
2024,13,2024-11-23,regular,Missouri,Mississippi State,A,Y,39,20,19,-6.5,-9.5,DraftKings,9.5,0.989800687879324,1684,1362,0,1,1,3.683423411213274
2024,14,2024-11-30,regular,Missouri,Arkansas,H,Y,28,21,7,-3.0,-3.0,DraftKings,4.0,0.9334843158721924,1698,1574,0,2,2,6.0145398828883
2024,1,2024-12-30,postseason,Missouri,Iowa,N,N,27,24,3,,-1.0,DraftKings,2.0,0.6252202391624451,1701,1784,0,1,1,5.891600487635641
2024,1,2024-08-30,regular,Oklahoma,Temple,H,N,51,3,48,-42.5,-42.5,DraftKings,5.5,0.9779277443885803,1786,1178,0,6,6,2.0425201022360624
2024,2,2024-09-07,regular,Oklahoma,Houston,H,N,16,12,4,-27.0,-28.0,DraftKings,-24.0,0.46490561962127686,1849,1402,1,2,1,4.208051983255282
2024,3,2024-09-14,regular,Oklahoma,Tulane,H,N,34,19,15,-13.5,-13.5,DraftKings,1.5,0.9835195541381836,1840,1569,1,2,1,3.1322348119924444
2024,4,2024-09-21,regular,Oklahoma,Tennessee,H,Y,15,25,-10,-3.0,6.0,DraftKings,-4.0,0.04081159085035324,1848,1964,3,2,-1,4.829868566330654
2024,5,2024-09-28,regular,Oklahoma,Auburn,A,Y,27,21,6,-2.5,2.0,DraftKings,8.0,0.8120734244585037,1837,1537,0,1,1,5.241636323770405
2024,7,2024-10-12,regular,Oklahoma,Texas,N,Y,3,34,-31,8.5,17.0,DraftKings,-14.0,0.08741511404514313,1827,2091,2,1,-1,3.7599673638575815
2024,8,2024-10-19,regular,Oklahoma,South Carolina,H,Y,9,35,-26,-7.5,1.0,DraftKings,-25.0,0.15115189282518085,1780,1658,4,0,-4,1.9556014898
2024,9,2024-10-26,regular,Oklahoma,Ole Miss,A,Y,14,26,-12,6.0,19.0,DraftKings,7.0,0.021174728870391846,1694,1905,2,1,-1,4.50648850376662
2024,10,2024-11-02,regular,Oklahoma,Maine,H,N,59,14,45,,-37.5,DraftKings,7.5,0.9941574335098267,1682,,1,1,0,2.8021941362466065
2024,11,2024-11-10,regular,Oklahoma,Missouri,A,Y,23,30,-7,3.0,-3.5,DraftKings,-10.5,0.029987215995788574,1688,1673,4,1,-3,6.5294130720775945
2024,13,2024-11-24,regular,Oklahoma,Alabama,H,Y,24,3,21,2.0,14.0,DraftKings,35.0,0.9999362230300903,1678,2113,1,3,2,3.3117644923004925
2024,14,2024-12-01,regular,Oklahoma,LSU,A,Y,17,37,-20,5.0,6.0,DraftKings,-14.0,0.016106009483337402,1780,1757,1,1,0,3.796345377328534
2024,1,2024-12-27,postseason,Oklahoma,Navy,N,N,20,21,-1,,1.0,DraftKings,0.0,0.14754223823547363,1731,1559,1,0,-1,5.925958414697752
2024,1,2024-08-31,regular,Ole Miss,Furman,H,N,76,0,76,,-45.5,ESPN Bet,30.5,0.9876115322113037,1658,,0,1,1,2.0785826451708838
2024,2,2024-09-07,regular,Ole Miss,Middle Tennessee,H,N,52,3,49,-40.5,-43.0,DraftKings,6.0,0.9935848712921143,1658,1400,0,2,2,2.348383465337146
2024,3,2024-09-14,regular,Ole Miss,Wake Forest,A,N,40,6,34,-23.0,-23.5,DraftKings,10.5,0.992190808057785,1770,1424,2,2,0,3.3154496636731077
2024,4,2024-09-21,regular,Ole Miss,Georgia Southern,H,N,52,13,39,-36.0,-35.0,DraftKings,4.0,0.9887562394142151,1824,1379,1,2,1,2.44474715686388
2024,5,2024-09-28,regular,Ole Miss,Kentucky,H,Y,17,20,-3,-16.5,-15.0,DraftKings,-18.0,0.5076055341165858,1879,1668,1,0,-1,8.5683895645
2024,6,2024-10-05,regular,Ole Miss,South Carolina,A,Y,27,3,24,-11.5,-10.0,DraftKings,14.0,0.9830227233469486,1861,1699,1,2,1,5.508233788647158
2024,7,2024-10-12,regular,Ole Miss,LSU,A,Y,26,29,-3,2.5,-4.0,DraftKings,-7.0,0.7042863368988037,1906,1874,2,2,0,10.014421124674865
2024,9,2024-10-26,regular,Ole Miss,Oklahoma,H,Y,26,14,12,-6.0,-19.0,DraftKings,-7.0,0.9788252711296082,1905,1694,1,2,1,4.50648850376662
2024,10,2024-11-02,regular,Ole Miss,Arkansas,A,Y,63,31,32,-9.5,-8.0,DraftKings,24.0,0.9256074130535126,1911,1573,0,2,2,4.1063445756722805
2024,11,2024-11-09,regular,Ole Miss,Georgia,H,Y,28,10,18,7.0,2.5,DraftKings,20.5,0.9801396131515503,1960,2057,1,3,2,3.6730757093012345
2024,13,2024-11-23,regular,Ole Miss,Florida,A,Y,17,24,-7,-6.5,-13.0,DraftKings,-20.0,0.4402236342430115,2010,1634,3,1,-2,6.418535554203734
2024,14,2024-11-29,regular,Ole Miss,Mississippi State,H,Y,26,14,12,-27.5,-26.0,DraftKings,-14.0,0.9883589148521423,1977,1348,0,3,3,5.7009099652296
2024,1,2025-01-03,postseason,Ole Miss,Duke,N,N,52,20,32,,-17.5,DraftKings,14.5,0.9686691164970398,1956,1591,1,1,0,2.7686574512000615
2024,1,2024-08-31,regular,South Carolina,Old Dominion,H,N,23,19,4,-20.0,-20.0,DraftKings,-16.0,0.9613243341445923,1562,1406,1,4,3,5.344174217300797
2024,2,2024-09-07,regular,South Carolina,Kentucky,A,Y,31,6,25,9.0,9.0,DraftKings,34.0,0.7990245521068573,1560,1640,1,2,1,4.038801908561728
2024,3,2024-09-14,regular,South Carolina,LSU,H,Y,33,36,-3,9.5,7.0,DraftKings,4.0,0.7937157154083252,1637,1803,3,2,-1,7.1093528866627125
2024,4,2024-09-21,regular,South Carolina,Akron,H,N,50,7,43,-27.5,-25.0,DraftKings,18.0,0.9921769499778748,1642,1110,1,1,0,2.489517887205231
2024,6,2024-10-05,regular,South Carolina,Ole Miss,H,Y,3,27,-24,11.5,10.0,DraftKings,-14.0,0.016977276653051376,1699,1861,2,1,-1,5.508233788647158
2024,7,2024-10-12,regular,South Carolina,Alabama,A,Y,25,27,-2,21.5,21.0,DraftKings,19.0,0.22036325931549072,1654,2014,4,2,-2,5.932774080878053
2024,8,2024-10-19,regular,South Carolina,Oklahoma,A,Y,35,9,26,7.5,-1.0,DraftKings,25.0,0.8488481071748192,1658,1780,0,4,4,1.9556014898
2024,10,2024-11-02,regular,South Carolina,Texas A&M,H,Y,44,20,24,4.0,3.0,DraftKings,27.0,0.9189313650131226,1744,1814,1,2,1,4.371877774814291
2024,11,2024-11-09,regular,South Carolina,Vanderbilt,A,Y,28,7,21,-1.5,-6.0,DraftKings,15.0,0.9945097910240293,1812,1463,1,1,0,3.8673046644945916
2024,12,2024-11-16,regular,South Carolina,Missouri,H,Y,34,30,4,-13.0,-10.5,DraftKings,-6.5,0.17378149926662445,1829,1683,1,1,0,5.160145911289666
2024,13,2024-11-23,regular,South Carolina,Wofford,H,N,56,12,44,-42.5,-42.5,DraftKings,1.5,0.904030978679657,1827,,2,0,-2,3.0588180580645528
2024,14,2024-11-30,regular,South Carolina,Clemson,A,N,17,14,3,4.5,3.0,DraftKings,6.0,0.8882978931069374,1828,1815,3,2,-1,6.196028401357402
2024,1,2024-12-31,postseason,South Carolina,Illinois,N,N,17,21,-4,,-9.5,DraftKings,-13.5,0.7149660885334015,1832,1596,1,2,1,5.2377340974174045
2024,1,2024-08-31,regular,Tennessee,Chattanooga,H,N,69,3,66,,-38.5,ESPN Bet,27.5,0.9840481877326965,1751,,1,1,0,2.0430216449479515
2024,2,2024-09-07,regular,Tennessee,NC State,N,N,51,10,41,-4.5,-10.0,DraftKings,31.0,1,1751,1606,2,3,1,3.3329795055565845
2024,3,2024-09-14,regular,Tennessee,Kent State,H,N,71,0,71,-48.0,-47.5,DraftKings,23.5,0.9935073256492615,1845,1108,0,0,0,2.0779291542707257
2024,4,2024-09-21,regular,Tennessee,Oklahoma,A,Y,25,15,10,3.0,-6.0,DraftKings,4.0,0.9591884091496468,1964,1848,2,3,1,4.829868566330654
2024,6,2024-10-05,regular,Tennessee,Arkansas,A,Y,14,19,-5,-10.5,-14.0,DraftKings,-19.0,0.2907611131668091,1975,1485,0,0,0,6.621208239819063
2024,7,2024-10-12,regular,Tennessee,Florida,H,Y,23,17,6,-10.0,-14.0,DraftKings,-8.0,0.8346436619758606,1947,1537,2,2,0,6.810202313184021
2024,8,2024-10-19,regular,Tennessee,Alabama,H,Y,24,17,7,2.5,3.5,DraftKings,10.5,0.9950047135353088,1936,2010,3,2,-1,6.986754327403018
2024,10,2024-11-02,regular,Tennessee,Kentucky,H,Y,28,18,10,-13.0,-17.5,DraftKings,-7.5,0.9791595339775085,1950,1526,1,3,2,5.698385150253387
2024,11,2024-11-10,regular,Tennessee,Mississippi State,H,Y,33,14,19,-23.0,-26.0,DraftKings,-7.0,0.9013736844062805,1939,1353,1,2,1,3.5992308326049636
2024,12,2024-11-17,regular,Tennessee,Georgia,A,Y,17,31,-14,16.5,8.5,DraftKings,-5.5,0.007050156593322754,1930,2007,1,0,-1,5.512019683714967
2024,13,2024-11-23,regular,Tennessee,UTEP,H,N,56,0,56,-41.5,-41.5,DraftKings,14.5,0.9860267043113708,1908,1165,0,3,3,3.7263349171015285
2024,14,2024-11-30,regular,Tennessee,Vanderbilt,A,Y,36,23,13,-10.5,-9.5,DraftKings,3.5,0.8699015527963638,1979,1453,2,1,-1,3.355829925434262
2024,1,2024-12-22,postseason,Tennessee,Ohio State,A,N,17,42,-25,,7.5,DraftKings,-17.5,0.013664484024047852,1963,2099,0,1,1,2.474862432558878
2024,1,2024-08-31,regular,Texas,Colorado State,H,N,52,0,52,-35.5,-35.5,DraftKings,16.5,0.9847278594970703,1850,1350,1,2,1,1.9847637724366323
2024,2,2024-09-07,regular,Texas,Michigan,A,N,31,12,19,-3.5,-7.0,DraftKings,12.0,0.9796136822551489,1939,1980,0,3,3,3.3875016933001283
2024,3,2024-09-14,regular,Texas,UTSA,H,N,56,7,49,-34.5,-34.5,DraftKings,14.5,0.9780104756355286,1991,1467,2,1,-1,2.25223890795822
2024,4,2024-09-22,regular,Texas,UL Monroe,H,N,51,3,48,-44.5,-43.5,DraftKings,4.5,0.992832601070404,2068,1249,2,2,0,2.236391702671336
2024,5,2024-09-28,regular,Texas,Mississippi State,H,Y,35,13,22,-35.5,-37.0,DraftKings,-15.0,0.9928284883499146,2107,1355,2,1,-1,2.975920800201398
2024,7,2024-10-12,regular,Texas,Oklahoma,N,Y,34,3,31,-8.5,-17.0,DraftKings,14.0,0.9125848859548569,2091,1827,1,2,1,3.7599673638575815
2024,8,2024-10-19,regular,Texas,Georgia,H,Y,15,30,-15,2.0,-4.0,DraftKings,-19.0,0.3337695300579071,2138,2009,4,3,-1,4.350208777361713
2024,9,2024-10-26,regular,Texas,Vanderbilt,A,Y,27,24,3,-21.0,-17.0,DraftKings,-14.0,0.8718743026256561,2089,1396,2,3,1,4.903072463361272
2024,11,2024-11-09,regular,Texas,Florida,H,Y,49,17,32,-17.5,-23.0,DraftKings,9.0,0.9840566515922546,2057,1635,1,3,2,2.7076229642444436
2024,12,2024-11-16,regular,Texas,Arkansas,A,Y,20,10,10,-16.5,-13.0,DraftKings,-3.0,0.9168340489268303,2094,1524,0,2,2,4.4377816556590295
2024,13,2024-11-23,regular,Texas,Kentucky,H,Y,31,14,17,-21.0,-18.5,DraftKings,-1.5,0.8899090886116028,2071,1537,2,2,0,3.1557316581143473
2024,14,2024-12-01,regular,Texas,Texas A&M,A,Y,17,7,10,-4.5,-4.5,DraftKings,5.5,0.9805885218083858,2063,1767,2,2,0,3.4045616377466894
2024,15,2024-12-07,regular,Texas,Georgia,N,Y,19,22,-3,,-3.0,DraftKings,-6.0,0.29323112964630127,2059,2017,3,2,-1,9.136188031505878
2024,1,2024-12-21,postseason,Texas,Clemson,H,N,38,24,14,,-13.5,DraftKings,0.5,0.9452990293502808,2057,1815,1,1,0,3.995286784426744
2024,1,2025-01-01,postseason,Texas,Arizona State,N,N,39,31,8,,-13.5,DraftKings,-5.5,0.8743325024843216,2065,1792,1,1,0,8.139045646599586
2024,1,2025-01-11,postseason,Texas,Ohio State,N,N,14,28,-14,,6.5,DraftKings,-7.5,0.011612161993980408,2056,2182,2,1,-1,5.417797662993921
2024,1,2024-08-31,regular,Texas A&M,Notre Dame,H,N,13,23,-10,-1.0,-2.5,DraftKings,-12.5,0.11668472737073898,1681,1884,2,0,-2,6.42230706776738
2024,2,2024-09-07,regular,Texas A&M,McNeese,H,N,52,10,42,-48.0,-48.5,ESPN Bet,-6.5,1,1666,,0,2,2,2.052852433234934
2024,3,2024-09-14,regular,Texas A&M,Florida,A,Y,33,20,13,-4.0,-4.5,DraftKings,8.5,1,1677,1497,0,3,3,3.654215822352354
2024,4,2024-09-21,regular,Texas A&M,Bowling Green,H,N,26,20,6,,-21.0,DraftKings,-15.0,0.7209299206733704,1689,1444,1,1,0,5.004361087392084
2024,5,2024-09-28,regular,Texas A&M,Arkansas,N,Y,21,17,4,-10.5,-6.5,DraftKings,-2.5,0.32543280720710754,1685,1483,0,3,3,6.964203930175432
2024,6,2024-10-05,regular,Texas A&M,Missouri,H,Y,41,10,31,-4.0,-3.0,DraftKings,28.0,0.9771588444709778,1683,1790,0,0,0,2.6072692092656373
2024,8,2024-10-19,regular,Texas A&M,Mississippi State,A,Y,34,24,10,-15.0,-21.0,DraftKings,-11.0,0.9911022046580911,1781,1395,2,1,-1,5.55105020302855
2024,9,2024-10-26,regular,Texas A&M,LSU,H,Y,38,23,15,-2.0,-2.0,DraftKings,13.0,0.9708772301673889,1771,1898,1,3,2,6.148302054512559
2024,10,2024-11-02,regular,Texas A&M,South Carolina,A,Y,20,44,-24,-4.0,-3.0,DraftKings,-27.0,0.08106863498687744,1814,1744,2,1,-1,4.371877774814291
2024,12,2024-11-17,regular,Texas A&M,New Mexico State,H,N,38,3,35,-42.0,-38.5,DraftKings,-3.5,0.9867249131202698,1746,1121,2,0,-2,1.9732749908394778
2024,13,2024-11-24,regular,Texas A&M,Auburn,A,Y,41,43,-2,-2.0,-2.5,DraftKings,-4.5,0.8395802229642868,1770,1604,1,1,0,10.269865547929546
2024,14,2024-12-01,regular,Texas A&M,Texas,H,Y,7,17,-10,4.5,4.5,DraftKings,-5.5,0.01941147819161415,1767,2063,2,2,0,3.4045616377466894
2024,1,2024-12-28,postseason,Texas A&M,USC,N,N,31,35,-4,,-3.5,DraftKings,-7.5,0.36598346848863916,1771,1756,2,3,1,9.0830057562
2024,1,2024-08-31,regular,Vanderbilt,Virginia Tech,H,N,34,27,7,13.0,13.5,DraftKings,20.5,1,1284,1604,0,1,1,6.107332935925761
2024,2,2024-09-07,regular,Vanderbilt,Alcorn State,H,N,55,0,55,-31.0,-32.5,ESPN Bet,22.5,0.9933366775512695,1303,,0,2,2,1.7662549002880303
2024,3,2024-09-14,regular,Vanderbilt,Georgia State,A,N,32,36,-4,-10.0,-10.0,DraftKings,-14.0,0.6988255083560944,1313,1370,1,1,0,6.593691325558333
2024,4,2024-09-21,regular,Vanderbilt,Missouri,A,Y,27,30,-3,,17.5,DraftKings,14.5,0.7020003795623779,1312,1795,0,0,0,8.600016469755994
2024,6,2024-10-05,regular,Vanderbilt,Alabama,H,Y,40,35,5,24.0,23.5,DraftKings,28.5,0.8807790275067171,1317,2056,0,2,2,7.6288286297
2024,7,2024-10-12,regular,Vanderbilt,Kentucky,A,Y,20,13,7,10.5,12.5,DraftKings,19.5,0.45529311895370483,1359,1686,1,2,1,3.8199529623202917
2024,8,2024-10-19,regular,Vanderbilt,Ball State,H,N,24,14,10,-24.5,-27.5,DraftKings,-17.5,0.9042891884815737,1400,1085,0,0,0,7.2337044479
2024,9,2024-10-26,regular,Vanderbilt,Texas,H,Y,24,27,-3,21.0,17.0,DraftKings,14.0,0.12812569737434387,1396,2089,3,2,-1,4.903072463361272
2024,10,2024-11-02,regular,Vanderbilt,Auburn,A,Y,17,7,10,5.0,7.5,DraftKings,17.5,0.4726894497871399,1428,1585,0,1,1,4.866180279550277
2024,11,2024-11-09,regular,Vanderbilt,South Carolina,H,Y,7,28,-21,1.5,6.0,DraftKings,-15.0,0.005490208975970745,1463,1812,1,1,0,3.8673046644945916
2024,13,2024-11-24,regular,Vanderbilt,LSU,A,Y,17,24,-7,11.0,10.0,DraftKings,3.0,0.2207942008972168,1446,1764,0,0,0,3.717449497673473
2024,14,2024-11-30,regular,Vanderbilt,Tennessee,H,Y,23,36,-13,10.5,9.5,DraftKings,-3.5,0.13009844720363617,1453,1979,1,2,1,3.355829925434262
2024,1,2024-12-27,postseason,Vanderbilt,Georgia Tech,N,N,35,27,8,,3.0,DraftKings,11.0,0.9106292724609375,1469,1581,0,2,2,4.033330148630593
2025,1,2025-08-30,regular,Alabama,Florida State,A,N,17,31,-14,-13.5,-13.5,DraftKings,-27.5,2.765655517578125e-05,1824,1408,0,1,1,3.890692760872287
2025,2,2025-09-06,regular,Alabama,UL Monroe,H,N,73,0,73,-37.5,-34.0,Bovada,39.0,0.9963486790657043,1755,1281,0,3,3,1.7092281180496258
2025,3,2025-09-13,regular,Alabama,Wisconsin,H,N,38,14,24,,-17.5,DraftKings,6.5,0.8941497206687927,1920,1619,0,2,2,2.1300362761686698
2025,5,2025-09-27,regular,Alabama,Georgia,A,Y,24,21,3,4.0,2.5,DraftKings,5.5,0.8097363859415054,1948,2043,0,1,1,6.2853613474576715
2025,6,2025-10-04,regular,Alabama,Vanderbilt,H,Y,30,14,16,-13.5,-13.5,DraftKings,2.5,0.9804922938346863,1958,1758,1,2,1,4.929460919889916
2025,7,2025-10-11,regular,Alabama,Missouri,A,Y,27,24,3,-6.5,-3.0,DraftKings,0.0,0.8701906651258469,1974,1781,1,2,1,6.769031039615297
2025,8,2025-10-18,regular,Alabama,Tennessee,H,Y,37,20,17,-12.5,-8.5,DraftKings,8.5,0.8311017751693726,1967,1825,1,1,0,3.936617568158109
2025,9,2025-10-25,regular,Alabama,South Carolina,A,Y,29,22,7,-7.5,-11.5,DraftKings,-4.5,0.6517520248889923,1991,1630,2,2,0,6.965500888933744
2025,11,2025-11-09,regular,Alabama,LSU,H,Y,20,9,11,-5.5,-10.0,DraftKings,1.0,1,1978,1694,1,2,1,3.7025232883310517
2025,12,2025-11-15,regular,Alabama,Oklahoma,H,Y,21,23,-2,-12.5,-6.5,DraftKings,-8.5,0.15321090817451477,1977,1794,3,0,-3,6.7106854101740625
2025,13,2025-11-22,regular,Alabama,Eastern Illinois,H,N,56,0,56,-50.5,-50.5,DraftKings,5.5,0.9778900146484375,1966,,2,1,-1,1.8684493598244252
2025,14,2025-11-30,regular,Alabama,Auburn,A,Y,27,20,7,-6.5,-7.0,DraftKings,0.0,0.6208390891551971,1964,1661,0,2,2,6.498412085382101
2025,15,2025-12-06,regular,Alabama,Georgia,N,N,7,28,-21,,1.5,DraftKings,-19.5,0,1955,2026,1,0,-1,2.4679018249346374
2025,1,2025-12-20,postseason,Alabama,Oklahoma,A,N,34,24,10,,2.5,DraftKings,12.5,0.7368679642677307,1917,1823,0,1,1,5.315499399146065
2025,1,2026-01-01,postseason,Alabama,Indiana,N,N,3,38,-35,,7.5,DraftKings,-27.5,0.00599825382232666,1930,2191,1,0,-1,2.1031480318020312
2025,1,2025-08-30,regular,Arkansas,Alabama A&M,H,N,52,7,45,-46.5,-48.5,Bovada,-3.5,0.954650342464447,1574,,0,2,2,3.687395892523427
2025,2,2025-09-06,regular,Arkansas,Arkansas State,N,N,56,14,42,-21.5,-23.5,Bovada,18.5,0.998382568359375,1574,1344,2,2,0,3.493453978670016
2025,3,2025-09-13,regular,Arkansas,Ole Miss,A,Y,35,41,-6,,3.5,DraftKings,-2.5,0.5945766270160675,1674,1922,1,0,-1,6.476053958073642
2025,4,2025-09-20,regular,Arkansas,Memphis,A,N,31,32,-1,-5.5,-7.0,DraftKings,-8.0,0.1873902678489685,1678,1658,3,2,-1,7.031627542435475
2025,5,2025-09-27,regular,Arkansas,Notre Dame,H,N,13,56,-43,10.5,5.5,DraftKings,-37.5,0.07087067514657974,1677,2126,2,0,-2,3.1141392481338106
2025,7,2025-10-11,regular,Arkansas,Tennessee,A,Y,31,34,-3,13.5,10.0,DraftKings,7.0,0.16712307929992676,1608,1827,3,0,-3,5.12397736458338
2025,8,2025-10-18,regular,Arkansas,Texas A&M,H,Y,42,45,-3,8.5,7.5,DraftKings,4.5,0.24348041415214539,1610,1808,0,0,0,7.050104190802901
2025,9,2025-10-25,regular,Arkansas,Auburn,H,Y,24,33,-9,-1.5,-2.5,DraftKings,-11.5,0.1527402400970459,1617,1681,4,1,-3,5.35366278395004
2025,10,2025-11-01,regular,Arkansas,Mississippi State,H,Y,35,38,-3,-3.5,-5.5,DraftKings,-8.5,0.7248119115829468,1604,1514,0,1,1,7.06341697165689
2025,12,2025-11-15,regular,Arkansas,LSU,A,Y,22,23,-1,6.5,4.0,DraftKings,3.0,0.25507014989852905,1594,1695,3,0,-3,6.39666465263123
2025,13,2025-11-22,regular,Arkansas,Texas,A,Y,37,52,-15,10.5,8.5,DraftKings,-6.5,0,1596,1872,2,0,-2,4.624234501424844
2025,14,2025-11-29,regular,Arkansas,Missouri,H,Y,17,31,-14,2.5,4.5,DraftKings,-9.5,0.4884832799434662,1588,1748,0,1,1,5.336043578812519
2025,1,2025-08-30,regular,Auburn,Baylor,A,N,38,24,14,-1.5,-1.5,DraftKings,12.5,0.8002391457557678,1574,1604,0,0,0,5.207606567811596
2025,2,2025-09-06,regular,Auburn,Ball State,H,N,42,3,39,-43.5,-43.0,Bovada,-4.0,0.9814049601554871,1609,1138,1,1,0,3.1998303337378187
2025,3,2025-09-13,regular,Auburn,South Alabama,H,N,31,15,16,,-26.5,DraftKings,-10.5,0.9974876046180725,1661,1557,0,2,2,2.4154160553241155
2025,4,2025-09-20,regular,Auburn,Oklahoma,A,Y,17,24,-7,4.5,6.5,DraftKings,-0.5,0.09148263931274414,1686,1742,0,1,1,5.956621046190708
2025,5,2025-09-27,regular,Auburn,Texas A&M,A,Y,10,16,-6,6.5,6.5,DraftKings,0.5,0.032203614711761475,1680,1749,0,1,1,3.8765048091063026
2025,7,2025-10-11,regular,Auburn,Georgia,H,Y,10,20,-10,7.0,4.5,DraftKings,-5.5,0.43863198161125183,1676,2033,1,0,-1,3.7158594869496846
2025,8,2025-10-18,regular,Auburn,Missouri,H,Y,17,23,-6,-1.5,1.5,DraftKings,-4.5,0.33761686086654663,1684,1788,1,2,1,8.047831932676818
2025,9,2025-10-25,regular,Auburn,Arkansas,A,Y,33,24,9,1.5,2.5,DraftKings,11.5,0.8472597599029541,1681,1617,1,4,3,5.35366278395004
2025,10,2025-11-01,regular,Auburn,Kentucky,H,Y,3,10,-7,-10.0,-11.5,DraftKings,-18.5,0.2702767848968506,1694,1506,2,2,0,5.095503034276599
2025,11,2025-11-08,regular,Auburn,Vanderbilt,A,Y,38,45,-7,5.5,6.0,DraftKings,-1.0,0.34615635871887207,1665,1766,0,1,1,9.394868635793847
2025,13,2025-11-22,regular,Auburn,Mercer,H,N,62,17,45,,-26.5,DraftKings,18.5,0.9926486015319824,1660,,0,3,3,3.9444936974494835
2025,14,2025-11-30,regular,Auburn,Alabama,H,Y,20,27,-7,6.5,7.0,DraftKings,0.0,0.37916091084480286,1661,1964,2,0,-2,6.498412085382101
2025,1,2025-08-30,regular,Florida,Long Island University,H,N,55,0,55,-45.5,-47.0,Bovada,8.0,0.9889460802078247,1678,,0,2,2,1.4437960459230383
2025,2,2025-09-06,regular,Florida,South Florida,H,N,16,18,-2,-18.0,-18.5,Bovada,-20.5,0.49722573161125183,1678,1554,1,0,-1,6.000807473517696
2025,3,2025-09-13,regular,Florida,LSU,A,Y,10,20,-10,5.5,4.5,DraftKings,-5.5,0.03979814052581787,1668,1735,5,1,-4,4.803348735160815
2025,4,2025-09-20,regular,Florida,Miami,A,N,7,26,-19,3.5,8.5,DraftKings,-10.5,0,1656,1825,0,1,1,3.3658697574455463
2025,6,2025-10-04,regular,Florida,Texas,H,Y,29,21,8,6.5,4.5,DraftKings,12.5,0.9032769799232483,1629,1972,2,2,0,3.328666311999717
2025,7,2025-10-11,regular,Florida,Texas A&M,A,Y,17,34,-17,9.5,7.0,DraftKings,-10.0,0.00037401914596557617,1665,1782,2,1,-1,3.5273446774125765
2025,8,2025-10-18,regular,Florida,Mississippi State,H,Y,23,21,2,-9.5,-9.5,DraftKings,-7.5,0.5562131404876709,1639,1494,2,2,0,6.722744597880556
2025,10,2025-11-01,regular,Florida,Georgia,N,Y,20,24,-4,7.5,7.0,DraftKings,3.0,0.12382172793149948,1638,2034,0,1,1,7.501922970887811
2025,11,2025-11-09,regular,Florida,Kentucky,A,Y,7,38,-31,-4.5,-4.5,DraftKings,-35.5,0.021149396896362305,1655,1535,4,4,0,3.929849442801651
2025,12,2025-11-16,regular,Florida,Ole Miss,A,Y,24,34,-10,7.5,10.5,DraftKings,0.5,0.014274954795837402,1555,1969,1,1,0,6.26444436261108
2025,13,2025-11-23,regular,Florida,Tennessee,H,Y,11,31,-20,-4.0,3.5,DraftKings,-16.5,0.0007584895938634872,1565,1834,0,0,0,2.205107309922417
2025,14,2025-11-29,regular,Florida,Florida State,H,N,40,21,19,-1.5,1.5,DraftKings,20.5,1,1543,1606,1,2,1,3.621784191906209
2025,1,2025-08-30,regular,Georgia,Marshall,H,N,45,7,38,-39.5,-39.5,DraftKings,-1.5,0.9931291341781616,1998,1574,0,0,0,2.831958872682932
2025,2,2025-09-06,regular,Georgia,Austin Peay,H,N,28,6,22,-48.0,-47.0,Bovada,-25.0,0.9730114340782166,2072,,2,1,-1,2.1152278036155816
2025,3,2025-09-13,regular,Georgia,Tennessee,A,Y,44,41,3,-7.5,-3.5,DraftKings,-0.5,0.1633211374282837,2053,1799,2,2,0,8.927697065894355
2025,5,2025-09-27,regular,Georgia,Alabama,H,Y,21,24,-3,-4.0,-2.5,DraftKings,-5.5,0.19026361405849457,2043,1948,1,0,-1,6.2853613474576715
2025,6,2025-10-04,regular,Georgia,Kentucky,H,Y,35,14,21,-20.5,-19.5,DraftKings,1.5,1,2033,1513,2,2,0,2.8258150901367185
2025,7,2025-10-11,regular,Georgia,Auburn,A,Y,20,10,10,-7.0,-4.5,DraftKings,5.5,0.5613680183887482,2033,1676,0,1,1,3.7158594869496846
2025,8,2025-10-18,regular,Georgia,Ole Miss,H,Y,43,35,8,-10.5,-7.5,DraftKings,0.5,1,2025,1971,0,0,0,6.5134351342636005
2025,10,2025-11-01,regular,Georgia,Florida,N,Y,24,20,4,-7.5,-7.0,DraftKings,-3.0,0.8761782720685005,2034,1638,1,0,-1,7.501922970887811
2025,11,2025-11-08,regular,Georgia,Mississippi State,A,Y,41,21,20,-9.5,-9.5,DraftKings,10.5,1,2017,1524,1,1,0,3.785267348604506
2025,12,2025-11-16,regular,Georgia,Texas,H,Y,35,10,25,-2.5,-3.5,DraftKings,21.5,0.9910233020782471,2018,1924,1,1,0,3.2577676387805257
2025,13,2025-11-22,regular,Georgia,Charlotte,H,N,35,3,32,-44.5,-42.5,DraftKings,-10.5,0.9879599809646606,2070,1013,1,2,1,1.6983975885892353
2025,14,2025-11-28,regular,Georgia,Georgia Tech,N,N,16,9,7,-12.5,-16.5,DraftKings,-9.5,0.2711045742034912,2048,1573,1,1,0,3.7309061341517817
2025,15,2025-12-06,regular,Georgia,Alabama,N,N,28,7,21,,-1.5,DraftKings,19.5,1,2026,1955,0,1,1,2.4679018249346374
2025,1,2026-01-02,postseason,Georgia,Ole Miss,N,N,34,39,-5,,-6.0,DraftKings,-11.0,0.18179981410503387,2064,2004,1,1,0,8.465983498559117
2025,1,2025-08-30,regular,Kentucky,Toledo,H,N,24,16,8,-10.0,-10.0,DraftKings,-2.0,0.9706190228462219,1498,1454,2,1,-1,3.6450777717616583
2025,2,2025-09-06,regular,Kentucky,Ole Miss,H,Y,23,30,-7,8.5,8.0,Bovada,1.0,0.4151056110858917,1507,1939,0,2,2,5.576328550071941
2025,3,2025-09-13,regular,Kentucky,Eastern Michigan,H,N,48,23,25,,-26.5,DraftKings,-1.5,0.9919674396514893,1524,1253,0,1,1,3.1385967464938243
2025,5,2025-09-27,regular,Kentucky,South Carolina,A,Y,13,35,-22,6.0,5.5,DraftKings,-16.5,0.008630633354187012,1557,1638,4,0,-4,3.3690642585545874
2025,6,2025-10-04,regular,Kentucky,Georgia,A,Y,14,35,-21,20.5,19.5,DraftKings,-1.5,0,1513,2033,2,2,0,2.8258150901367185
2025,8,2025-10-18,regular,Kentucky,Texas,H,Y,13,16,-3,13.5,12.5,DraftKings,9.5,0.6518524885177612,1513,1964,1,0,-1,8.799986829345762
2025,9,2025-10-25,regular,Kentucky,Tennessee,H,Y,34,56,-22,9.5,7.5,DraftKings,-14.5,0.01421354804188013,1533,1801,2,0,-2,4.0851942581443055
2025,10,2025-11-01,regular,Kentucky,Auburn,A,Y,10,3,7,10.0,11.5,DraftKings,18.5,0.7297232151031494,1506,1694,2,2,0,5.095503034276599
2025,11,2025-11-09,regular,Kentucky,Florida,H,Y,38,7,31,4.5,4.5,DraftKings,35.5,0.9788506031036377,1535,1655,4,4,0,3.929849442801651
2025,12,2025-11-15,regular,Kentucky,Tennessee Tech,H,N,42,10,32,,-22.5,DraftKings,9.5,0.9980577230453491,1622,,0,1,1,1.904565463157122
2025,13,2025-11-22,regular,Kentucky,Vanderbilt,A,Y,17,45,-28,7.5,7.0,DraftKings,-21.0,0.023726463317871094,1635,1770,3,1,-2,2.2736201189045495
2025,14,2025-11-29,regular,Kentucky,Louisville,A,N,0,41,-41,6.5,-1.5,DraftKings,-42.5,0.02635812759399414,1578,1631,2,0,-2,2.079453613424045
2025,1,2025-08-30,regular,LSU,Clemson,A,N,17,10,7,3.5,3.5,DraftKings,10.5,0.8974262624979019,1718,1704,2,1,-1,5.004065274365249
2025,2,2025-09-06,regular,LSU,Louisiana Tech,H,N,23,7,16,-38.0,-36.5,Bovada,-20.5,0.9601048827171326,1730,1397,1,0,-1,2.689104640399413
2025,3,2025-09-13,regular,LSU,Florida,H,Y,20,10,10,-5.5,-4.5,DraftKings,5.5,0.9602018594741821,1735,1668,1,5,4,4.803348735160815
2025,4,2025-09-20,regular,LSU,SE Louisiana,H,N,56,10,46,-40.5,-49.0,Bovada,-3.0,0.9890648722648621,1747,,0,0,0,2.416578722550905
2025,5,2025-09-27,regular,LSU,Ole Miss,A,Y,19,24,-5,-2.5,2.5,DraftKings,-2.5,0.1511077880859375,1747,1981,1,2,1,5.3689509418819625
2025,7,2025-10-11,regular,LSU,South Carolina,H,Y,20,10,10,-10.5,-8.5,DraftKings,1.5,0.9584726095199585,1751,1682,3,2,-1,4.958702234174087
2025,8,2025-10-18,regular,LSU,Vanderbilt,A,Y,24,31,-7,-3.5,1.5,DraftKings,-5.5,0.0443386435508728,1763,1742,0,0,0,4.356349337034045
2025,9,2025-10-25,regular,LSU,Texas A&M,H,Y,25,49,-24,-5.5,1.5,DraftKings,-22.5,0,1752,1801,0,2,2,5.32002098367874
2025,11,2025-11-09,regular,LSU,Alabama,A,Y,9,20,-11,5.5,10.0,DraftKings,-1.0,0,1694,1978,2,1,-1,3.7025232883310517
2025,12,2025-11-15,regular,LSU,Arkansas,H,Y,23,22,1,-6.5,-4.0,DraftKings,-3.0,0.744929850101471,1695,1594,0,3,3,6.39666465263123
2025,13,2025-11-23,regular,LSU,Western Kentucky,H,N,13,10,3,-22.5,-24.5,DraftKings,-21.5,0.6684710383415222,1693,1398,2,2,0,4.349466223266472
2025,14,2025-11-29,regular,LSU,Oklahoma,A,Y,13,17,-4,8.5,11.5,DraftKings,7.5,0.6404007077217102,1690,1824,1,3,2,7.386930391872517
2025,1,2025-12-28,postseason,LSU,Houston,N,N,35,38,-3,,1.5,DraftKings,-1.5,0.4129297733306885,1691,1496,1,0,-1,6.262398137842444
2025,1,2025-08-30,regular,Mississippi State,Southern Miss,A,N,34,17,17,-11.5,-11.5,DraftKings,5.5,0.9816224034875631,1412,1119,1,1,0,4.441994027739813
2025,2,2025-09-06,regular,Mississippi State,Arizona State,H,N,24,20,4,7.0,6.0,Bovada,10.0,0.8706225156784058,1424,1700,0,2,2,4.934156253962285
2025,3,2025-09-13,regular,Mississippi State,Alcorn State,H,N,63,0,63,-38.5,-42.5,DraftKings,20.5,0.9959214925765991,1454,,1,3,2,1.7864428042072722
2025,4,2025-09-20,regular,Mississippi State,Northern Illinois,H,N,38,10,28,-21.5,-23.5,DraftKings,4.5,0.989556610584259,1436,1453,0,1,1,3.2053902517985993
2025,5,2025-09-27,regular,Mississippi State,Tennessee,H,Y,34,41,-7,10.0,7.5,DraftKings,0.5,0.27220362424850464,1512,1838,2,3,1,8.714407031892366
2025,6,2025-10-04,regular,Mississippi State,Texas A&M,A,Y,9,31,-22,13.5,17.5,DraftKings,-4.5,0.005761325359344482,1523,1753,2,1,-1,3.4951418576507356
2025,8,2025-10-18,regular,Mississippi State,Florida,A,Y,21,23,-2,9.5,9.5,DraftKings,7.5,0.4437868595123291,1494,1639,2,2,0,6.722744597880556
2025,9,2025-10-25,regular,Mississippi State,Texas,H,Y,38,45,-7,8.5,8.5,DraftKings,1.5,0.28513211011886597,1495,1944,1,1,0,9.321110708758852
2025,10,2025-11-01,regular,Mississippi State,Arkansas,A,Y,38,35,3,3.5,5.5,DraftKings,8.5,0.2751880884170532,1514,1604,1,0,-1,7.06341697165689
2025,11,2025-11-08,regular,Mississippi State,Georgia,H,Y,21,41,-20,9.5,9.5,DraftKings,-10.5,0,1524,2017,1,1,0,3.785267348604506
2025,12,2025-11-16,regular,Mississippi State,Missouri,A,Y,27,49,-22,,7.5,DraftKings,-14.5,0,1523,1734,3,2,-1,4.870050241990691
2025,14,2025-11-28,regular,Mississippi State,Ole Miss,H,Y,19,38,-19,9.5,7.5,DraftKings,-11.5,0.015346751548349857,1492,1959,1,0,-1,4.644830935938228
2025,1,2026-01-03,postseason,Mississippi State,Wake Forest,N,N,29,43,-14,-3.0,-3.0,DraftKings,-17.0,0.05442608520388603,1491,1508,0,1,1,5.3722560898728515
2025,1,2025-08-28,regular,Missouri,Central Arkansas,H,N,61,6,55,-36.5,-38.5,Bovada,16.5,0.9923890829086304,1640,,0,2,2,3.2619476923306743
2025,2,2025-09-06,regular,Missouri,Kansas,H,N,42,31,11,-7.0,-7.0,DraftKings,4.0,0.9613492488861084,1640,1632,1,1,0,7.009144755470777
2025,3,2025-09-13,regular,Missouri,Louisiana,H,N,52,10,42,-27.5,-27.5,DraftKings,14.5,0.9936493635177612,1659,1463,1,0,-1,1.633721829510829
2025,4,2025-09-20,regular,Missouri,South Carolina,H,Y,29,20,9,-3.0,-10.0,DraftKings,-1.0,0.9567704796791077,1755,1645,1,0,-1,6.401869009669572
2025,5,2025-09-27,regular,Missouri,Massachusetts,H,N,42,6,36,-42.5,-44.5,DraftKings,-8.5,0.9859509468078613,1762,1058,1,1,0,2.574124852200219
2025,7,2025-10-11,regular,Missouri,Alabama,H,Y,24,27,-3,6.5,3.0,DraftKings,0.0,0.12980933487415314,1781,1974,2,1,-1,6.769031039615297
2025,8,2025-10-18,regular,Missouri,Auburn,A,Y,23,17,6,1.5,-1.5,DraftKings,4.5,0.6623831391334534,1788,1684,2,1,-1,8.047831932676818
2025,9,2025-10-25,regular,Missouri,Vanderbilt,A,Y,10,17,-7,1.5,3.0,DraftKings,-4.0,0.8266028165817261,1791,1753,1,1,0,5.267295377402327
2025,11,2025-11-08,regular,Missouri,Texas A&M,H,Y,17,38,-21,6.5,7.0,DraftKings,-14.0,0.04862264171242714,1779,1859,2,1,-1,3.262741592650687
2025,12,2025-11-16,regular,Missouri,Mississippi State,H,Y,49,27,22,,-7.5,DraftKings,14.5,1,1734,1523,2,3,1,4.870050241990691
2025,13,2025-11-22,regular,Missouri,Oklahoma,A,Y,6,17,-11,10.5,4.5,DraftKings,-6.5,0.4584808945655823,1765,1807,2,0,-2,2.897279975694421
2025,14,2025-11-29,regular,Missouri,Arkansas,A,Y,31,17,14,-2.5,-4.5,DraftKings,9.5,0.5115167200565338,1748,1588,1,0,-1,5.336043578812519
2025,1,2025-12-28,postseason,Missouri,Virginia,N,N,7,13,-6,,-4.0,DraftKings,-10.0,0.23454348742961884,1765,1622,1,1,0,4.455815048839383
2025,1,2025-08-30,regular,Oklahoma,Illinois State,H,N,35,3,32,-35.5,-39.5,Bovada,-7.5,0.9841676354408264,1650,,2,0,-2,2.339243175901871
2025,2,2025-09-06,regular,Oklahoma,Michigan,H,N,24,13,11,-3.0,-3.0,DraftKings,8.0,0.8726335167884827,1650,1771,2,0,-2,3.288925346237761
2025,3,2025-09-13,regular,Oklahoma,Temple,A,N,42,3,39,,-23.5,DraftKings,15.5,0.9676382094621658,1679,1284,1,0,-1,2.8145400659947084
2025,4,2025-09-20,regular,Oklahoma,Auburn,H,Y,24,17,7,-4.5,-6.5,DraftKings,0.5,0.9085173606872559,1742,1686,1,0,-1,5.956621046190708
2025,6,2025-10-04,regular,Oklahoma,Kent State,H,N,44,0,44,-45.5,-46.5,DraftKings,-2.5,0.9927051663398743,1748,859,0,2,2,2.256360267230515
2025,7,2025-10-11,regular,Oklahoma,Texas,N,Y,6,23,-17,9.5,2.5,DraftKings,-14.5,0.010087668895721436,1769,1936,3,0,-3,4.19443888245953
2025,8,2025-10-18,regular,Oklahoma,South Carolina,A,Y,26,7,19,-3.5,-4.5,DraftKings,14.5,0.9872975368052721,1741,1670,0,2,2,4.716868331594246
2025,9,2025-10-25,regular,Oklahoma,Ole Miss,H,Y,26,34,-8,-2.5,-5.5,DraftKings,-13.5,0.10893948376178741,1781,1962,1,0,-1,6.522901703271394
2025,10,2025-11-01,regular,Oklahoma,Tennessee,A,Y,33,27,6,2.5,3.0,DraftKings,9.0,0.5654062032699585,1780,1828,2,3,1,7.451622569791746
2025,12,2025-11-15,regular,Oklahoma,Alabama,A,Y,23,21,2,12.5,6.5,DraftKings,8.5,0.8467890918254852,1794,1977,0,3,3,6.7106854101740625
2025,13,2025-11-22,regular,Oklahoma,Missouri,H,Y,17,6,11,-10.5,-4.5,DraftKings,6.5,0.5415191054344177,1807,1765,0,2,2,2.897279975694421
2025,14,2025-11-29,regular,Oklahoma,LSU,H,Y,17,13,4,-8.5,-11.5,DraftKings,-7.5,0.3595992922782898,1824,1690,3,1,-2,7.386930391872517
2025,1,2025-12-20,postseason,Oklahoma,Alabama,H,N,24,34,-10,,-2.5,DraftKings,-12.5,0.2631320357322693,1823,1917,1,0,-1,5.315499399146065
2025,1,2025-08-30,regular,Ole Miss,Georgia State,H,N,63,7,56,-38.5,-38.5,DraftKings,17.5,0.9927834868431091,1838,1331,2,1,-1,2.746951828945296
2025,2,2025-09-06,regular,Ole Miss,Kentucky,A,Y,30,23,7,-8.5,-8.0,Bovada,-1.0,0.5848943889141083,1939,1507,2,0,-2,5.576328550071941
2025,3,2025-09-13,regular,Ole Miss,Arkansas,H,Y,41,35,6,,-3.5,DraftKings,2.5,0.4054233729839325,1922,1674,0,1,1,6.476053958073642
2025,4,2025-09-20,regular,Ole Miss,Tulane,H,N,45,10,35,-13.5,-12.5,DraftKings,22.5,0.9863547682762146,1918,1642,1,1,0,1.8655250919442568
2025,5,2025-09-27,regular,Ole Miss,LSU,H,Y,24,19,5,2.5,-2.5,DraftKings,2.5,0.8488922119140625,1981,1747,2,1,-1,5.3689509418819625
2025,7,2025-10-11,regular,Ole Miss,Washington State,H,N,24,21,3,-32.5,-33.5,DraftKings,-30.5,0.8845190405845642,1977,1355,1,0,-1,5.373502448379028
2025,8,2025-10-18,regular,Ole Miss,Georgia,A,Y,35,43,-8,10.5,7.5,DraftKings,-0.5,0,1971,2025,0,0,0,6.5134351342636005
2025,9,2025-10-25,regular,Ole Miss,Oklahoma,A,Y,34,26,8,2.5,5.5,DraftKings,13.5,0.8910605162382126,1962,1781,0,1,1,6.522901703271394
2025,10,2025-11-01,regular,Ole Miss,South Carolina,H,Y,30,14,16,-13.5,-12.5,DraftKings,3.5,0.9924944639205933,1963,1643,2,3,1,4.9470900482214235
2025,11,2025-11-08,regular,Ole Miss,The Citadel,H,N,49,0,49,-51.5,-51.5,DraftKings,-2.5,0.8325901627540588,1980,,1,0,-1,1.860293866698971
2025,12,2025-11-16,regular,Ole Miss,Florida,H,Y,34,24,10,-7.5,-10.5,DraftKings,-0.5,0.9857250452041626,1969,1555,1,1,0,6.26444436261108
2025,14,2025-11-28,regular,Ole Miss,Mississippi State,A,Y,38,19,19,-9.5,-7.5,DraftKings,11.5,0.9846532484516501,1959,1492,0,1,1,4.644830935938228
2025,1,2025-12-20,postseason,Ole Miss,Tulane,H,N,41,10,31,,-16.5,DraftKings,14.5,0.9860715866088867,1960,1627,1,3,2,2.1738131487966745
2025,1,2026-01-02,postseason,Ole Miss,Georgia,N,N,39,34,5,,6.0,DraftKings,11.0,0.8182001858949661,2004,2064,1,1,0,8.465983498559117
2025,1,2026-01-09,postseason,Ole Miss,Miami,N,N,27,31,-4,,3.0,DraftKings,-1.0,0.23706090450286865,2011,2004,0,1,1,8.24467957486194
2025,1,2025-08-31,regular,South Carolina,Virginia Tech,N,N,24,11,13,-8.5,-8.5,DraftKings,4.5,0.8414051532745361,1706,1598,0,2,2,4.239271697882769
2025,2,2025-09-06,regular,South Carolina,South Carolina State,H,N,38,10,28,-42.5,-43.0,Bovada,-15.0,0.6999583840370178,1729,,0,1,1,3.6234773442688484
2025,3,2025-09-13,regular,South Carolina,Vanderbilt,H,Y,7,31,-24,,-3.0,DraftKings,-27.0,0.015361112542450428,1729,1570,4,1,-3,4.458445004730975
2025,4,2025-09-20,regular,South Carolina,Missouri,A,Y,20,29,-9,3.0,10.0,DraftKings,1.0,0.043229520320892334,1645,1755,0,1,1,6.401869009669572
2025,5,2025-09-27,regular,South Carolina,Kentucky,H,Y,35,13,22,-6.0,-5.5,DraftKings,16.5,0.991369366645813,1638,1557,0,4,4,3.3690642585545874
2025,7,2025-10-11,regular,South Carolina,LSU,A,Y,10,20,-10,10.5,8.5,DraftKings,-1.5,0.041527390480041504,1682,1751,2,3,1,4.958702234174087
2025,8,2025-10-18,regular,South Carolina,Oklahoma,H,Y,7,26,-19,3.5,4.5,DraftKings,-14.5,0.012702463194727898,1670,1741,2,0,-2,4.716868331594246
2025,9,2025-10-25,regular,South Carolina,Alabama,H,Y,22,29,-7,7.5,11.5,DraftKings,4.5,0.3482479751110077,1630,1991,2,2,0,6.965500888933744
2025,10,2025-11-01,regular,South Carolina,Ole Miss,A,Y,14,30,-16,13.5,12.5,DraftKings,-3.5,0.007505536079406738,1643,1963,3,2,-1,4.9470900482214235
2025,12,2025-11-15,regular,South Carolina,Texas A&M,A,Y,30,31,-1,18.5,16.5,DraftKings,15.5,0,1637,1904,1,4,3,5.900620804326157
2025,13,2025-11-22,regular,South Carolina,Coastal Carolina,H,N,51,7,44,-23.5,-23.5,DraftKings,20.5,0.9924185276031494,1645,1313,0,1,1,2.592138507375151
2025,14,2025-11-29,regular,South Carolina,Clemson,H,N,14,28,-14,2.5,-2.5,DraftKings,-16.5,0.012787394225597382,1730,1725,4,1,-3,6.0292124586193445
2025,1,2025-08-30,regular,Tennessee,Syracuse,N,N,45,26,19,-13.5,-13.5,DraftKings,5.5,0.9841050505638123,1776,1499,1,2,1,3.339909414752006
2025,2,2025-09-06,regular,Tennessee,East Tennessee State,H,N,72,17,55,-41.0,-39.5,Bovada,15.5,0.9897788166999817,1808,,0,0,0,2.3666336633020975
2025,3,2025-09-13,regular,Tennessee,Georgia,H,Y,41,44,-3,7.5,3.5,DraftKings,0.5,0.8366788625717163,1799,2053,2,2,0,8.927697065894355
2025,4,2025-09-20,regular,Tennessee,UAB,H,N,56,24,32,-41.5,-39.5,DraftKings,-7.5,0.9989473819732666,1809,1307,2,2,0,2.4876261409806415
2025,5,2025-09-27,regular,Tennessee,Mississippi State,A,Y,41,34,7,-10.0,-7.5,DraftKings,-0.5,0.7277963757514954,1838,1512,3,2,-1,8.714407031892366
2025,7,2025-10-11,regular,Tennessee,Arkansas,H,Y,34,31,3,-13.5,-10.0,DraftKings,-7.0,0.8328769207000732,1827,1608,0,3,3,5.12397736458338
2025,8,2025-10-18,regular,Tennessee,Alabama,A,Y,20,37,-17,12.5,8.5,DraftKings,-8.5,0.16889822483062744,1825,1967,1,1,0,3.936617568158109
2025,9,2025-10-25,regular,Tennessee,Kentucky,A,Y,56,34,22,-9.5,-7.5,DraftKings,14.5,0.9857864519581199,1801,1533,0,2,2,4.0851942581443055
2025,10,2025-11-01,regular,Tennessee,Oklahoma,H,Y,27,33,-6,-2.5,-3.0,DraftKings,-9.0,0.4345937967300415,1828,1780,3,2,-1,7.451622569791746
2025,12,2025-11-15,regular,Tennessee,New Mexico State,H,N,42,9,33,-39.5,-41.5,DraftKings,-8.5,0.9741840958595276,1814,1201,2,2,0,3.093171763725749
2025,13,2025-11-23,regular,Tennessee,Florida,A,Y,31,11,20,4.0,-3.5,DraftKings,16.5,0.9992415104061365,1834,1565,0,0,0,2.205107309922417
2025,14,2025-11-29,regular,Tennessee,Vanderbilt,H,Y,24,45,-21,-5.5,-2.5,DraftKings,-23.5,0.015860430896282196,1856,1827,0,2,2,6.4644006771448
2025,1,2025-12-30,postseason,Tennessee,Illinois,N,N,28,30,-2,-5.5,-3.0,DraftKings,-5.0,0.39647895097732544,1799,1583,1,0,-1,5.690550016791522
2025,1,2025-08-30,regular,Texas,Ohio State,A,N,7,14,-7,3.0,3.0,DraftKings,-4.0,0.2689187526702881,1861,1974,1,0,-1,2.8501456148390796
2025,2,2025-09-06,regular,Texas,San José State,H,N,38,7,31,-36.0,-37.0,Bovada,-6.0,0.9910861253738403,1858,1467,2,4,2,3.0706770400082175
2025,3,2025-09-13,regular,Texas,UTEP,H,N,27,10,17,,-39.5,DraftKings,-22.5,1,1896,1230,1,2,1,3.4510180667844916
2025,4,2025-09-21,regular,Texas,Sam Houston,H,N,55,0,55,-40.5,-39.5,DraftKings,15.5,0.9902904629707336,1878,1337,0,1,1,2.8833695642232984
2025,6,2025-10-04,regular,Texas,Florida,A,Y,21,29,-8,-6.5,-4.5,DraftKings,-12.5,0.09672302007675171,1972,1629,2,2,0,3.328666311999717
2025,7,2025-10-11,regular,Texas,Oklahoma,N,Y,23,6,17,-9.5,-2.5,DraftKings,14.5,0.9899123311042786,1936,1769,0,3,3,4.19443888245953
2025,8,2025-10-18,regular,Texas,Kentucky,A,Y,16,13,3,-13.5,-12.5,DraftKings,-9.5,0.34814751148223877,1964,1513,0,1,1,8.799986829345762
2025,9,2025-10-25,regular,Texas,Mississippi State,A,Y,45,38,7,-8.5,-8.5,DraftKings,-1.5,0.714867889881134,1944,1495,1,1,0,9.321110708758852
2025,10,2025-11-01,regular,Texas,Vanderbilt,H,Y,34,31,3,-3.5,-3.5,DraftKings,-0.5,0.7722781300544739,1925,1765,0,1,1,3.920122530757057
2025,12,2025-11-16,regular,Texas,Georgia,A,Y,10,35,-25,2.5,3.5,DraftKings,-21.5,0.00897669792175293,1924,2018,1,1,0,3.2577676387805257
2025,13,2025-11-22,regular,Texas,Arkansas,H,Y,52,37,15,-10.5,-8.5,DraftKings,6.5,1,1872,1596,0,2,2,4.624234501424844
2025,14,2025-11-29,regular,Texas,Texas A&M,H,Y,27,17,10,2.5,2.5,DraftKings,12.5,0.6624485850334167,1880,1896,0,2,2,5.110871723010601
2025,1,2025-12-31,postseason,Texas,Michigan,N,N,41,27,14,,-4.0,DraftKings,10.0,0.9724535942077637,1898,1814,1,3,2,7.573219878663873
2025,1,2025-08-30,regular,Texas A&M,UTSA,H,N,42,24,18,-21.5,-21.5,DraftKings,-3.5,1,1674,1529,0,0,0,5.030838796225625
2025,2,2025-09-06,regular,Texas A&M,Utah State,H,N,44,22,22,-29.5,-34.5,Bovada,-12.5,0.9944328665733337,1700,1418,1,1,0,2.8471288896070894
2025,3,2025-09-13,regular,Texas A&M,Notre Dame,A,N,41,40,1,7.0,6.5,DraftKings,7.5,0.8505955636501312,1724,2166,1,1,0,8.103345635698446
2025,5,2025-09-27,regular,Texas A&M,Auburn,H,Y,16,10,6,-6.5,-6.5,DraftKings,-0.5,0.9677963852882385,1749,1680,1,0,-1,3.8765048091063026
2025,6,2025-10-04,regular,Texas A&M,Mississippi State,H,Y,31,9,22,-13.5,-17.5,DraftKings,4.5,0.9942386746406555,1753,1523,1,2,1,3.4951418576507356
2025,7,2025-10-11,regular,Texas A&M,Florida,H,Y,34,17,17,-9.5,-7.0,DraftKings,10.0,0.9996259808540344,1782,1665,1,2,1,3.5273446774125765
2025,8,2025-10-18,regular,Texas A&M,Arkansas,A,Y,45,42,3,-8.5,-7.5,DraftKings,-4.5,0.7565195858478546,1808,1610,0,0,0,7.050104190802901
2025,9,2025-10-25,regular,Texas A&M,LSU,A,Y,49,25,24,5.5,-1.5,DraftKings,22.5,1,1801,1752,2,0,-2,5.32002098367874
2025,11,2025-11-08,regular,Texas A&M,Missouri,A,Y,38,17,21,-6.5,-7.0,DraftKings,14.0,0.9513773582875729,1859,1779,1,2,1,3.262741592650687
2025,12,2025-11-15,regular,Texas A&M,South Carolina,H,Y,31,30,1,-18.5,-16.5,DraftKings,-15.5,1,1904,1637,4,1,-3,5.900620804326157
2025,13,2025-11-22,regular,Texas A&M,Samford,H,N,48,0,48,-54.5,-54.5,DraftKings,-6.5,0.9767223000526428,1896,,2,0,-2,2.1226393455024506
2025,14,2025-11-29,regular,Texas A&M,Texas,A,Y,17,27,-10,-2.5,-2.5,DraftKings,-12.5,0.33755141496658325,1896,1880,2,0,-2,5.110871723010601
2025,1,2025-12-20,postseason,Texas A&M,Miami,H,N,3,10,-7,,-3.0,DraftKings,-10.0,0.10410378873348236,1878,1967,3,1,-2,5.812677778929839
2025,1,2025-08-30,regular,Vanderbilt,Charleston Southern,H,N,45,3,42,-37.5,-37.5,Bovada,4.5,0.9889649748802185,1497,,0,2,2,1.7678967453755141
2025,2,2025-09-06,regular,Vanderbilt,Virginia Tech,A,N,44,20,24,1.0,1.5,Bovada,25.5,0.9740848653018475,1497,1575,2,1,-1,5.012196213185042
2025,3,2025-09-13,regular,Vanderbilt,South Carolina,A,Y,31,7,24,,3.0,DraftKings,27.0,0.9846388874575496,1570,1729,1,4,3,4.458445004730975
2025,4,2025-09-20,regular,Vanderbilt,Georgia State,H,N,70,21,49,-26.5,-27.5,DraftKings,21.5,0.9932364821434021,1654,1213,0,1,1,3.416313854106599
2025,5,2025-09-27,regular,Vanderbilt,Utah State,H,N,55,35,20,-21.5,-23.5,DraftKings,-3.5,0.9819328784942627,1741,1442,1,1,0,4.60252610511381
2025,6,2025-10-04,regular,Vanderbilt,Alabama,A,Y,14,30,-16,13.5,13.5,DraftKings,-2.5,0.01950770616531372,1758,1958,2,1,-1,4.929460919889916
2025,8,2025-10-18,regular,Vanderbilt,LSU,H,Y,31,24,7,3.5,-1.5,DraftKings,5.5,0.9556613564491272,1742,1763,0,0,0,4.356349337034045
2025,9,2025-10-25,regular,Vanderbilt,Missouri,H,Y,17,10,7,-1.5,-3.0,DraftKings,4.0,0.17339718341827393,1753,1791,1,1,0,5.267295377402327
2025,10,2025-11-01,regular,Vanderbilt,Texas,A,Y,31,34,-3,3.5,3.5,DraftKings,0.5,0.22772186994552612,1765,1925,1,0,-1,3.920122530757057
2025,11,2025-11-08,regular,Vanderbilt,Auburn,H,Y,45,38,7,-5.5,-6.0,DraftKings,1.0,0.6538436412811279,1766,1665,1,0,-1,9.394868635793847
2025,13,2025-11-22,regular,Vanderbilt,Kentucky,H,Y,45,17,28,-7.5,-7.0,DraftKings,21.0,0.9762735366821289,1770,1635,1,3,2,2.2736201189045495
2025,14,2025-11-29,regular,Vanderbilt,Tennessee,A,Y,45,24,21,5.5,2.5,DraftKings,23.5,0.9841395691037178,1827,1856,2,0,-2,6.4644006771448
2025,1,2025-12-31,postseason,Vanderbilt,Iowa,N,N,27,34,-7,-4.0,-3.0,DraftKings,-10.0,0,1884,1933,0,1,1,5.59897019075446
